oob_regret,selected_candidate_index
0.0,3
0.009851828816591829,3
0.06294893872832057,5
0.07275094329931664,5
0.0445085706396829,6
0.13710868921862018,5
0.022433076832654608,3
0.18671466007308277,8
0.027279086520848123,6
0.027685081416150753,2
0.057060700585767565,6
0.09787875379977654,5
0.03923930160130519,6
0.004657622678131176,3
0.07396643532990205,5
0.011934872267997276,2
0.022348128746288942,2
0.020618348297963468,2
0.003272786505626235,2
0.06437679561266774,5
0.017334633394666704,6
0.017050905387934467,3
0.060293137486967574,6
0.06541419804435838,0
0.010860804620388242,3
0.013122590982417318,3
0.1059540409626142,5
0.02051467996196893,6
0.0,6
0.01561863244989091,3
0.00327717734494945,2
0.04164627929378373,6
0.08721067616073673,5
0.04095882804691131,6
0.008724769348613826,3
0.03740500749778741,6
0.05352889177158661,6
0.02239726839206832,3
0.08593099563356665,1
0.013798396163960974,2
0.03051153951861267,6
0.017801186875858743,2
0.019008549612497122,2
0.02584458163644683,6
0.05470842851170844,5
0.022086822284302268,2
0.006602963872059997,3
0.0459668885988474,6
0.007546583843833138,6
0.059507972674040704,5
0.0332174066594554,2
0.06505910394580164,5
0.06893351644704261,5
0.037225310041976684,6
0.007798865666756694,3
0.0,2
0.06242114020950963,6
0.0833997681103314,5
0.07065377258851857,1
0.0032396951080353315,2
0.04417966386460272,6
0.00959770239862745,2
0.06343407967503689,6
0.03537349322073957,5
0.04684812978170941,6
0.015601998476408821,3
0.055363480851316246,6
0.008436000122539616,3
0.20182807103267764,8
0.04036035810298419,6
0.012333737519818339,3
0.05398596041795767,6
0.016597911209027316,2
0.05230353865806597,6
0.012175444397878973,2
0.11089515397195789,5
0.04031277120696325,6
0.01322444217235047,2
0.05932621893993563,6
0.013965689771631568,3
0.04100801421057039,6
0.03591440863638787,2
0.00841386264752797,3
0.0389891930813817,6
0.08504737077664601,5
0.013291423799002805,2
0.07235603934990711,5
0.02263209912614869,3
0.035553525848551204,3
0.012058707827789422,2
0.04873282642219809,6
0.030855260395875564,3
0.0,2
0.011408076356447958,2
0.009713512205752436,3
0.02163947354980761,3
0.012283793841441001,2
0.013531875584731873,3
0.019531119109439457,3
0.09016474059367886,8
0.076969979070926,6
0.0016915042210404463,3
0.060906641480682866,5
0.021365701015079272,2
0.0213625103578578,2
0.042357439597037735,6
0.07229270406033163,6
0.03561277563162395,2
0.07196965136116762,5
0.12781537905091395,5
0.05436186354944483,1
0.0483998747809051,6
0.06742093676811067,5
0.0034351768168940366,2
0.02366479076875079,2
0.039319612744518256,2
0.036931742517003166,5
0.05325736243001099,6
0.007919884962869994,2
0.015624349855183128,2
0.005986803207420621,2
0.05512727102283013,6
0.16380119790802702,8
0.013686585821288524,2
0.010021621044470519,2
0.060737057733169855,6
0.06191618223277719,5
0.025422913913530618,2
0.0774590009187632,5
0.013607192821150527,6
0.047235497863922365,5
0.07042593508427272,5
0.022954731103117118,2
0.13161690615125052,8
0.0,2
0.06732131530209347,5
0.014447207164968973,3
0.012371904483263946,2
0.000337150065326558,3
0.09199535690794805,5
0.08701713379111489,5
0.06082717505973684,5
0.013508249511408638,2
0.0055197568187799195,3
0.021319309840418355,2
0.016366335320116193,3
0.01574401136242401,2
0.007115460879682012,2
0.034992479214208144,6
0.012466813757198741,6
0.006251735977508263,2
0.019316636062603587,3
0.03244027138801192,6
0.05600936921483385,6
0.029192462390474114,2
0.0,2
0.019389452297119997,2
0.0571773119102177,1
0.01850704749245019,3
0.0,6
0.03742434938370395,6
0.0,2
0.011113157276600227,3
0.011212492580644329,2
0.015363400047062187,2
0.05184054871975702,5
0.02218224070629915,3
0.0,2
0.009869681719757356,2
0.012007449875360454,2
0.014208610357098639,2
0.015309212837936736,3
0.01727309645947389,2
0.011071731329697618,3
0.02536520519803763,6
0.012303761939771299,3
0.0,2
0.0,3
0.12415938740438444,5
0.007129324274384799,2
0.010869858604534793,2
0.019730714475555133,2
0.037788412883418054,5
0.01500346580021883,6
0.0003140285070843407,2
0.02258197461273012,2
0.02232966209838741,2
0.05530089474369013,5
0.07851831310746002,6
0.01106427313566033,2
0.06363656707971158,0
0.021408709791245345,2
0.05667679603199516,6
0.030796490729975395,6
0.054821126846606075,6
0.07765334409498734,5
0.19868938864505087,8
0.025147791014806048,3
0.015714996647287025,3
0.015927452301007602,2
0.027825144089471926,2
0.032336806314110886,2
0.06388999982837142,8
0.03303397003773677,3
0.013044830597653087,3
0.03829143276411523,6
0.04195449000894497,5
0.02295419446231961,2
0.04185163216598578,6
0.02859151588411009,2
0.03570445978830472,2
0.13617893764892824,5
0.016233766863132132,2
0.01734422926119661,2
0.016966162861507622,2
0.019060397719405847,2
0.026222559432712983,6
0.03564797800238806,6
0.01841514194925914,2
0.03703818125756406,6
0.16690370393325793,8
0.05335462275346606,6
0.03738971245604955,6
0.011401464589813337,3
0.04682791032605152,5
0.0410298410542804,6
0.03863501405940899,5
0.05059425221791658,6
0.04281955831540245,6
0.028744880509242024,5
0.03523646498489194,5
0.020980658948448416,2
0.02592920784099953,6
0.004398855081494568,3
0.06467202070530767,5
0.06774424630071738,6
0.027029953291537623,6
0.0144675702382967,2
0.06974712623179534,5
0.03692214684239192,5
0.02269959794864676,2
0.02330448749986147,2
0.006705660948773229,3
0.007168318398742685,2
0.011115552058171746,3
0.04884335265785428,6
0.021162955553600274,3
0.010512604384378954,2
0.01798824805804161,2
0.05006161542611606,6
0.01902102083880272,2
0.0565344389666385,6
0.04386119342448594,5
0.014437298010258212,2
0.04627337270842277,5
0.057799956471410605,5
0.08075594398993505,5
0.06667704388661133,5
0.04737511143991005,6
0.023230829092594968,2
0.06438161611580014,6
0.06067283031386782,5
0.0443092269544372,6
0.018426616912583724,3
0.05358583475535536,6
0.025094977378728636,2
0.035345484214625134,6
0.0659706329905474,5
0.06799996712795267,6
0.03269672715493502,6
0.06535650092563514,6
0.06497871980536316,5
0.025407476401030665,6
0.04028189901653789,6
0.007587727070616196,2
0.03266609558701131,6
0.021843299039978198,2
0.017373631725191796,3
0.026066567253792167,6
0.07132967791161136,6
0.040754505345895795,6
0.07161045683719613,6
0.022084106055368563,2
0.030912580057069372,3
0.0051318908913123296,2
0.012585436636267947,2
0.015454320081779521,3
0.0266047536798993,2
0.031969010492158806,2
0.014987192306685798,2
0.06417538535915102,6
0.02105439848816018,2
0.026798234564844176,6
0.04581507913090238,6
0.017369659573359397,2
0.08825398138252684,7
0.014128783840984344,2
0.005859970330318431,2
0.011545048100189775,2
0.03331265875260429,6
0.11603327125331003,5
0.009717662470299981,2
0.02602566629898362,2
0.12573573207518574,8
0.01277539695482377,2
0.037536406567634614,6
0.014600433513781888,5
0.07822715462433483,6
0.012035556249941182,2
0.0750601218379541,6
0.03125534387133816,2
0.043105267381910894,6
0.011677813867680242,2
0.011679685617116617,6
0.05882800547954746,5
0.018925939626266305,3
0.11387864371286664,5
0.06221854369623904,5
0.026332917864881206,2
0.024335995320738463,2
0.013287338875478324,2
0.010492115276469843,2
0.042156902658219045,6
0.014076073877735101,2
0.035883039648911236,5
0.01492992368626224,2
0.04223233009865031,6
0.007164214059914048,3
0.013280197843177688,3
0.06579738912581823,5
0.06849300969222977,5
0.02109508092904605,6
0.008841727605182093,3
0.023754709320204764,6
0.10569763060745002,5
0.037921042219577386,6
0.007492888959164973,2
0.022707355978041438,6
0.011461262934137004,2
0.10128415429243895,5
0.0810314336634549,5
0.02096122317621657,3
0.02876714628479761,3
0.013332305731181354,3
0.02017552171965209,2
0.0,2
0.02152034532318045,2
0.10132484932502325,5
0.005243394316704272,2
0.05496073221191698,5
0.016491816743611096,2
0.07138978284768879,6
0.014806073895279048,3
0.06382594750881287,5
0.0,2
0.012452090178737052,3
0.014117270172761875,2
0.13186733745625395,5
0.008324452587668563,3
0.03267565576539316,5
0.01726795133284653,2
0.01824102670218211,2
0.029615590866887392,2
0.0033541849875720064,2
0.01049259359417122,3
0.08453257803329692,0
0.002185770200102355,2
0.051976664092690306,6
0.07564676428734761,5
0.0156739742796832,3
0.023165152238129955,2
0.04687838610164713,6
0.05879759507815463,5
0.05291660611547061,6
0.025316147948575632,3
0.0,3
0.016807041900146757,2
0.05181633329336495,6
0.004899025903376597,2
0.2684616854924052,1
0.013309606752969425,2
0.022983272781229747,3
0.020593795561772474,2
0.09667788716565222,7
0.01596520099041633,3
0.06712813178897427,6
0.04696054333686575,6
0.05133714620193486,6
0.11284782876612665,5
0.0449274133578636,6
0.09843683401709447,5
0.03515910774349046,5
0.12821267202005368,5
0.024769224670224715,2
0.07387581211774447,6
0.03333319862240791,6
0.013068369396432883,3
0.010117874903160323,3
0.14435805369383825,8
0.03271956660564647,2
0.10318638880011055,8
0.014991413545057217,2
0.03802603223141744,6
0.015485656695785319,3
0.11608050539111203,8
0.013074456893808414,3
0.016734620080229523,2
0.0619904456235538,5
0.014101961852324943,2
0.022318482047901197,2
0.004732386733530325,2
0.014826858003313195,2
0.0745360470915014,5
0.02101530983651656,6
0.03884997751260627,6
0.058809969962880085,4
0.1037812680023374,8
0.026087015349104847,3
0.018755237760196844,2
0.0151384874481445,2
0.0033526630625327486,3
0.007745172894464386,3
0.021526220967197196,2
0.029655080386744206,2
0.11583570550007938,8
0.017641623929813777,2
0.029693864633886333,6
0.05935856820786489,0
0.004397601406622681,2
0.03179798990518928,3
0.015549602784533975,2
0.05869805161790753,6
0.11060575483630178,5
0.006355554364918317,2
0.013130164664052868,3
0.004049300700497249,2
0.00688786002713182,3
0.024917873450384362,3
0.012019912502588936,2
0.023680003798912608,2
0.0,3
0.0121475047148671,2
0.018564025599167644,2
0.0,2
0.09680574382503591,5
0.00886366634316238,2
0.013597615266746216,2
0.0,2
0.12828959163075396,5
0.004146586000989161,2
0.013066995437061482,2
0.07451925515598098,6
0.024809863150444242,2
0.018430506875186298,3
0.018399306592111184,5
0.07293007426546844,5
0.061979042601518264,6
0.0799375586593678,5
0.01529211776392067,2
0.014828003288408179,2
0.006501199041513847,2
0.022234447158192838,2
0.009027154156665107,2
0.014290760283721393,3
0.025686791420512563,2
0.0632520307453915,0
0.03622485748023896,6
0.04241514682346868,6
0.0,2
0.05608551517444482,1
0.014569859671564267,3
0.00871539080135278,3
0.010378826771096389,2
0.017126269794643323,2
0.05239739230055515,6
0.10550738963277861,5
0.10471705227632434,5
0.009870168498902529,3
0.05877352667004998,0
0.041239123860989546,6
0.006283357402993794,3
0.04862733406975646,6
0.10111703459516937,5
0.012543812332494478,3
0.033857422094371745,6
0.02820046481065236,6
0.028291167667612083,6
0.06307046885433329,0
0.03677553714600204,6
0.011695466477923425,2
0.07418313761598602,5
0.015279980447547553,6
0.013792230036104303,2
0.01315699206084145,5
0.020816156224113244,6
0.11352888553902729,0
0.010223366580706147,2
0.009225142761306218,2
0.044342088507908856,5
0.008244610839855865,3
0.07089342476668153,8
0.03278989424895501,2
0.01249866321922817,2
0.03088218471799857,6
0.007211586964570693,2
0.05314241068353984,6
0.01852245735133355,2
0.017666541485686776,2
0.025163736923115715,2
0.020763403815837078,2
0.006497524152261527,3
0.014431615596260952,2
0.025242945005123807,6
0.0,2
0.012139756850812727,3
0.017391514936278635,2
0.020185305192504027,2
0.024079988914615907,3
0.013499282784095068,3
0.041761977319757365,6
0.06386261985535144,5
0.01597946211568546,2
0.009511228134330474,3
0.006193103133087199,3
0.0953123066743236,0
0.022651055584194085,2
0.027413287258103533,6
0.022569327858230903,6
0.03010164161741477,2
0.001968986479990345,2
0.04098421464431895,6
0.030070883678856533,2
0.007635898767528043,3
0.020061854571326476,2
0.05373836289443244,5
0.00901952839183777,2
0.009596128465813647,3
0.018585450049490873,3
7.053384791691486e-06,2
0.01779761980235757,6
0.02058764333908919,2
0.009667329377799794,3
0.018621657254474386,2
0.03908031707531101,6
0.03905472442215373,6
0.000958239064523414,2
0.023639146666258354,6
0.0051764839991897404,2
0.010863888742381644,2
0.09604861484058738,0
0.08541185816194138,5
0.01860089590712824,3
0.018774638118085316,2
0.020225237193461088,2
0.009185613750841468,3
0.09065223671610798,5
0.07044073155560115,0
0.03822090088896936,6
0.056795778090010615,6
0.01405134173447864,3
0.023661756952585933,6
0.13363733207781353,5
0.018458019131374334,2
0.07131396934291942,0
0.05284921590373204,6
0.021690492485191906,2
0.06781516511443998,6
0.010284126092391849,6
0.02087151638170287,6
0.16035391053079773,8
0.028815263421503493,2
0.02710120894622084,2
0.011345870010676079,3
0.007494087444770148,3
0.08320768356906477,0
0.04344725004586947,6
0.030306716807459888,6
0.0022418327465575233,2
0.023800243114568104,3
0.011435509949511757,2
0.02699205365641802,2
0.052036553346999664,6
0.03914084520774974,6
0.06299453776363925,5
0.025690441446122772,2
0.021368933323133596,2
0.05517397831482021,5
0.09583798809959425,5
0.050754717260988444,5
0.031403355591857626,2
0.003649631849169277,2
0.009396379684880718,3
0.03728329558070213,6
0.00902860929702605,2
0.03220425526978521,6
0.08797970219095852,5
0.052364734959733775,5
0.001410344838231034,2
0.020123878164190756,3
0.014085746885592831,3
0.04132533512057682,6
0.011190678793549666,2
0.1386136699212851,8
0.02112672753913941,2
0.07177477449511813,5
0.03387332786000444,6
0.05502114279633895,6
0.27292263630601193,5
0.11140980270611144,5
0.008367503315722696,3
0.0030714920385125494,2
0.08570847264031076,5
0.013159333165519552,3
0.017002475410882692,2
0.024240917598007117,2
0.07555079123891076,1
0.013055136069211937,3
0.1073441373852556,8
0.0136481014687444,2
0.054220674236841085,5
0.021626432992217143,6
0.017914144709124835,2
0.010670100451967424,3
0.030481122881914235,3
0.04571702124458435,1
0.01858557035613656,2
0.013081205489993752,2
0.013516454106400122,3
0.06640292946325127,8
0.027085031688646843,3
0.03177852429996231,2
0.02384394808615918,6
0.008974847850432788,3
0.16043382033287606,8
0.026495494899785102,3
0.025611406380727036,2
0.03716554135812941,6
0.006370742496727061,2
0.06110882534924486,6
0.04905426767919101,5
0.0062626095723376796,2
0.014101963009811563,2
0.0008177624645687581,3
0.054227602102527195,5
0.014905629560017009,3
0.022026197155186028,6
0.02829698285540591,2
0.007058150605066871,2
0.14372330655971155,5
0.019228060545833606,3
0.07979084300392404,5
0.06859864077445352,5
0.12978374575108137,8
0.010890308546961186,3
0.012330945774496324,2
0.02316956408888099,2
0.061521874967504234,0
0.013340993834265624,3
0.07260928622656222,5
0.05412892322105807,6
0.08836331335360428,6
0.036237181471206664,6
0.03352336788706321,2
0.005267051206400503,3
0.026424404369318408,3
0.05248295790726738,6
0.02166216397761221,2
0.1409865806548848,8
0.012326833923352487,2
0.02155918623316616,3
0.09678018342597937,8
0.13507524856609418,8
0.03610887815660277,5
0.013987010300178349,2
0.021793270769373346,6
0.023554207750941414,2
0.012670385139943285,6
0.11949834120268393,5
0.008139621648079715,2
0.010360003281227492,3
0.030188526996983586,2
0.01777412985633306,2
0.07959590957677004,5
0.05428259631576551,6
0.05047291213174532,5
0.0,2
0.01754440407819008,3
0.0270782238391397,2
0.002800399107756188,3
0.04078317095756469,6
0.020892426619023116,3
0.05941987706308431,1
0.07047339691571922,1
0.025725307436252898,6
0.06233594815838822,5
0.0037798017907756665,6
0.027293081269883196,2
0.048360889526990136,5
0.011512147552800778,3
0.014097506691558237,2
0.04078021525249825,6
0.03555376555085149,6
0.00648531087315854,6
0.04547813403617054,5
0.007307126986547938,2
0.05964029927490942,5
0.027124923016102517,6
0.009250429492354217,2
0.0069868329330127765,2
0.01719064466265177,6
0.012317113138559946,2
0.011593815623315407,3
0.021858440073404206,2
0.007668126532601349,3
0.06938085099007643,0
0.02331654215011497,2
0.0016067150283740755,2
0.037390324636912206,6
0.09569505455473812,6
0.03631937773945945,6
0.004200228150075647,2
0.01856894894292649,6
0.006277286019617828,2
0.06859261487483342,5
0.017011613202279632,2
0.044363425078834604,6
0.10731741163998315,8
0.03764621261420581,2
0.08421383105791136,5
0.03888845764765636,2
0.05973374044892227,5
0.09237333375125809,5
0.047284528309996215,6
0.06004122868689474,5
0.03764795173229046,6
0.04091366153240884,6
0.02233713624949682,2
0.013010158784694137,2
0.009567657303552066,3
0.06657813355354003,6
0.07776275714485897,6
0.011497249718472075,2
0.009190865339267135,3
0.010923476021339584,3
0.017186971081719377,2
0.01658573826111444,6
0.05359462040523158,5
0.007556895271354586,3
0.025294141897179517,6
0.05833125748945718,5
0.004529869714163914,2
0.07549293608808033,5
0.027108878362724423,2
0.025748621367793628,2
0.021615295122781278,2
0.03306169819570645,2
0.02633309778379364,2
0.016601882295289902,6
0.018594109700629857,6
0.016162312792327105,2
0.015612503567192543,3
0.08806719287744641,5
0.017182031161392775,3
0.0456316869535173,6
0.034639186597526975,6
0.030954094653678765,6
0.005391460745956367,6
0.0009871490680036787,3
0.06169737269185667,1
0.00018995945429778338,2
0.07161456640963368,6
0.0,2
0.11132689483780804,8
0.027321156591293555,2
0.0025720414915977874,2
0.0,2
0.0025961772380935777,2
0.0453879428317171,6
0.0652454547237353,6
0.006445604253444703,2
0.019973414097757602,2
0.14000784873305092,5
0.026321606194374833,6
0.04794305365618859,6
0.01721337127006166,3
0.08338144242853897,1
0.07835744130196165,5
0.021092700869415754,3
0.0,3
0.055814654852056195,6
0.0522956448967829,6
0.012583627919612747,2
0.1115211420150576,5
0.022774220764018555,3
0.044878272894970414,6
0.013719193714879424,3
0.00795837082365021,3
0.06298068871788096,5
0.03595657734071184,2
0.011386249265087134,3
0.0,2
0.054064415924731324,5
0.007176521905448652,2
0.021189287283895242,2
0.10850260493432418,5
0.06457003365750277,0
0.043324011617724256,2
0.02123407810341725,2
0.0463925999497065,6
0.07786584270352644,5
0.06042712414603424,6
0.02539890096440589,2
0.004708294118514339,2
0.01954815177549203,2
0.013596788166800322,3
0.05565345527147471,5
0.02708781890095524,6
0.01844876618687314,6
0.09171716843036651,5
0.007646034172265406,2
0.011867063041548359,2
0.028730083459415967,3
0.007041566651897202,3
0.03093301980814693,2
0.018861550212763978,6
0.09596873618041785,5
0.0076991405802464274,2
0.0934959203310448,5
0.05126363853878199,5
0.060936537305844723,1
0.011045534405342936,3
0.07225258582707393,5
0.011208770654095257,3
0.029212765538288735,2
0.012314220744169158,2
0.005231672027041612,2
0.0071078348665114255,2
0.03786468401551893,3
0.019961240557540144,2
0.029628361261130748,2
0.008683077407261486,3
0.06288145536226232,6
0.046115159862269314,6
0.09138924164296405,5
0.015608010806569414,2
0.0027530998945613505,3
0.039226412680580025,6
0.14800886857567075,8
0.009315695824752723,2
0.03645727312550384,5
0.03353351113234743,5
0.06810761916952213,0
0.01470252174645309,2
0.015114174585934767,3
0.010452362872109988,3
0.0623645781247104,6
0.008693565546959797,2
0.07296800960126848,5
0.0027795188317809583,3
0.055636933518054765,6
0.013630166447519021,2
0.039938467876740505,6
0.05415449702156211,5
0.013861977471501169,3
0.05084943405873807,6
0.11606181206547289,1
0.007879802126780688,3
0.0060164064880526,2
0.07613886750743581,5
0.011330833216344954,2
0.0028571607738068494,2
0.057632432130431954,6
0.01448859487755029,6
0.02277435739758836,2
0.018060780000267812,3
0.041967138163385015,6
0.002226080611770015,2
0.041819274770570694,6
0.06198207970721187,6
0.017823045549899857,2
0.0557592998462057,5
0.017245474511665138,6
0.03272457403727161,2
0.05474586809607393,6
0.0026187940318522784,2
0.03920324789170157,6
0.04988431068227081,5
0.02203748516019588,2
0.13564528551120436,1
0.023270671465584813,2
0.016030039415012118,6
0.07164269734079319,5
0.005650871693261339,2
0.02688517322560474,2
0.06156575058363406,6
0.013134765152239589,2
0.0003951314237361919,2
0.03994494561931222,6
0.0239669087497153,2
0.011470633501089789,3
0.03214417442456148,6
0.014876651315256409,3
0.03175088985240414,6
0.01036331044209765,3
0.06919342047211233,0
0.0005625655469921331,3
0.04658120532436866,6
0.02009446514897481,3
0.014338076677440692,2
0.03736448230798742,6
0.014143399472427542,2
0.08855414857117436,8
0.03725406380384694,6
0.018295579987804844,2
0.026077126042888532,2
0.07170943030393714,6
0.0017087675302736721,2
0.17660456780002434,8
0.02269846999492564,3
0.024338087098816796,5
0.08654014372487111,6
0.01016343482187998,3
0.08720398173085026,1
0.05273299933079234,5
0.018793854300639234,3
0.1358623307022778,5
0.06159075646209053,6
0.05935590836226237,6
0.1090607539701603,5
0.09572147919847612,5
0.07934105731275515,5
0.05677423524600786,5
0.042912808472676894,6
0.009304788573958986,2
0.01898151027052683,2
0.01387261889951144,3
0.010021756989152197,2
0.057470994686531274,5
0.010405408383619225,3
0.012651899484894702,2
0.09079251142774258,0
0.0246739248532781,3
0.05618286114202198,5
0.025779385436940805,2
0.020145236940003752,6
0.08631428227561615,5
0.04684674109647616,6
0.059584220941233446,5
0.04632797115276463,6
0.023047632571968735,2
0.08156531085869397,1
0.03500376159197788,6
0.012772071365308668,2
0.010209597688431785,3
0.01521267523076908,2
0.02642351303314497,6
0.03062109343050097,6
0.010870356248779023,2
0.09996126892661425,8
0.11435887722255217,1
0.061294960447393326,6
0.03049984143189355,3
0.031358760855104265,5
0.022250061190994472,2
0.013384527774268795,2
0.01785523436935707,2
0.011438792501395137,2
0.019606514980641282,6
0.0,2
0.01723491053413745,2
0.008172310584086434,2
0.062455010153316545,6
0.0645489603333971,1
0.04484122303528225,6
0.18892101918830134,8
0.054938139825986845,6
0.04936245741535793,5
0.017750708712665764,3
0.026388579294604475,2
0.07299148186175315,5
0.061493361313441935,5
0.04676703211188177,6
0.1043255512662234,5
0.02009930693813808,2
0.033830097288376534,2
0.02961842997268152,3
0.015246816097099103,3
0.017390068693564187,6
0.006954257521655266,2
0.015367183096586023,3
0.013932811977271795,2
0.01847177859700598,3
0.05009134395471615,6
0.05631121661842861,5
0.02396992783898727,3
0.017583818914818944,2
0.09002706454471263,5
0.002349212799328787,2
0.010778352182057804,3
0.09261192337709807,5
0.08228501464141963,5
0.07557711241386775,5
0.011412920104658109,3
0.003851024701363781,3
0.10221464768495067,5
0.0412575288160614,6
0.024010276058350544,6
0.005704807009690588,2
0.019825707273206122,2
0.03898862279751661,6
0.021669398608428397,2
0.08515067776251872,5
0.028411768154256167,2
0.04981677395597012,6
0.010634386080460911,2
0.028403993447445236,6
0.011921272864108517,6
0.011491197108119952,2
0.027386669027532812,2
0.00324468994996098,2
0.018448296716185975,6
0.030338135770224914,6
0.035661156339527586,2
0.015863617015247522,3
0.011893568287608874,2
0.015470846075582911,2
0.010073512523684575,3
0.04856754296856419,5
0.007076671522860012,3
0.006791178293122618,2
0.0,2
0.053074237597240004,5
0.09424148246683575,8
0.006112048489589739,2
0.016978983027770816,2
0.07829897651623348,5
0.004012672511752274,2
0.005933593586125982,3
0.01929112656911039,2
0.0028791807893563948,3
0.014205988003171077,3
0.06914766605605288,5
0.01362228419095475,3
0.05799852957325438,5
0.009908323213959028,6
0.01113712136045962,3
0.06489907716678023,6
0.015275603801484072,3
0.02270413737727711,3
0.010123587377443441,2
0.01163314717878057,2
0.013437182771562778,6
0.08022867718746261,6
0.04383211099167547,6
0.020006051331229097,2
0.02772250372105428,2
0.0,2
0.03886656490785628,6
0.0675151280841363,0
0.02267404703270029,3
0.01905322483390927,3
0.033389522626797355,2
0.010004313058403214,3
0.004977164253161137,3
0.05414256522796122,5
0.008069795366207694,2
0.02534034283582151,2
0.008703450940766175,2
0.08989220595979175,5
0.014090975372788889,3
0.01745125170259043,3
0.008146130361606871,3
0.015758796308651832,2
0.026415243254066023,6
0.13769564621514865,5
0.020308092548732032,2
0.0030596473893918785,2
0.011989323016414088,6
0.03365018612439269,2
0.0540086054824844,6
0.02324049635621217,3
0.012565411043850422,3
0.01893058044840301,2
0.06147014888046237,6
0.2925305877109964,8
0.0,2
0.057137039082206034,6
0.02695457505953673,6
0.03141639694061124,2
0.06301040435624602,1
0.027210116721271813,2
0.030989788582566652,6
0.0847979973395599,6
0.02173985913388432,6
0.10007407494234938,0
0.020651754983701517,2
0.082181023874284,0
0.03889312686580519,2
0.10235512205461651,1
0.013380188056763831,2
0.03562498558384089,6
0.007700134758842139,3
0.030604533737359177,6
0.0175115053027671,2
0.05184474463385588,5
0.031564251309582514,2
0.029971243041373163,3
0.016170394804970123,3
0.05637033835723157,5
0.05519498703842732,1
0.014542889870030024,2
0.08358749250936615,8
0.0,2
0.011720361985754157,3
0.0656460799937651,5
0.019285820801924355,2
0.14256886485434928,5
0.023111164940092244,2
0.002246945591377447,2
0.020205280354386138,2
0.014809394532471556,6
0.01415137144330586,3
0.016165701893183837,2
0.019600118744131062,3
0.07919812746740487,5
0.022420228680963383,2
0.01003949709882937,3
0.049586800232040484,5
0.044523953886423925,5
0.011020147529141697,3
0.0031849752133098486,2
0.07215742273536953,5
0.038559956356984226,6
0.02321492088784874,2
0.010691873975506291,3
0.02484958265514714,3
0.02777934190255496,6
0.017937969966765832,3
0.0014847783171335338,2
0.018863975347106432,3
0.06647515653515733,5
0.017584146467295503,2
0.06490489846612713,5
0.01410841939220045,3
0.007332101257276624,3
0.01949997100324366,2
0.011761551441506923,2
0.0,2
0.021250325323634522,2
0.051187648651339276,6
0.009128362961578373,2
0.021543749816552382,5
0.00814278294714367,2
0.004063031778708787,2
0.017042063343582797,2
0.007233032063182265,2
0.07436057949353941,5
0.029419405667889864,6
0.03340234883138293,6
0.08403681414836298,0
0.017108329309774642,3
0.015965526610572572,3
0.05464656614608082,5
0.004480247927927519,2
0.017572088221582544,2
0.10089817508718303,5
0.019150344129197944,3
0.03359391123612568,2
0.09147003994355016,1
0.010389855736593456,2
0.04520933065579365,6
0.015068341906366717,2
0.012238966806205315,5
0.038130206977124895,6
0.026855979688596265,3
0.053398402822026694,5
0.01310156782029831,3
0.010955995075962677,2
0.050148562821497294,5
0.0,2
0.07078120591313292,5
0.054597124334616054,6
0.013256041630364077,2
0.0,2
0.018889119379789404,6
0.011862756675345587,2
0.012707955390660108,2
0.04935628930035954,6
0.12214848552986865,5
0.019787564906691563,2
0.015155579847471956,3
0.06388819062444398,5
0.05554939267012832,6
0.020951096721546908,3
0.009810281981991686,2
0.01713964667335105,3
0.01683949265218082,3
0.09433034920794374,8
0.009978783258600465,2
0.016773857372706605,2
0.052466825362798175,1
0.04146570499507188,5
0.009186790879433873,2
0.01740308079843525,2
0.003314094062985773,2
0.08144730750692361,5
0.023165885710038664,6
0.006668138244230196,2
0.04438513123833293,6
0.02002563929399276,2
0.0800963287955018,5
0.0026717984358132774,6
0.12997396161770586,8
0.004241181845964559,2
0.020004996942541153,2
0.0019111395299751116,2
0.024083419279006868,2
0.02445120420028761,2
0.02448359442026299,2
0.0,2
0.004271660065953753,2
0.057475294652078596,5
0.01290413055687295,2
0.05880410047102183,5
0.04806802602854393,6
0.02254334319022447,6
0.037033121412828524,2
0.015063422614055508,2
0.05800279596778528,6
0.023791657172577946,3
0.005531094746942522,2
0.049935934552992986,5
0.06549983142011812,5
0.048061491419488137,6
0.013553273367371665,3
0.005423090112682702,2
0.014464203497991684,2
0.11856347645699528,5
0.06146923094435988,6
0.09546026965248239,8
0.008111926135151742,2
0.05564367852136154,6
0.059111544721243386,6
0.009248219881274361,3
0.020757155250690856,3
0.022579313904301457,2
0.1229964112178112,5
0.015534277514450592,2
0.008444266474391435,2
0.01891987739736789,2
0.056638435479776844,5
0.0075669444571008215,3
0.02471041550891384,2
0.049393703100681335,6
0.019820711152752288,2
0.012468445221079344,3
0.0183712630224485,2
0.013639265687379526,6
0.0,2
0.005619446236406617,2
0.0269882500988763,3
0.016863714214770828,3
0.0194862373651358,2
0.031879360632194806,2
0.011996742454638581,2
0.026826417869511288,2
0.02232425923469744,2
0.03838185079077287,5
0.05328215037040042,6
0.015259667708840935,3
0.01789872936770355,6
0.012217911879575744,3
0.0699870792696517,5
0.008706408942165733,2
0.0331112125915443,6
0.020492020570898883,2
0.005230933670549498,2
0.03201054581211912,6
0.014269143903011455,2
0.022036102383880943,2
0.008413875337376725,3
0.062070712478772466,5
0.07801578696119443,5
0.009915919218524069,2
0.023887702577803496,2
0.04563328230668032,5
0.04742094846971598,6
0.06261523262537678,6
0.0,6
0.08580837972123376,5
0.0027136352458067003,5
0.025840424529380387,2
0.012994074060094202,3
0.0071527213546598994,6
0.028274006899099396,6
0.1278177056724905,1
0.07510350409634564,0
0.009806957036232716,2
0.016635778008913985,2
0.02701403245224987,2
0.007097848136487353,2
0.1000279002374358,5
0.01963388797121271,2
0.004279327129410926,3
0.044289909714814946,6
0.022378758956054123,2
0.13967630595596067,1
0.028161840862297782,6
0.026092818432124687,2
0.03344491449935445,3
0.007864929472533116,2
0.03155836382454563,3
0.0,2
0.025822698332382044,2
0.013783062812109087,3
0.08677726821074805,0
0.0,2
0.05969797192818732,6
0.01979087264405778,6
0.00877420999028819,2
0.10232486673753775,5
0.05011103840598097,5
0.02490915494177963,6
0.061011887850676266,5
0.030593967212296125,6
0.02045738315888579,2
0.058341097843578396,8
0.01142696744831767,2
0.03400225443332397,3
0.06942660809777522,5
0.07630111833398828,5
0.032259574517076006,6
0.15159703641771258,5
0.062263350048830685,6
0.07290116815045712,5
0.020055500030551288,2
0.006059438123381153,2
0.017599969324876924,2
0.012568326013236208,3
0.05272729929147124,6
0.021472783229335213,3
0.0336351021828577,6
0.013975254091094305,2
0.007035822101700812,2
0.28428548041505713,5
0.022645577440058004,3
0.017612133347956915,3
0.0,2
0.03901943394981286,2
0.007415612015154033,2
0.013303687242484374,3
0.0119450380888413,2
0.11422183394778826,0
0.013977656581905695,3
0.060446763281360644,1
0.013381385609019858,2
0.024973110993038686,2
0.017492276104317486,3
0.01604283862395782,2
0.03319754327446123,6
0.05708275944977839,1
0.0,2
0.09691383353444571,5
0.1114117774902899,5
0.03848621614432321,2
0.03003206938422498,2
0.03472557468431675,6
0.01241335995483328,6
0.03931181656741581,0
0.03730979178274056,6
0.0,2
0.08751054356142754,5
0.011803422929847873,3
0.04942971027475608,5
0.0203639618349791,2
0.060652879260533143,0
0.009711220532112347,2
0.10469791784141745,8
0.03630273696765139,5
0.025052363997017282,3
0.020744377118619872,2
0.04501386509501239,6
0.011970315823601835,6
0.029676494473670087,2
0.007106318535669315,2
0.04985829137613143,6
0.006553608088345389,6
0.026559846583975005,6
0.011704757950458583,2
0.06805540196090043,5
0.046915828991875436,5
0.018300927274906176,3
0.0381178643283282,6
0.02427174453852607,3
0.030504162475705865,6
0.01607890912694493,2
0.03160662030794026,6
0.07762372228881262,5
0.0077765971912899245,3
0.046313699185045715,6
0.006391934561128007,2
0.02260328616720192,2
0.03666564497631823,6
0.012926589163175128,2
0.046996985345764936,6
0.08278221159604135,5
0.008425188120487814,2
0.01257286972031868,2
0.0,2
0.005899055414865184,3
0.0071206969648530405,3
0.047310507582315475,1
0.014107878049968853,2
0.05031060560668367,6
0.08739583684084262,5
0.021919457135250703,6
0.010838793970670474,6
0.07975358275907843,0
0.025877506409056394,3
0.015257609959425766,2
0.051115713975232596,5
0.05724679767349693,5
0.12185318189781268,5
0.03393314786590071,2
0.06766308054363669,5
0.02339474145654971,2
0.05927110040621546,5
0.00674436120801325,3
0.009387943369562751,3
0.05342356044963634,5
0.07595260891803995,6
0.003975573913816061,2
0.04523641175331693,6
0.014352529518494389,2
0.02488993115549118,2
0.043679133362119926,6
0.004231791848782168,3
0.011092981568343596,2
0.030508800532985103,2
0.0029588944526011407,2
0.060211190105485646,6
0.04036230312954123,5
0.02061862289101557,2
0.03730596043941738,6
0.051831685536854716,6
0.02130537093775625,3
0.00028876396951832417,2
0.06265593678024832,0
0.002006544732372051,3
0.11973810309558258,5
0.02878719998947099,2
0.004314321579460087,2
0.010176467833915237,2
0.0211061373631663,3
0.05900730011549468,6
0.01831288748596964,2
0.06424330242622348,6
0.05585043392552998,6
0.010687255029992238,3
0.030932513853121776,2
0.023335208016155046,2
0.0779744372893439,5
0.05367127043337856,6
0.005360739063784939,2
0.026183472506821653,2
0.01165696989642137,3
0.021383192739612672,2
0.013393926132764258,2
0.015171399208997488,3
0.022057633070153737,5
0.042893359560321045,6
0.022031296522327798,2
0.013305073521615807,2
0.011771010218397826,2
0.022504737183956097,3
0.040499358285897166,6
0.018265376346459763,2
0.017629042903516773,2
0.0964152748293278,5
0.05041088673094317,6
0.014680451035696332,3
0.06926945845485073,5
0.01583774627577615,3
0.005630025267007122,2
0.04456541174590101,5
0.006936307691696619,3
0.01395608684883963,3
0.13065096183221103,8
0.027112973679880262,2
0.14402556488440105,8
0.005968872926504359,6
0.03231186313619888,6
0.005925295338583381,3
0.016833690038694532,2
0.020824537033357127,2
0.025001387764346572,2
0.008262694471125959,3
0.0031108143429396246,2
0.015488675909677396,6
0.024838131088279355,2
0.011607102644983658,3
0.06747631771518436,5
0.0675813599798788,6
0.00754847615880172,3
0.013535694781121294,2
0.010558926245031089,2
0.0076574623017293675,2
0.03982076246340782,6
0.007022409500126406,3
0.014954953099765148,3
0.024103923584064352,6
0.017670539043642047,2
0.04837162077761695,5
0.02943930070313007,6
0.09353540746233704,5
0.018230535320967717,2
0.008309499190004899,2
0.023926313691767287,2
0.03306011098955519,5
0.023758914699023997,2
0.026516141669147675,6
0.03847002176648323,6
0.04421678606835801,6
0.006799140564386963,3
0.052267049776887536,5
0.056565183807035416,6
0.055803823579594264,6
0.035974358692169806,6
0.016644507389462077,2
0.025738133455073905,6
0.00681498492769074,2
0.013763692454102167,3
0.019951803193490797,2
0.059165434568433956,0
0.09370886849363885,5
0.017463313794706725,2
0.06476508732587016,0
0.12663355367013487,5
0.007383339219294002,6
0.005550421829225771,2
0.005885708409767931,2
0.0033783468443546877,2
0.060517841814342804,5
0.09477726096014766,5
0.03450327143450424,2
0.04367899343663528,6
0.05479649419158793,5
0.08100041059169641,5
0.03522787325656748,3
0.016118147055879106,2
0.01306497504036118,2
0.034868042574132896,6
0.0607528062035364,6
0.006476486143246682,2
0.019244830249992143,3
0.010666832692760461,2
0.023968406291788563,2
0.06354887907635201,5
0.012067304738056242,2
0.039361720416977275,6
0.1444461081830374,0
0.06687186438442166,6
0.06781917419107908,5
0.0048869674254547885,2
0.04415951630556808,2
0.0,2
0.008971122348456734,3
0.060127947692735675,6
0.0176754515677299,3
0.0713545207448243,1
0.016959576611638924,6
0.005637173049961308,2
0.055763873351793614,5
0.05804155635370922,6
0.011168199793943068,3
0.02987058692763829,6
0.04823905404010678,6
0.01036303670770039,3
0.009527997170666394,2
0.0311585185111848,2
0.020243802646519482,3
0.025608206763612265,6
0.007420141040722028,3
0.06853260357344108,5
0.05369382469708328,6
0.021936745120030007,2
0.0559717527711371,5
0.04877610331084585,6
0.010315139584310962,2
0.10736768558137047,5
0.004162464337671687,2
0.003932778001550397,2
0.013300556712778605,3
0.014564915703725895,3
0.012975118603128846,2
0.002780820376131185,3
0.01987318029347787,3
0.10760820467868643,5
0.028839148261811887,2
0.014191934157232272,2
0.051986528356530906,5
0.024515282265980792,3
0.05739087998031789,5
0.07313696401405972,1
0.026431255603758586,2
0.02047900522699514,2
0.003928779461708984,6
0.07601982950024243,5
0.0005055182396972308,3
0.08357219670712814,5
0.04008481615737976,6
0.05353344977852757,6
0.05129598361619857,6
0.02524502181357835,2
0.0214261589563165,3
0.05617281616921807,6
0.06123181851134571,6
0.11223078263436202,5
0.008896583891786103,6
0.005710594231688543,2
0.029414891927003722,6
0.014967075745615316,3
0.018269016124993265,2
0.01237895594546004,6
0.01174688252639075,6
0.020405153612662805,6
0.029772886757409578,5
0.012270722488699648,3
0.0331488350453428,6
0.05281649606635762,6
0.0,2
0.007874706216525681,2
0.011077829332119482,2
0.01742989220968398,2
0.059707050461440536,5
0.0031330872067811405,2
0.015818311841228908,3
0.034144658668822755,3
0.004410931541350832,2
0.02800300535702066,2
0.06795605470008464,5
0.05028910517720554,5
0.008941267363325511,3
0.01486444722655518,2
0.010042620666984844,3
0.0827406499786641,5
0.02249149931753973,3
0.01578826100142655,2
0.02427077596966394,2
0.08058310069781446,5
0.01733775376662028,2
0.08316927752460551,0
0.01774039516516751,2
0.061929855932072786,1
0.03518814977712845,5
0.08480732180443407,5
0.01361359800361997,3
0.09135661944913268,5
0.011249079885079422,3
0.03370021212194023,6
0.019059189007951338,2
0.03000429594480794,2
0.04139058046082664,6
0.050242269080274765,5
0.022016190097435273,6
0.009305597255701736,2
0.09178526287483388,5
0.09468233795064313,5
0.044843286508859576,5
0.035538905611506466,6
0.01771904329165888,3
0.028657449679727956,2
0.01645772109068748,6
0.02863288219140442,2
0.03754667269510828,5
0.027591572950344312,2
0.03709090008842378,6
0.0,2
0.015974853239189957,2
0.025376815007674317,3
0.005060930707339761,6
0.0315737714923531,6
0.020441029816502504,2
0.014140045529022607,2
0.06342787641009416,6
0.04600509653525631,5
0.09302478119836469,5
0.028093872869543596,2
0.02278821798514863,2
0.0318744642922793,5
0.016521896237174927,2
0.026871674216162336,3
0.0012603643212375226,2
0.01871776112501289,6
0.018869610963617056,2
0.02353454521157336,2
0.06506649796990682,5
0.030669080077298405,6
0.04705829557437416,6
0.005904582449425655,2
0.0058116830300266875,2
0.02214662264786428,6
0.03952939165290695,6
0.00651247504897956,2
0.015441112908684232,2
0.0508032937723832,5
0.045645087130511464,6
0.04489126593395715,5
0.04584282790491734,6
0.03394082869357083,6
0.17608167229039517,5
0.006280470900833529,3
0.008722618661251652,3
0.010044348598935243,3
0.018054419383624273,2
0.010513231426370492,2
0.013609769021414767,3
0.01589579622392684,3
0.0076606069319186815,2
0.017447978622538954,2
0.030913862177976772,5
0.014029634645128963,2
0.06931504105470833,5
0.018476915452773413,6
0.018158799175958654,2
0.02182410138784363,3
0.0361157857765787,6
0.008657738842206192,3
0.007668772950141067,2
0.0,2
0.0906540626035606,5
0.025572797910060868,2
0.04497760158614711,6
0.026796781764405045,2
0.04447277943723785,5
0.013733698352907109,3
0.016633854039602852,6
0.0087265712371669,2
0.013701456881595991,2
0.03858116661316058,6
0.0030077119315884693,2
0.008331360366434254,3
0.0,3
0.05681030378101719,5
0.014219319039676409,2
0.030220993204652838,2
0.008976433637276113,2
0.013075990805844914,3
0.08969339402097413,8
0.020229487990105904,3
0.020441174796958436,6
0.04747458447924516,6
0.01719895726862644,2
0.02239105436740879,6
0.02973643914643892,3
0.07764257390608562,5
0.05427354441333081,5
0.0,2
0.0039851127201297465,3
0.054460468639622894,5
0.09352725132401138,5
0.026476171873540677,2
0.027262966662166238,2
0.006190855118110239,6
0.04591052487478814,6
0.024711048880051115,2
0.03512655278056087,3
0.05664928586431449,5
0.005315579530382419,6
0.03315521749441097,6
0.0412014893426485,1
0.011323325314049795,2
0.061876669999678904,6
0.013696506554214283,3
0.0696138363860472,5
0.016274133461450846,3
0.03823415760486645,5
0.019150402963768104,2
0.024888268542505837,5
0.0037288793951864574,3
0.07286167497290869,0
0.0148586685152238,3
0.0167050078773424,3
0.06008245931886816,1
0.02151952326008298,2
0.05936150521297849,6
0.1179522972633326,1
0.004834585827130658,3
0.030383056110871415,6
0.1094026567533957,5
0.023212397604531865,6
0.030911433445599268,2
0.029586924303721715,2
0.015582562643607842,2
0.014953842041212723,6
0.059765587585198315,5
0.058543935895275345,6
0.027259418284708348,2
0.06042753146294516,5
0.06672696232940045,5
0.0655605149576325,6
7.974047145244134e-05,3
0.001915427991095231,2
0.10214158500952161,5
0.0249189874336483,2
0.025583596060476582,2
0.020729382110345584,2
0.02544545953195171,2
0.014059286596667775,3
0.08149296761994053,5
0.020909777685033173,2
0.10495811344947327,8
0.013624127357664523,2
0.03895672227934244,6
0.014200632924073808,3
0.03658867116876374,2
0.00910005829193615,3
0.003732468198153968,2
0.004394227845047671,2
0.03093922010711203,3
0.018527304796045294,2
0.04435893716348882,6
0.07323183316309546,6
0.01605625769333524,6
0.011822798795880343,2
0.10959588958985152,5
0.02474857569756074,2
0.034009005402436995,2
0.04665455859394545,6
0.07005611812113494,5
0.025839739689554497,6
0.019879931566141845,2
0.050867775075078836,5
0.001783266702848632,6
0.03866518924865947,6
0.033083019898248134,2
0.0331729349217266,6
0.02354944664519204,3
0.007160558971447253,2
0.042507096197749505,2
0.03096646959424658,6
0.015820716126489498,2
0.03392528299061895,6
0.030852547169560166,5
0.010652431078912047,6
0.04176348814768081,6
0.054118501240474695,6
0.013521096791747886,3
0.032102682406852906,6
0.02740054210265877,6
0.01006295019351347,2
0.10055809943560404,1
0.016893394289406283,3
0.04181439224791027,6
0.017613954116941485,3
0.08645807710304301,5
0.07444293151699151,5
0.026307699612400634,6
0.018136192973908116,6
0.07816734327643912,1
0.05041750666016291,6
0.06498888587680429,5
0.015102341366817651,2
0.022552131698092864,2
0.011721394696635828,2
0.020085536831334225,3
0.02982039939321543,3
0.026377193282994316,6
0.01059495201705049,3
0.03963959122378655,6
0.04367028839340921,6
0.02660184198068888,2
0.034772826389665404,6
0.023799757300405344,2
0.021231792799913524,2
0.0774664593188758,5
0.002059453788943011,2
0.041407646481097196,5
0.024511756579325486,6
0.018609648337713586,3
0.013648934843400434,3
0.053775167375407495,5
0.05557724387066952,1
0.08615442810323867,5
0.0377676612717531,3
0.05059687353469372,6
0.007410993532937241,2
0.05112690831361244,6
0.029747886939331836,2
0.010633963925689091,2
0.014352616070567453,3
0.028456153331124792,2
0.07544928943329043,8
0.002981911591255035,2
0.030416668648062084,2
0.005448626104971543,3
0.011034645330988302,2
0.01684214975595505,3
0.07830326202370946,8
0.009142627855508123,2
0.10709412732281624,5
0.01589752304644379,6
0.036131232679018535,6
0.020210397192971588,2
0.009661275487742177,2
0.010433750332062883,2
0.019651267647953996,2
0.007597910401485428,3
0.022433319905909674,2
0.0688040737998468,5
0.03338687377209666,6
0.12322395667461483,8
0.0026553539270944004,3
0.01370404956840865,3
0.05128856560816625,6
0.0,2
0.020670246588216742,2
0.006603272911887642,2
0.010347388989317488,3
0.05900249077611558,6
0.007404069488819734,3
0.009526070828464406,3
0.022577587586119524,2
0.009193319255883431,2
0.07630540084604048,5
0.013452176159007817,2
0.09683929942816338,8
0.012283420137354326,2
0.08366466218073243,5
0.016809973671052858,2
0.039797546088320646,5
0.015462996372246157,3
0.020216385174092744,2
0.005497961866614998,2
0.014678315455198265,2
0.040280708406299576,6
0.011768773381986342,3
0.02274322592142261,3
0.0018360447868825264,2
0.008912706953247085,3
0.02950613613630325,6
0.0634921078884611,6
0.06419936103149664,1
0.00716358019109245,2
0.001285218246980968,2
0.023148164767667373,2
0.012912075507545001,2
0.02423560191633295,2
0.004795148324052423,2
0.05111808554772429,5
0.02128457572096941,2
0.006446691582883704,3
0.02579759982087179,2
0.015135514663900312,3
0.0157851287417142,2
0.052576613669811506,5
0.006836828326555883,2
0.04054725447505887,2
0.0746017527265261,5
0.08698130235313677,5
0.013134760136038523,2
0.06634377541744854,1
0.005770523175285855,3
0.04892811472400403,6
0.018772467396147907,2
0.05037918807788612,5
0.055804589465716176,6
0.009883489127155337,3
0.011600360702611306,2
0.014463052770799636,2
0.08111077633703065,5
0.03702361193157076,5
0.015953403425711027,2
0.037793732918374706,6
0.0663665979540652,1
0.10118071785171634,7
0.0066520366662764785,2
0.018102591820366346,6
0.008971214100518876,2
0.012057279796357914,2
0.03885445738162194,6
0.05914001740328606,6
0.06650445968730097,5
0.015589546388302275,2
0.020060762411708483,2
0.07512015084769984,6
0.018415522172709045,3
0.018373605276340327,2
0.008787753628521355,3
0.03477457030647424,6
0.020082594529486214,6
0.03620322446587654,6
0.06355481819663383,1
0.06999137479516956,6
0.09239702405480078,1
0.013147209829446782,3
0.03875612885754218,6
0.0,3
0.012882139523352154,6
0.03388689291592728,5
0.024018589729821543,2
0.010922980524326137,3
0.01619485808746221,2
0.022661074931019556,2
0.020293959776247483,2
0.013632748690865545,2
0.03820266463102499,6
0.008449721649250314,3
0.03372533161453398,5
0.03484465179858791,6
0.015568403595473679,2
0.05933767926052688,1
0.0,2
0.05872199810919046,6
0.012331980319493521,2
0.0313611226975862,5
0.0159805582870418,3
0.01564865734946813,2
0.014538077378537434,3
0.02487090691795711,2
0.009940042314914299,2
0.025433843018650176,6
0.0363512106997744,6
0.011924832826415072,3
0.01956731120713917,2
0.02911859787044757,2
0.006886137840428436,2
0.01628263652135739,3
0.043970828767677994,5
0.02468586046702212,3
0.04671133476408773,6
0.0740365810871598,5
0.01589185267533544,2
0.02392711953693402,3
0.016166446034104734,3
0.006139282590097134,2
0.0,2
0.011943790468797885,2
0.035136400719481264,6
0.09090445939180795,5
0.0,2
0.024207474025667752,2
0.030182420088022743,3
0.012269017048044714,2
0.014674159337755288,2
0.02673817494376257,2
0.05553775669722058,6
0.07092222532414212,5
0.033819628799938495,2
0.01596192449497963,6
0.034181974217190575,6
0.004242254606296486,2
0.06899853889969901,1
0.1021092275180434,5
0.018965127398795384,5
0.03648900016770926,6
0.012023870276427526,2
0.08198268757336943,5
0.007410685787500593,3
0.0061544875640309055,2
0.018086787630866574,3
0.029643407424969265,2
0.01151429439343292,2
0.01874031887236631,3
0.01347374833990049,3
0.018415668881176378,2
0.009457495331219659,2
0.027952671121745973,3
0.048215678459919864,6
0.0322106637238542,6
0.014984380978315281,2
0.02071703694877916,2
0.021887216924582092,3
0.003510384674643846,3
0.021561553919806187,3
0.018628400844382137,2
0.013003564019019767,3
0.05653951481361913,6
0.009473568192035653,2
0.06683976765900247,5
0.06458809550858187,6
0.022926181189519973,2
0.08915573816604307,5
0.014624258650209998,2
0.04163433091693364,6
0.020283283152581058,3
0.014588093143989816,2
0.18083215313754059,8
0.01429961053507034,2
0.009220358349701668,3
0.03141697154724604,2
0.10610485305361626,5
0.017360165117779117,2
0.008918929439474546,2
0.09001602791816868,8
0.07347377221398446,6
0.0,2
0.011628191498311444,6
0.08999557252978319,5
0.029419484855082542,6
0.041137208562725736,6
0.019166267872093967,2
0.0547722648111509,6
0.010606140205839429,2
0.013751144206406288,2
0.06792209870584687,5
0.06892079252136968,5
0.028854280558830547,2
0.0564275637512634,6
0.05332837217828312,5
0.029710068964210967,3
0.01636985529874499,2
0.05411500707625165,6
0.07339466162693407,5
0.06285829422841152,0
0.020945354178233455,3
0.029049495326919708,2
0.014090502867331378,2
0.0477857869926695,6
0.08017381220982339,0
0.05675875863707565,6
0.0879831593108382,1
0.016198719349114418,2
0.07484735833801695,5
0.11172609139745093,8
0.034552091820486894,5
0.015977975620016197,3
0.08046721884965202,5
0.022551498322032043,3
0.01364539770426415,3
0.02407159129301012,2
0.033241122181061664,2
0.05218132059143708,5
0.032497610380257544,6
0.020121617334057013,2
0.048208653743585766,6
0.025922879646801983,6
0.0016209568098369542,3
0.01920530890348998,2
0.03178463175550689,2
0.06912493318627212,5
0.021099671693254468,5
0.018572420480059096,2
0.02294644049038258,2
0.026698066285695835,3
0.0076176026716425205,3
0.015043612408100676,2
0.014057695148154192,2
0.024072369938011692,2
0.052718299060339924,5
0.05907342519416997,6
0.013869959423366107,3
0.01182479415106677,3
0.08763130623007154,5
0.004466590664398015,2
0.038262977445385815,2
0.015945527828611278,3
0.007957232607585935,2
0.08846084369560658,5
0.05370164071723746,6
0.0721248358695267,5
0.007386256969534169,3
0.07308997994016471,6
0.0020967567542723997,3
0.016768927426808966,3
0.03470234115096202,6
0.04460495221673269,5
0.018100166269012286,2
0.006044830074433599,2
0.11836699907629455,8
0.07081592017882127,1
0.0417662823076681,6
0.011023939697755086,2
0.018982379646820202,2
0.04204484890522715,5
0.043221135925261375,6
0.011740878922182979,6
0.013485804874047436,2
0.014921204539008151,2
0.02008167822682841,2
0.15122136343001902,1
0.0865482756531923,5
0.005983048316503037,3
0.021781784327585374,2
0.04710912748582802,6
0.03323218499760923,2
0.0367177665664041,6
0.01577972337698108,2
0.0948457742672087,1
0.03604627349363998,6
0.07551414262284857,5
0.011675451306998388,3
0.01933710869700936,6
0.0777585580738826,5
0.015732836738934955,2
0.023512628864701596,5
0.05328013051325281,6
0.028135722137114724,6
0.020096544042912112,2
0.06410676073149407,0
0.020049661662632556,6
0.019525988284427226,2
0.03757274357529186,2
0.08282294725535598,5
0.007805378081530132,6
0.01726735791023465,2
0.0699741619870295,0
0.013378657900015328,2
0.01102732348965138,3
0.007759397728309914,3
0.018418861435937683,2
0.010463490872686693,2
0.05412319562893514,5
0.027760392005534457,6
0.00903205425096193,2
0.11291315665785084,5
0.01882475885228385,3
0.16282012307439822,8
0.06521737014713525,5
0.004087024623568816,3
0.05567163559294394,5
0.013598392908204388,3
0.0,3
0.010575781032169385,2
0.01963282565192695,3
0.010283897404374243,2
0.06750330401599712,6
0.0579173419251201,5
0.014529426417162011,2
0.007726675308382919,2
0.045659131801316935,5
0.03838258318729565,6
0.07046871867340465,7
0.049599234753167826,5
0.08655606197263242,5
0.02626407384122617,3
0.019865979169034403,6
0.04911087052719049,5
0.03281953224930473,6
0.012318504593450755,3
0.04695767560265349,2
0.024904528965106254,2
0.0230504547602102,2
0.09759284200580809,8
0.01126793953411881,3
0.00960015655875543,3
0.018442733178195364,3
0.015517478435177715,3
0.0016366509256436346,3
0.02385231509333112,2
0.015856234086694093,3
0.012984489422845497,2
0.0766258369200509,5
0.0508091293738786,5
0.0470570376514749,2
0.012372900743764181,2
0.010409312390834508,3
0.015935778831391537,2
0.0,2
0.03146472428494374,2
0.10618858446173118,5
0.02971558640169379,3
0.021391481059028647,6
0.017144307433738404,2
0.033085397046524356,5
0.044478669272395355,5
0.040085566507213566,6
0.0422286239923509,5
0.010959600752321053,6
0.038501123540158985,6
0.1054298612734676,8
0.03193343750229918,6
0.05975889288494901,5
0.006697998281712095,6
0.0027365076272710676,2
0.01198993232033213,2
0.056247111464598334,6
0.003663921545023263,6
0.016163140157590516,3
0.009915434314257676,2
0.05349629916736082,5
0.07092467570303486,5
0.020577555642055045,2
0.016443909680014704,2
0.04975807218759887,6
0.01806618106794232,3
0.031268681487367306,6
0.04279528875447294,5
0.015825778157665185,3
0.03407465393211878,2
0.020861557322773366,2
0.0772739305973457,5
0.07730142125703872,6
0.04982763844120065,6
0.01687005967789544,3
0.050835912952414936,5
0.0,2
0.11220256156820464,5
0.012818364316505626,2
0.02136062659657867,2
0.05325615477016393,6
0.05221159682419367,6
0.033400867078452134,6
0.01677843075291542,2
0.06240473920451042,5
0.12088842592910148,5
0.018407956754589172,2
0.021031121854800633,3
0.03871371623644547,5
0.01612263563692433,2
0.030384343901160626,6
0.009833930068977925,3
0.040751582194647334,6
0.0034919363355031124,3
0.0,3
0.17164029173721462,5
0.041897570993930155,5
0.027029570883733936,3
0.06638106923794371,5
0.100301765865525,5
0.006775368149166308,3
0.019864115219535156,3
0.062368279548181416,5
0.0454590690987407,6
0.017252012322195573,2
0.06118913599905729,5
0.03420675232992601,2
0.0195215199549946,2
0.0,2
0.022955814979848915,6
0.05913723218432651,5
0.011485419066021782,3
0.05050853155625351,6
0.026978946182069585,2
0.019438834465274862,3
0.002831732372362561,2
0.04511736749275182,6
0.06902384308229292,5
0.03858704359381465,6
0.1511080022081846,7
0.000724672329046952,6
0.08231907212160272,8
0.05346866412303877,6
0.007543844551819112,3
0.012836898705448074,2
0.01733402320861699,2
0.06613040639238009,5
0.05409651049662392,5
0.0748255311825095,6
0.017229361715259628,3
0.0614943011078202,5
0.0362357927531084,2
0.1429999581651539,8
0.06448413130656347,5
0.00845064204602776,3
0.017931797014371614,2
0.01142105311283051,2
0.06980827192778077,6
0.07685229584790154,5
0.016467737831786053,3
0.0,2
0.0075118929126768985,3
0.10262823918429437,8
0.026512929344518377,2
0.015368024561228155,3
0.007106924874700188,2
0.04970222491355683,6
0.03164113986436312,2
0.019378969047665062,2
0.0036284916896307667,3
0.03741663649891479,6
0.030741181605946993,2
0.012083758115331522,2
0.010774812439814485,6
0.07078486628012443,6
0.033353979088720384,6
0.051229638878020095,5
0.009822764244228926,2
0.017113021199436307,3
0.01744247519352718,6
0.013149398038540067,3
0.01283952798571672,2
0.06717425073422534,0
0.0533786820733376,5
0.08992254968797198,0
0.06042160342832702,5
0.014438530997338633,2
0.0625793173257384,5
0.05717918718270973,6
0.09969890913602351,5
0.01918233206281765,3
0.027532140527192606,6
0.014530861826208469,2
0.08295526408098852,6
0.0349228457878899,2
0.11318906762879842,5
0.03535477271498738,2
0.0065997002895074736,3
0.013676707831368234,2
0.01985071598684493,2
0.020015535798429546,2
0.08453375386260063,5
0.03323714188532011,2
0.03834671677829071,5
0.00510677539103821,2
0.015319647561797656,3
0.00023519131005139693,2
0.07871603964202675,5
0.012866837336204431,3
0.014097404370717423,2
0.015049218767963862,2
0.08044174262231507,5
0.01032296436380166,2
0.0452274688869167,6
0.06600792801909097,5
0.014460442551488345,2
0.017787869751204582,6
0.011242033465888784,3
0.04413666892507706,6
0.07089112412229259,1
0.022994682448494508,3
0.03409890659806944,2
0.016278878164149566,3
0.024294042797894266,3
0.011410773456075302,6
0.0033970834581808773,2
0.020979390072256618,2
0.017060375711916848,2
0.023533125912638106,3
0.025372135754830258,2
0.02913301988012279,6
0.013809619732292819,2
0.04751170038403946,6
0.0095348951849277,2
0.052446797744494233,6
0.0030412103779491467,2
0.016611901492431955,2
0.023909656407994292,3
0.08494566195038403,5
0.02018200463791825,2
0.0693529407066387,0
0.016246304380629434,2
0.022709997335185805,6
0.08626456836197406,0
0.04877532740920559,6
0.005820165332585947,3
0.011662160518415288,2
0.022187293191956253,6
0.022853413672117184,3
0.07056048032227615,5
0.0008615871824133314,2
0.010764321326082904,2
0.00832375028816279,2
0.001517733179597941,3
0.06418369154738487,5
0.0022492877840878944,2
0.02462494108318089,6
0.006411193960899689,2
0.01733706130518646,3
0.014437835306435734,2
0.02951314217333638,6
0.00868262135624348,3
0.01182934677656032,3
0.05998043805612646,5
0.010383274106135362,2
0.07688968650051031,5
0.048426548171553604,6
0.012282906457451892,2
0.007383087582273018,3
0.05647153667958685,5
0.03467186585139871,3
0.02476289012078256,2
0.0847093690689327,0
0.03637897913482738,6
0.01663548076071461,2
0.014342065631402834,2
0.0,3
0.010441132757740862,2
0.07311022048264149,6
0.01887723291247141,2
0.013756717604123045,2
0.006904885159647822,3
0.07513246773381879,6
0.020119538664218756,3
0.0061339615596099906,3
0.0073408906263114915,2
0.0001264934343398194,3
0.029123101496702553,6
0.140549281847323,5
0.02572070915664676,2
0.0423973746076782,6
0.11910445009214721,5
0.018467844617402418,3
0.07446422638652042,5
0.006760428687020564,2
0.020826335942511834,2
0.019834165045027524,6
0.002064290225868487,2
0.034866378706244705,6
0.013270811866079896,3
0.061041766152160656,6
0.03036346705271229,2
0.009398297710959597,2
0.01677212746857537,2
0.07520715934986426,6
0.061959153829762276,6
0.11977450286319577,5
0.003188869478641776,2
0.11125506555058012,5
0.016534925267649186,2
0.05028948464884228,5
0.02137949244658094,2
0.00922770094052447,2
0.0699557612580357,5
0.023360945592766594,2
0.02905547441761075,2
0.01456608817583864,2
0.03548891602076515,6
0.0472536044152993,6
0.018565550284686372,3
0.075308592135989,1
0.030645801161387723,2
0.053201302036796405,5
0.09693999967334735,5
0.007424211037993761,2
0.008654324924853796,2
0.05543571518870871,6
0.1782511473241566,5
0.0,2
0.1379715286135828,8
0.024259514498269297,3
0.04975253806999279,6
0.0301691837004473,6
0.0,2
0.05037583972375548,6
0.008651588699819829,2
0.019005806265553676,2
0.06546279606301851,6
0.023258730071904765,6
0.04543664080550734,5
0.000656073809500668,2
0.01169786433529224,2
0.014352939323097044,2
0.014802274721369149,2
0.06726327683488406,6
0.028765952345694026,6
0.017151422305672098,3
0.01702406423332424,2
0.009866616501607528,3
0.006510773182084095,3
0.029227754076923296,2
0.02783805464696311,6
0.030747264882471925,2
0.019932934967117677,2
0.03790048441626173,6
0.010732456056644996,2
0.004251773462611436,3
0.01760553198742998,3
0.009097189128096303,2
0.043209707938495434,6
0.040366381336152335,6
0.020139693499513125,2
0.05196047767185205,6
0.007397754556567188,3
0.048722572614331716,5
0.005270150652600392,2
0.0748894143131233,5
0.073051866362731,5
0.03294294282247261,6
0.005431637730214656,2
0.04955265942018805,5
0.009683467417846994,3
0.025775247794494388,6
0.01547419586641749,6
0.023425726816254447,2
0.021448410111846575,3
0.028968590253648743,2
0.09967320823102625,8
0.016540402154575196,2
0.08340994645600137,5
0.06963476353147421,5
0.11427775393350371,5
0.008741883947425783,3
0.02984042761333308,6
0.01948766391416487,2
0.012055250459891004,2
0.02269301340069632,2
0.018764711309002063,3
0.032672836598252125,6
0.0048671889113960365,2
0.09147882488731877,8
0.006307597069657694,2
0.015597630388941242,2
0.02669477510958876,2
0.07758110997757284,1
0.03533301718807219,6
0.03232411004367963,5
0.03460251504799458,6
0.021792097533139057,6
0.0290101415866873,6
0.017022469055919393,2
0.018579377325254817,2
0.022240681856603023,3
0.02222506993659784,3
0.17993761296135363,5
0.009704696296683246,3
0.05160396740986346,6
0.0040455078862587646,2
0.01712638411384955,5
0.05474919580052813,5
0.13274667653759525,5
0.07388967744968675,5
0.05327178915838707,5
0.05919649841484734,5
0.02838741530529701,2
0.03557350134752457,5
0.012284389161213702,3
0.006291717765197033,2
0.015520490200766235,2
0.029096747188640346,2
0.015853623889116458,2
0.05671857713928158,6
0.011833002412849986,2
0.06499803098350027,5
0.01550292194503361,2
0.030355587155266844,6
0.10659040726414212,8
0.015680316365011576,2
0.0,2
0.06578076197672177,6
0.024672234531195852,3
0.009080628698177079,3
0.024476421013137267,2
0.023219350149362827,3
0.014583424286694041,2
0.07493544172164708,5
0.033250595023133586,2
0.011981516913550927,2
0.004562092632871634,3
0.016583057419295957,3
0.017064408860248778,2
0.02335642783455394,6
0.022241394463651115,6
0.023448740386352182,3
0.011256233085395972,3
0.01615271417665831,2
0.011658917316437173,2
0.029658155881762127,5
0.05699728045277455,6
0.029138583288059433,6
0.004072126723148356,3
0.05112500220877883,6
0.0205059653430556,2
0.032544830917126566,2
0.016494104913971505,2
0.05217475695558493,6
0.029358590211251756,3
0.0,6
0.0,2
0.11201805033108173,5
0.08785962830665378,5
0.07592929768435999,5
0.017509185077758116,3
0.0,2
0.0884879795905904,5
0.015678345798082638,2
0.036729663404698035,2
0.0199316934268199,2
0.04695247658439666,1
0.05122247688340957,6
0.03182364419018692,2
0.03757147459224902,6
0.049482849369006876,1
0.009092115301239503,3
0.06580482857126843,6
0.018953062546318608,2
0.011752565583537572,2
0.09500597697748202,5
0.02016881680756545,2
0.04941191122798916,5
0.01406161502476315,2
0.11940991449335311,5
0.024498256298565627,3
0.010703119031036115,2
0.08555195563272991,5
0.08157660103456442,5
0.048180368224990444,6
0.00677612448960109,2
0.01820886143952552,2
0.07377561403322624,6
0.01384114985836668,6
0.03293881233951049,6
0.005968488155622981,2
0.009837819878986478,2
0.02374334789081206,2
0.023455563260167955,2
0.05983328150327866,5
0.020175334380917398,2
0.018033976889907224,2
0.0,2
0.031398470430094555,5
0.0013036563533129486,2
0.03330150172305871,6
0.01354442344019352,5
0.0121805183500302,6
0.020695660482039663,2
0.02265501763131278,6
0.09422547590602512,5
0.009378368522276026,2
0.03717789195747631,2
0.09589038686296578,1
0.01626359521657167,3
0.11527062406991775,1
0.007407575588048318,3
0.10507669614616999,5
0.005323340958819839,2
0.05321927425636894,6
0.11250306941576799,8
0.017105742335557075,6
0.02659640234968387,2
0.009447773247785438,2
0.009786151430654894,6
0.042764096301007304,6
0.030677555630381395,2
0.014253122531852458,2
0.06243007390753304,6
0.005477962203584971,2
0.003531330458633991,3
0.05444875754728748,6
0.01756587309446786,3
0.0799940316293072,1
0.11275094130593788,1
0.014554323276099082,2
0.016145199881031996,6
0.022602953131268144,2
0.11506284035004562,1
0.011549217258241679,2
0.017958887680108192,2
0.0,2
0.0711234586011675,6
0.022831271721404783,2
0.015265807880684185,3
0.017485005669557366,2
0.07757034708328608,6
0.08806844273670537,5
0.0679600495645425,0
0.05367096885016631,6
0.02990554425544935,6
0.12690063294971032,8
0.11852673835178548,8
0.017550187340593312,2
0.067456804214402,5
0.017389234192347516,2
0.01855157300147206,6
0.0,2
0.0300424267912308,2
0.01795214066865508,2
0.024737981457571973,2
0.05643496974097881,5
0.03180199081209517,6
0.08576696015241635,5
0.005738678528601798,2
0.014344066143724632,6
0.06074888183311142,6
0.024204824283552584,6
0.004985467220500875,3
0.02844461039058918,2
0.014808258231599841,3
0.022054359529930956,6
0.005233744381607758,3
0.008020021418570361,2
0.028222439200573546,2
0.019610321751301174,2
0.028060208672655795,2
0.04542132875541452,6
0.006555638391884874,3
0.026261326039291738,2
0.020342883861623695,6
0.01250083842262914,2
0.019820304054335325,2
0.018878363700623887,3
0.06880282044716865,6
0.0036293656957956943,3
0.014768008323557291,2
0.002655509146175683,2
0.08729539964431324,0
0.03492735502283849,2
0.02716208709115868,3
0.009788941307738858,3
0.007447647527929646,3
0.015487946270704364,2
0.011151661051091222,3
0.01100164948928728,3
0.018287106258311606,2
0.010732211923540166,2
0.01738293732964291,3
0.007390528821987874,2
0.03885971364571558,5
0.0,2
0.028601111108749577,2
0.0079089122453751,2
0.006131109017515457,3
0.009367447008997332,2
0.0,2
0.02381566386336187,2
0.022014273075544682,2
0.0233220744041423,3
0.023765853565566514,2
0.00999439957835381,2
0.06434495980569477,5
0.012156754801627687,2
0.031004932032123456,6
0.049648473355860034,6
0.010403747346579229,3
0.11746346063701701,5
0.006311856158634166,2
0.03487988573988135,6
0.0715244092665917,5
0.0017073260133534246,2
0.14724850496189884,8
0.013626590515929266,2
0.030060535567003388,6
0.008418864654303929,2
0.15493935525600433,8
0.08884464088693475,5
0.09561845168470612,5
0.03760740828776761,6
0.01498804777722372,2
0.014830835783585058,2
0.009914758377003119,3
0.017096930537672445,2
0.0706358621832372,5
0.022598949741580582,2
0.03594881273121989,2
0.02856911805787997,2
0.02760999667042291,2
0.06582312545698255,8
0.016132585353670695,5
0.016538280307180978,3
0.03691804259389436,6
0.024642118758449155,2
0.0191918457271604,3
0.017267508642656054,3
0.09796188266343832,5
0.04342826577375568,6
0.015817389871736656,2
0.013069970514514903,2
0.018334585798430114,6
0.022379459518529182,3
0.0401815383236411,5
0.026322819697465347,2
0.009725587752820702,3
0.0016010543708179503,2
0.034104990003443025,6
0.040917548112358745,5
0.05965799925955412,6
0.06302983207017904,6
0.051841845186620245,5
0.008397288758525606,2
0.006575010772839812,2
0.05755145187179127,5
0.0,2
0.02243136960529092,2
0.059308822404108924,6
0.048510118526231716,6
0.06600153930477316,5
0.02909845490506921,5
0.049674717095338675,6
0.008125775277107339,3
0.1453980932949319,5
0.016459133162898,3
0.08607897592041494,6
0.015833410845911264,6
0.015749615957128482,2
0.09451777997538485,5
0.040943666056024425,2
0.022402196787344147,2
0.02600235713475396,3
0.06090556589574102,5
0.025367931900434987,2
0.07563087311484205,6
0.0010379617652477857,2
0.06677306541204599,1
0.02433992599060801,6
0.07085401472893887,5
0.01791394309821004,3
0.04506124100621364,5
0.011073408021566117,3
0.028752753375812456,3
0.005657678607282668,2
0.09023912983452093,5
0.10571674121875538,1
0.0,2
0.07244443091137034,1
0.09205520399671731,7
0.057351692564796955,6
0.02331362806623921,2
0.021447422474145786,2
0.11909157083032214,8
0.06593428568088573,6
0.02294526820746008,6
0.022026311350611116,3
0.13943102105432292,0
0.00043114061139146176,2
0.049575046904654696,5
0.0250568879304027,3
0.01566446380634473,3
0.01896177441145186,2
0.06938217732782964,5
0.05540695379094977,5
0.03750542454510711,6
0.0404279299052739,6
0.06060322981428058,6
0.01875774803222674,3
0.054973136636950165,5
0.022999151096923076,2
0.015303483299937484,2
0.007281360020521266,2
0.07832673484392685,5
0.0190680396842193,2
0.021003921314099144,2
0.0,2
0.011690174594009436,2
0.025420650908319492,2
0.02155550544009792,2
0.005105004905520599,3
0.021788564861716903,3
0.037381319774631466,6
0.051419040784909636,6
0.009962122584373123,2
0.02639083546992943,3
0.016858257631293103,2
0.008417412870216523,3
0.007477017330343838,3
0.05374814552850821,5
0.015879427678080177,3
0.00976103583647614,2
0.12004249595974308,5
0.0507279832744191,5
0.04458500458879243,6
0.021241917593377492,2
0.035246187919029115,5
0.02270928508760564,3
0.027658812930005605,2
0.03969533383952517,5
0.08150765545988614,1
0.0740367681215574,5
0.022172046093234477,6
0.01278558873679464,6
0.00946373273995374,2
0.0013951802260903645,3
0.06240398329563879,5
0.051178435546518686,6
0.026801194361380662,6
0.010005632242857082,3
0.008030978835588523,2
0.0006607730996296968,2
0.030451129288355708,6
0.07796885570874512,5
0.017568910316800385,2
0.01041653142991067,2
0.030561398703950603,2
0.06526250611135928,6
0.04502318337241745,6
0.05216714597729888,6
0.014190474665982666,2
0.012989041419638608,3
0.00522656592132828,3
0.014810804207763983,2
0.008423251068300441,3
0.02522383949341017,2
0.05514992023801679,5
0.044673441414122106,5
0.08400341351727064,5
0.08007792059485183,6
0.0859477232072155,5
0.007951866093769841,3
0.05672506954840523,6
0.020985751025324836,2
0.06921449865541296,6
0.011518094595387648,2
0.004420235554344204,2
0.043362607651819304,6
0.01260123680235195,2
0.018988353142234515,2
0.015544680741458886,2
0.02095737627183783,2
0.01363810083810403,2
0.031101350285665685,2
0.012481703604021954,3
0.000534514230769445,2
0.006081919637900307,2
0.01326751661023011,3
0.01415697197255368,3
0.06098236493352055,5
0.021216647858384716,2
0.04045502939310135,6
0.09620555423483873,5
0.06687784773162751,5
0.038702384168060766,5
0.06628421420845992,6
0.02236599105142585,3
0.015120979478097596,3
0.2025884618836606,8
0.027048184939723913,5
0.022186726520787875,6
0.026557389957502592,6
0.03493107992867239,2
0.01234541152173596,3
0.101012795650891,5
0.010163305311774284,2
0.004323800858949872,2
0.05864464707996145,5
0.04571502522110571,5
0.003271821169352346,2
0.014360315317212602,2
0.19207084190905843,8
0.04936964053359788,6
0.06407851672771334,6
0.018558068612975875,3
0.05255952114242765,6
0.009989519015072806,2
0.022713670634233407,2
0.01932292782217125,6
0.022645937490217927,2
0.01182403252882197,2
0.030171192020516643,6
0.007407532398600591,2
0.0024900938358169283,6
0.009356499457726153,3
0.030355929633911635,5
0.03523122597948482,5
0.01977489747895657,2
0.017982400000031207,2
0.01443067052863442,3
0.059816266811518845,6
0.022885661913439298,5
0.04184570078537002,6
0.0063953602255366615,3
0.029666204944761118,2
0.01553031761111183,2
0.025480872701450497,2
0.010643209797501663,2
0.0005392674389121666,2
0.03545968550016926,5
0.022655542243150917,3
0.03775763093486917,6
0.11000562939969463,5
0.022891046677952984,2
0.02793206196038764,6
0.04544598249914743,5
0.0,2
0.036930491243081204,6
0.015288747361778626,2
0.15888041603108455,8
0.019798145572892584,2
0.041286529165593375,6
0.02561870009118966,2
0.00708868635006088,3
0.05822684573191608,6
2.2867400427756257e-05,2
0.05233560789375716,6
0.029439392274439036,3
0.04477852036653032,6
0.019757536825001795,2
0.016564441191208173,2
0.06246395121084422,6
0.033455141547363426,6
0.018733248342494235,2
0.00800285381728666,3
0.017427726893403828,3
0.025893210660185476,2
0.02384899001251911,2
0.039805545695935765,6
0.09441630115499614,1
0.021284577907465463,2
0.01824401798542423,2
0.011097930306722889,2
0.008311435030532319,2
0.01848010548935121,3
0.06441035194945502,5
0.04179813127512928,6
0.027631094405437595,2
0.03513896625122015,5
0.0019169633709022749,2
0.025344030729249692,6
0.0,2
0.004470538357772141,2
0.021835786331204157,6
0.009331928040950704,2
0.07948814356020681,5
0.011438874445947045,6
0.025072112871049712,2
0.012994610876221613,3
0.04403608411368404,5
0.013324797930493404,2
0.04773598592572195,5
0.01292780646488223,2
0.03796326376426121,6
0.11906335493535072,8
0.0797718967358283,5
0.022249715078343016,6
0.04376681582702023,6
0.018188124352805188,2
0.013716704890943593,3
0.02441055910147863,2
0.01534946135906004,6
0.035877881605561324,2
0.05035870994539976,6
0.09169378997220755,5
0.02849644787949189,2
0.03224477269620658,2
0.015498413782593146,3
0.027129992507215817,2
0.04523991253634392,6
0.07407602864976187,5
0.07518898617566738,5
0.02833794730718496,3
0.031201836261674123,6
0.011690280106192441,3
0.03661092919977049,2
0.08881193477021654,1
0.05752840013186161,5
0.016835329248741884,2
0.026508882366917896,2
0.030115331812574114,2
0.012292384399707479,2
0.013623256341561016,2
0.012231521846055166,3
0.021544987543497138,2
0.07358776487914351,0
0.01960466007737252,2
0.002602135654360155,3
0.03407932849348613,2
0.01027714100446174,3
0.050706064314289076,6
0.1033562039964494,5
0.02539142877340711,2
0.012076369816040516,6
0.013677186400494395,2
0.046076990871383644,5
0.08213439883413018,5
0.018310277288825366,2
0.016658182376895217,3
0.04341705318742871,6
0.10405965716659243,8
0.12696059577308855,5
0.005999639918954025,2
0.09339952287479475,0
0.0051078044110277054,2
0.053340387585621984,5
0.03453382045427497,6
0.0917282727306683,5
0.0,2
0.03289931943630248,6
0.03844693706150071,3
0.004955217109861354,2
0.03615040464404232,6
0.022577092617674377,3
0.019492445032584516,2
0.08439075250084649,5
0.0485636801183954,5
0.056831754474241034,5
0.014544395100855256,3
0.04309295149771017,5
0.010122584194896339,2
0.017645366340945934,3
0.03820191213743948,2
0.0968661826476242,1
0.06353426699292974,5
0.0862276582686749,0
0.005945937938253432,2
0.0199057384364415,2
0.023526218748752437,2
0.05300853609411171,6
0.022157507297027076,2
0.0318922289365704,5
0.0,2
0.027938986368705898,3
0.0383208767215521,6
0.0508956083432691,6
0.043174410256830345,5
0.022733891718149296,3
0.08092591833918106,6
0.030625165138755475,5
0.03137641674159078,3
0.06682421044217234,6
0.04114501453387913,5
0.0065243346266462,3
0.01511292723022098,2
0.05619790687826723,1
0.13014356993212706,8
0.031973009382485124,3
0.020143148053508378,6
0.14108504217647377,8
0.0043807759533057156,6
0.0810585500115682,5
0.014870775400185693,6
0.06661172437914584,5
0.00949629466452405,6
0.0673304107184523,5
0.005405812553855416,2
0.052753887647700254,6
0.06737218862458481,5
0.03863789811070797,6
0.033264097913797294,5
0.0782401471750625,1
0.13314602876508758,5
0.02795613462129526,2
0.08969315220751875,5
0.057579448672496564,6
0.11149523078749243,8
0.018076069366552067,6
0.02549303333854501,3
0.017530297631174946,2
0.007439467538034705,2
0.10830823392537438,5
0.05167953806556934,6
0.04298006187859847,6
0.045463692991780005,6
0.040813419900398176,6
0.1459439619904368,8
0.01547950138006729,3
0.025502636316841798,6
0.13918967827603354,5
0.07750411477160392,5
0.006637856193460467,3
0.05595689375092623,6
0.008881638907399472,2
0.005456394663129915,2
0.02850490708605466,2
0.08542192479264163,1
0.014369474720945297,3
0.02333711374548897,3
0.020841830735688516,3
0.008041502336155845,2
0.06213656637328656,6
0.009179889734703323,3
0.08034414508334438,5
0.006700616336660581,2
0.020479681327363275,2
0.02215259240109671,2
0.011917317756041476,2
0.010460911641626283,3
0.03458614526995389,5
0.09996519971659318,5
0.04905051202233565,6
0.05344804385716255,6
0.0025451666699578546,3
0.1484687830480927,5
0.012812686081422886,3
0.010181197414641657,2
0.08468636352593334,5
0.0070538855300537745,2
0.08657923224146696,5
0.08186744394492645,5
0.05473713793131163,6
0.02472935692900341,3
0.024579058905345397,3
0.03725428491229685,6
0.020797031426710827,3
0.012843673325827115,3
0.01584259677422742,2
0.0150999021466897,2
0.05642078041051074,5
0.020622969091807677,2
0.08661620259439927,5
0.021331902639072114,6
0.03448198717259124,2
0.12263093906793865,5
0.04146564884630863,5
0.011612273136761275,2
0.005902419389002364,3
0.06543472399868959,6
0.007461696591311989,2
0.021328750873984267,3
0.024579801072427604,2
0.02381257269059417,3
0.07828668292373749,1
0.005384391878152428,2
0.015066808762390152,3
0.00881876093998514,2
0.029274490193161112,2
0.03793815310919407,6
0.01200353021230846,3
0.0520980883597536,6
0.1405730314643509,5
0.011381986003152295,6
0.013016807120674323,2
0.030646101511449253,2
0.10417030498619456,5
0.01590323596261381,2
0.009822697111795994,2
0.034445262572211366,3
0.006100885219688615,2
0.04689189683845511,6
0.04941614866881949,6
0.04900074438370822,6
0.07529154152287901,5
0.02069020278407252,2
0.01061238195598424,3
0.05451863157989864,5
0.05667126641345005,6
0.016042850229976785,2
0.017241618062487626,2
0.008971336108779121,3
0.030999393970684908,2
0.015965673878420655,3
0.06852592028992835,6
0.09397767337787627,5
0.001477111190679059,2
0.013765552536575437,3
0.002437980411980664,2
0.021563833136244756,2
0.004983719211308246,2
0.024132923884733204,2
0.04311971918170851,5
0.06115185364015299,5
0.02565774141816024,6
0.019692402258911668,3
0.08110937448464806,5
0.06582249561196885,0
0.0610010516923252,0
0.1306060344937901,5
0.020408019568678326,5
0.012363690596179672,2
0.03130133199824517,2
0.034846146575568476,6
0.08214931540850401,5
0.06074842446970875,6
0.11043183388440075,5
0.021189247962515728,3
0.01647896279844291,2
0.015830771591756942,2
0.01994355167201428,3
0.03145024237513072,6
0.047851515844957046,6
0.01762923212575261,2
0.08789250797222953,0
0.08205598203704244,5
0.024211981258456194,6
0.018246194708028782,6
0.03576201299753019,2
0.04721826739272575,5
0.09254346699627454,5
0.016367988508650205,2
0.01404485999286098,3
0.025364711885651037,6
0.06908529612978515,6
0.10507226545273474,5
0.1784762279101885,5
0.020744006588332545,2
0.02030225370537367,2
0.0020968582969031757,2
0.0009694569068703085,3
0.03817739788406352,2
0.0,2
0.013852531378453603,3
0.06291449083089914,6
0.011126567949275079,3
0.0027125119368760497,3
0.009051156431350571,2
0.06988260479371487,6
0.052409462314827376,6
0.036714991804871255,2
0.043457867318277665,6
0.010446036622917015,3
0.07557605068510581,1
0.00904589931065719,3
0.02098460249222711,3
0.00884108100058592,2
0.0,2
0.04941096118102106,6
0.07563590909785929,1
0.05268890577510332,6
0.06932626495349817,5
0.012289882338368363,2
0.0,2
0.031154731103074304,6
0.04246840618499344,6
0.008696015809427304,3
0.0142148734270717,6
0.03233286290147046,6
0.015870253283736993,2
0.08057162349418884,0
0.08181639545216882,6
0.01626528951527137,2
0.0027322802260712903,2
0.029697730063982408,2
0.030167377734043516,3
0.20531106743522054,8
0.08205886365303014,5
0.023762058792207122,3
0.031024746114129934,2
0.0,2
0.010493555581174027,3
0.013360391580920866,2
0.014035291409856904,2
0.01275975877335378,3
0.020022745525423533,5
0.11588727894450238,7
0.04315162540519048,2
0.10209451630389269,5
0.014900311886297202,2
0.035901798602504906,5
0.04493645884885633,6
0.08143093591721819,5
0.0,2
0.013788710700876866,2
0.00591949362506361,2
0.0712179843833694,6
0.009544781093511367,2
0.057767837196039326,5
0.029992501498097485,6
0.0076843097628320756,2
0.009493590463749757,3
0.02447619334054099,2
0.02499524263896069,3
0.022673023152858907,3
0.018551142637334372,2
0.01185793517038232,3
0.10267481008069923,0
0.023611558394444843,2
0.043490895518843026,6
0.013793827510329093,2
0.014264506744544492,3
0.00946374976587161,2
0.05005717404185607,6
0.047056971051866625,1
0.021540579594973852,6
0.02854224326264479,3
0.04024874245198054,5
0.0076160153339163705,2
0.04848871605619659,5
0.02405713704194501,2
0.028821167174525472,2
0.042812678661643205,5
0.01917436017994663,2
0.03769767940279484,6
0.025341630746011562,2
0.0,2
0.06449505117264934,5
0.005829613263832106,3
0.015123809529026283,2
0.027499053110510804,2
0.015047447471618819,2
0.0338888518233466,6
0.012891099323758037,2
0.015323347437316823,2
0.031491634380365924,3
0.030308474103659055,6
0.18858940957742354,8
0.09323674321216795,5
0.06639007947559425,1
0.07462893814655186,5
0.0,2
0.032141582261969545,6
0.003795821690565776,3
0.025317997240471124,2
0.02995299940687328,6
0.010273488331589586,2
0.06642243385633913,5
0.02626030745153131,2
0.02005158603991833,2
0.004853053432186491,2
0.04314466649025174,6
0.02128330101646833,2
0.01899409917852353,2
0.05278627920370223,5
0.06838293595772979,7
0.02190999424230361,2
0.029342536815104764,6
0.009644191400719704,2
0.06258548423721952,6
0.022924257812833734,2
0.09972834294979974,5
0.03296513193830031,6
0.014000472324043611,6
0.013512986299277774,2
0.024195147293484598,2
0.02471414812567435,5
0.011933865178520353,3
0.015640756059961666,3
0.09322377416841342,1
0.0023402277648095354,2
0.06533347212567256,5
0.052949083914107076,5
0.014095476572485527,3
0.07938342085132181,5
0.010445251363690983,3
0.015176809912489458,3
0.009691194383977558,3
0.05845833441617847,1
0.0026253658727052737,2
0.022806033406059287,2
0.04612973976287349,6
0.029782208182401626,2
0.03833344356650187,6
0.01908266105056708,2
0.04610623756693738,6
0.0007616907560080433,3
0.007860255597324783,3
0.02474348318580344,2
0.0016569711754620964,2
0.030346285809284584,6
0.015264787319763953,2
0.1505803809836932,5
0.10688030029171502,0
0.009728706802721448,2
0.025586876825814675,2
0.10705784852874255,5
0.014047590525833376,2
0.02216998993257449,2
0.024648449775478393,2
0.018945584278342503,2
0.013327840371967298,2
0.016288074840735717,2
0.02864606892441378,6
0.016860523445569445,3
0.012012101302427358,2
0.08856070837975973,6
0.11470643070808434,5
0.02165483532719331,3
0.006587763612461828,3
0.04461311553456526,6
0.015248700577580293,2
0.08751635060334029,8
0.013681813876051607,3
0.021972824713390737,2
0.09920053211725842,1
0.0066544625148805825,2
0.016001965394308273,6
0.027868842404452254,2
0.07383673689841722,5
0.01240011002007474,2
0.019443807857020046,3
0.054749857430799714,5
0.055645458495904535,5
0.0640122555484059,5
0.012938762126033954,2
0.011027366403364214,3
0.011859761712161077,2
0.016665442146629475,2
0.05675667964774955,4
0.10700223924413463,0
0.06764063648017757,6
0.14793287752484566,0
0.04061188267539323,6
0.0617968635858194,5
0.020600103011268522,2
0.030892349576514738,6
0.06797919482590366,5
0.05406341752495383,6
0.028027763072822218,2
0.0950292388485303,5
0.020895086490281198,3
0.005579863206446045,3
0.03404579890151829,6
0.01188042569919015,3
0.04276659874681954,2
0.01051830352474678,3
0.06512076194575905,6
0.0,2
0.01496755627317567,2
0.0017973351769095813,6
0.07540674755205092,1
0.03944910393968745,5
0.007903690636548721,6
0.023457949614259455,3
0.004760497350548926,2
0.01651826424530184,3
0.030552050978988415,6
0.015284047432159845,3
0.014976704108573463,6
0.018395854449890364,2
0.017057863180329397,2
0.01830519229375485,2
0.026981967832542295,2
0.02302639980250569,3
0.009799997636342539,2
0.01837479277348837,3
0.017009912351179796,2
0.010204860823204154,2
0.04438368829806408,6
0.10192322265656234,5
0.013705921259104581,3
0.06730648036453424,5
0.0,2
0.025639028252884888,2
0.006095456774327157,2
0.060325561018905766,5
0.03133024217881164,2
0.022793016390022375,2
0.015672490245870682,2
0.04495809356556739,6
0.04781672632075372,6
0.0007645723236238133,2
0.01446120823292349,2
0.06335337170600568,6
0.06225757179867715,5
0.022449591000171715,2
0.007326859245679634,3
0.05578965398621477,1
0.03731110969580656,6
0.030418980067576318,6
0.015441745590716954,3
0.011254577538537244,2
0.07330252056347908,5
0.0177770182739016,3
0.010525238177648957,2
0.08778342269338571,5
0.03158571752501045,6
0.16591027245164658,5
0.045787403958499326,6
0.01635672438458259,3
0.029787161249765298,2
0.06855253092535106,5
0.06655457927897657,6
0.06941663697412934,6
0.07992902391222079,5
0.011362373021388594,3
0.031101555395752448,3
0.013309354217414027,2
0.013034272080796078,2
0.006751441310137718,2
0.016621029670398968,2
0.010428161187113871,2
0.029505191971487252,2
0.07980730241796331,5
0.02522947649821168,2
0.010356331056833978,3
0.10602736519297229,4
0.018103408925057768,3
0.08100266916954954,5
0.02247664167797267,2
0.014198849652486065,6
0.03242377043129108,3
0.016731670490003722,2
0.01322722776989381,2
0.02361380360319716,6
0.04696359298821706,6
0.010124921306905121,2
0.0,2
0.013469269509129245,2
0.06044578255663255,6
0.056751279303075136,5
0.029317130563296948,2
0.028705263566399603,5
0.07498797466300097,1
0.019046260007217583,2
0.06644601486016177,1
0.1380196784901371,8
0.015074582610052317,2
0.03790522946528152,6
0.057606388093706135,5
0.013573511681133271,6
0.05055855487763383,5
0.09388073908889381,5
0.020166840586288773,2
0.016188159244262396,2
0.009434016820215801,3
0.033994409444127516,2
0.04507973260661688,6
0.015445180889664373,3
0.03307448609814831,2
0.011702794114083537,6
0.027414443838287117,2
0.0,2
0.0049186580254869244,2
0.024409981106896905,6
0.041949875609814946,5
0.027272008875397172,6
0.0022920491704965795,2
0.04324716894535917,6
0.0176231030432433,2
0.008169415539008101,3
0.060582843793459046,5
0.015989921647385275,2
0.022782187911621107,2
0.06781853156809711,6
0.05253067133066559,6
0.0710184095319733,5
0.04125355299258343,6
0.010991574943734789,2
0.02260349722583463,2
0.0003773111987938893,2
0.012060094862535647,3
0.009674424647997434,2
0.03618159292256551,6
0.01765208678808694,3
0.0119031167570227,2
0.01131542729095493,3
0.032088266558321726,5
0.008828802386011955,2
0.050825165427156455,6
0.006308773451878719,2
0.08336201382189856,5
0.023213289126883835,2
0.0782641860859393,5
0.010718350292088785,2
0.0,2
0.1598276109822972,8
0.015618305899345514,6
0.009867391877857512,2
0.08659478153657418,6
0.02425356503177209,6
0.021851889954070586,2
0.011189145929910382,2
0.005997342534788591,3
0.022040649211432485,2
0.04371955504964639,6
0.05544440064265771,6
0.021136686420823225,2
0.015118046828383525,2
0.036744285021858836,6
0.057461198950349957,1
0.07130794104459864,5
0.059481869242866,5
0.041347763529429704,6
0.0531498378922452,5
0.012835235862892952,2
0.10695098547311901,8
0.025181679043237246,2
0.007964783350166649,3
0.05123745991447931,5
0.051697189758039774,6
0.02581551090257704,2
0.06327176729336675,5
0.008050277264836425,5
0.05882568677359294,6
0.04323304189458091,6
0.0035306558327206222,2
0.03063498396073633,2
0.016033470784324336,2
0.012158552514287296,3
0.03381918120518686,2
0.05237714472719546,0
0.041598941996246364,5
0.019190506792138295,2
0.01983406173411989,2
0.050673639955908484,5
0.02937339585554745,3
0.083182063576362,1
0.019943948593256322,3
0.011512106934749133,6
0.04039137974960032,6
0.020315999963324546,3
0.06288538979642123,1
0.018472659334530517,2
0.022151625348206194,3
0.027150170519014985,2
0.02533639430327264,2
0.00713222405025471,2
0.04343670340015604,6
0.04565754775217398,6
0.05798182397513543,5
0.0319701414369018,6
0.08794066614942767,1
0.15641023971816415,1
0.07707438026207888,1
0.012779343431868484,3
0.013769154620698512,2
0.060100478026402004,5
0.06167642008610286,6
0.07338719141421984,5
0.07379820183255381,8
0.005329004953396416,2
0.01981068550315268,2
0.030140708680117034,2
0.09500454145652856,5
0.012315101216587604,3
0.016406000070683782,2
0.0022266832021132638,3
0.00307825874292339,2
0.05018055087369669,6
0.02910839803206,6
0.017155482998794977,2
0.026024702867067567,2
0.03277260577395494,6
0.01365684039450818,6
0.04994981944750901,6
0.01841927262758747,2
0.010295456426681948,3
0.010349256210628655,2
0.06242967629572459,6
0.024899888594162853,6
0.04145256241367236,6
0.0037668539255584776,2
0.004681276468875367,2
0.010753060604394987,2
0.0064832396982788115,3
0.010041132810984649,2
0.01673232679130987,6
0.008027158779705779,2
0.022267707545564397,2
0.014881801034315606,2
0.025023220142316255,2
0.03535362204493642,2
0.011092917462860619,3
0.013106115546309166,2
0.019602048063814895,3
0.07600708248675563,5
0.018372244596269238,3
0.010383989780470823,3
0.016022744975931036,2
0.015929474929988544,3
0.015164106209205774,3
0.014581705535543402,3
0.025766437174474716,6
0.05968228539455267,6
0.049601124058093846,6
0.009257732051775505,2
0.03661929066623425,6
0.11499264225083695,1
0.0444044861844657,6
0.10262872235613593,8
0.01437057154436866,3
0.013981684690449442,2
0.02783868361295505,6
0.021667956432860458,3
0.009747838489419736,3
0.020834301706436034,6
0.01911306357975001,3
0.014664267099815498,3
0.015320340973889013,2
0.07662640294151925,5
0.03002837972059269,2
0.0086959465196359,2
0.029665965883729148,2
0.08680491751553376,5
0.01813586858830446,2
0.0024733980856787158,3
0.023178817694746015,3
0.058514481422486844,5
0.10369154195147606,5
0.01285675654634727,2
0.010133476444632875,2
0.013373259155502012,3
0.015322955956952197,2
0.017267285558528217,6
0.030541810641381117,6
0.07053318614876855,5
0.0068857349531658285,3
0.022787344697813725,3
0.026810651221035972,3
0.06375537992535384,5
0.08420478083818911,5
0.07527614194719684,6
0.0367883470000336,6
0.028683343463349553,6
0.048440007310078914,5
0.014144432266591067,3
0.014310466932654364,3
0.06033618419171023,6
0.03655820062474943,6
0.03449703951890809,6
0.08038781085431886,5
0.049718414184052984,6
0.005035173551394392,2
0.010383539973509992,2
0.032259068325838164,6
0.014807108319999318,6
0.05795554581509377,5
0.06935564214445789,5
0.013246577100110554,2
0.0535154947315023,6
0.05132072549510214,6
0.0023003649526175673,3
0.12072465901409211,5
0.012072101019334286,6
0.0725376731152703,5
0.02146932287769024,3
0.019703854290456332,3
0.012585278318279075,2
0.022605267201441945,2
0.07739502056139369,5
0.006874197390482381,6
0.006839515357539849,2
0.038723150977048135,6
0.016403397139184664,3
0.031382813723203076,2
0.05015378089575122,5
0.0628408196997749,5
0.01938372462187478,2
0.029950522931316503,6
0.024581396520164278,2
0.019484419772265046,3
0.02208691619746156,6
0.026915792820842582,2
0.005565234319450982,6
0.0166475714692383,2
0.07613415940481591,0
0.013592031364006885,5
0.007983918052330258,3
0.03333357292482318,2
0.0683120652962119,5
0.03711146768442852,2
0.10115831216616504,8
0.018025007641114726,3
0.02755106380455058,2
0.03517345332375188,6
0.046293707735867023,6
0.03301266678036956,6
0.01180335602980992,2
0.008504325424321987,2
0.020391360551580973,2
0.021778113261331097,2
0.012609407631504949,6
0.019947405341982957,2
0.01694643302782911,3
0.006850406151175659,2
0.039084138972280316,6
0.02894428370071693,2
0.019866139462283258,5
0.0028853559395553563,3
0.0577458509397476,6
0.009473043395287192,2
0.0728949369134181,1
0.10389208147877542,1
0.01652062600687286,3
0.01829007137862851,3
0.10407567569466641,8
0.044667032697888284,6
0.01612369621552709,3
0.01618325195461265,2
0.00033130397454808613,6
0.01711811940038656,2
0.026462440445724544,6
0.003850711174760685,2
0.1414432223013185,5
0.01983417835919886,2
0.01039961880949411,2
0.018597042262354452,3
0.04170283415714508,6
0.008632126323212919,2
0.02806434775477981,2
0.03244098753837668,3
0.08192275855861286,5
0.06332662213454973,5
0.035801099501108546,2
0.0351578608435274,5
0.06726530866062419,0
0.03085297976682161,3
0.04904259005516218,5
0.035071290800598426,6
0.05657994937142227,5
0.014664840111883154,6
0.009742077271272298,2
0.09414684366472105,5
0.05071183024843634,5
0.018754931775522482,2
0.023748169653667786,2
0.024639960362799945,2
0.01718159578739248,2
0.02478386751656514,6
0.00802451612920535,3
0.051264427554664246,5
0.007143734297751919,2
0.019154273788341183,2
0.013956216994302939,3
0.025873589250529627,3
0.030359818814988962,6
0.06556095891314295,6
0.04040281231120657,6
0.08119757082602802,5
0.014067375807062882,3
0.009200481384543685,3
0.07138185762528894,5
0.026412985673669703,2
0.01643761033858393,3
0.00764538548548227,2
0.030430927995281354,2
0.013309365456191796,3
0.1039476535180881,1
0.08827724096515344,5
0.002985424470598394,3
0.09519310258625602,0
0.018893030773048963,3
0.02524790424394023,3
0.03391963501466551,6
0.014380414566639466,3
0.01661116134149912,3
0.05575159490287225,6
0.014667446167374337,2
0.02478592572304962,3
0.03406237971138944,3
0.03967042234351714,6
0.012522622509682835,3
0.01453754530565926,3
0.08301074171317702,1
0.0,2
0.011188647506193028,3
0.0771055283329325,5
0.02973577233430358,3
0.01797775654957451,3
0.008301048174728806,2
0.06222796639700859,5
0.0,3
0.03272840220169172,2
0.021860775258826515,3
0.007646960131696939,2
0.014517060803260817,2
0.0061837856454147605,2
0.01445804912422391,2
0.012775078715840854,6
0.07354065743633541,5
0.025985011110754352,6
0.0,2
0.0819148339396495,0
0.014986728726887,3
0.013350460947719009,2
0.010537962243147597,3
0.08169725339727252,6
0.03768697403675435,5
0.018325809669415966,3
0.02246684884545147,2
0.01806403281827193,3
0.024749689325510485,6
0.014025922933588356,2
0.05744359797191323,5
0.007792602031209281,2
0.03331554099787469,6
0.08165936461843794,6
0.023028228540709905,2
0.06709373133465252,0
0.05171376177392284,6
0.001905242495910009,2
0.008475676274400948,2
0.006210064840246957,2
0.0249169479711306,2
0.011165346907454465,3
0.040468764203999696,6
0.08865722450555968,5
0.014123465363556936,3
0.019013586676102395,2
0.02781694211874286,6
0.05930619270003874,1
0.011608130940328892,2
0.08151437577500956,0
0.11963348886322951,8
0.0690096669064748,5
0.01008571126923255,2
0.05931269469101702,5
0.037398981962698155,6
0.010724622224226849,3
0.054913029980707545,5
0.05386861336980578,6
0.04363282847184119,6
0.08493507424767624,5
0.05852612749339384,0
0.04399587758236964,6
0.14429183544701477,8
0.023671183674612947,2
0.04181474172569666,6
0.04205463435567337,6
0.010342363954864514,2
0.030167492368734186,6
0.012739411077194937,5
0.02130581441620004,2
0.014158192165139305,2
0.04873397722063097,5
0.017937535782944658,2
0.03744849830099667,6
0.019562351176495504,3
0.08228814664631022,5
0.06403448584379975,5
0.015246140026930421,2
0.01769450462911594,6
0.053320987314633334,6
0.002171292638342953,2
0.036538586860598216,6
0.018869860983078135,2
0.025521491289347456,3
0.019168294835089847,6
0.09669938689903967,5
0.016253302257515923,3
0.01525595339016031,2
0.0,2
0.037847573599792156,6
0.03316950288949927,6
0.0847177481397934,5
0.0042305946325838645,2
0.05234545678405808,5
0.012050260834663207,6
0.01313355770578882,3
0.03787380859638255,6
0.012870421157880493,3
0.16241875364335515,5
0.010613771343028322,6
0.02757004096441787,2
0.017416470468615247,2
0.042463936266301516,6
0.10622668509464131,5
0.04546581594399815,5
0.07364808152212231,6
0.08159914679320322,5
0.03159809797048799,3
0.013984042980457675,2
0.018243901849400293,2
0.016598617440959404,3
0.10148202214886753,1
0.029132725200066767,5
0.02561277011524825,2
0.06237339794600594,5
0.07298106169457702,6
0.05244433863689253,6
0.029802563009936806,5
0.031212975660311587,6
0.044135560651886646,6
0.044803636123435575,6
0.028004363627071066,2
0.0027631659243790296,3
0.06037683609909836,5
0.012519591766246327,3
0.017765628854245027,2
0.05169847319343007,6
0.022269169918625098,2
0.015445082784924985,3
0.019122936021919668,3
0.0397022467589874,6
0.04867930184661698,6
0.028703462033762478,2
0.03259441718077309,2
0.01356450704779262,2
0.09742574995939633,5
0.016589406657460823,2
0.03991177766585369,6
0.007306553149977468,3
0.022190611450525713,2
0.051967214451386814,6
0.006693679030020966,2
0.017720012041111677,2
0.011314444796900289,3
0.036339222369394616,6
0.010777404062824236,2
0.05096513295598282,6
0.025542104398559917,2
0.016047541597904336,2
0.012763295772599048,3
0.016571468028870315,2
0.06763011605790531,6
0.024948509176272726,2
0.10061083729838632,5
0.011644693861146596,6
0.051167638488591405,6
0.008261799695966132,3
0.002230052040165409,3
0.06306148926492894,5
0.0639134977539163,6
0.018531912015675167,2
0.0238157530060219,2
0.10382463666026176,0
0.048907588495910634,6
0.02620276151314524,6
0.030798215408634838,6
0.029541424511343256,6
0.07066602419579127,5
0.023568744022404886,3
0.031195049059801763,3
0.030724382440349363,6
0.11290488885857945,5
0.06921037680495858,6
0.06758886425083765,5
0.01979993653055734,3
0.07801344370212066,1
0.07705676101947778,5
0.0,2
0.024252432806844304,6
0.0,3
0.02089941407821222,2
0.024455906601270866,6
0.0111242411822296,2
0.019485395209080242,3
0.011464905185306504,2
0.03190357025326984,6
0.05318654328894103,6
0.18885805470454808,8
0.053182277558492835,5
0.012428083546056456,6
0.003233008650599112,2
0.017264782806986304,6
0.012316206900829851,2
0.014372656062235076,2
0.042633523412437854,6
0.03678086898236445,6
0.018220724749415787,5
0.028959728971034493,3
0.07192554996239739,0
0.07689836632482243,8
0.05342272642417992,5
0.2568762859538618,1
0.004680934222109495,3
0.00701607597200167,6
0.03930215179027663,5
0.009832031526919624,3
0.03153399657299036,6
0.0774126353745514,5
0.0,2
0.011498131169300721,2
0.011579248055313726,2
0.06153659754038936,6
0.022507537574650224,2
0.014402925620531623,2
0.020116950915144427,2
0.05190585270506172,6
0.1024912590181537,0
0.0028067145340931327,2
0.012595761423361732,2
0.01894422713806783,6
0.018121929380864765,5
0.01766399025127434,2
0.07855002815280135,8
0.01843194317933157,2
0.037578267302471435,6
0.01025519689311502,6
0.012908966600644362,3
0.060404298168852455,0
0.051886482781876034,5
0.05958525217529717,6
0.0699242767765392,1
0.0025447291357965224,3
0.041940372859609,6
0.003049465794988687,2
0.05184424372338431,5
0.030042625367053516,6
0.015189086908419525,2
0.05286811436516976,6
0.01044502773602407,3
0.06272293428548927,1
0.006683673389160358,2
0.0552068987937174,6
0.02251603928246669,2
0.01957658792772278,2
0.012140967918361709,2
0.05726023379050049,5
0.014100424192359282,3
0.03263214134149442,2
0.013062160162452499,2
0.018082566529193433,2
0.0368778065076993,5
0.028931794610548095,6
0.0334288428514468,2
0.020570810985902466,2
0.012458350238176971,2
0.05879072888111932,6
0.0399470141317321,5
0.014768948641098595,6
0.043839210325362185,5
0.03551147268287834,6
0.04598728503658374,5
0.10318459035677538,5
0.035557846027426954,2
0.017527594382972356,3
0.07531269994162615,6
0.08554576133522275,5
0.08505299042640627,8
0.02226411245236841,3
0.023159509919310373,2
0.013438543377386217,2
0.10755614132742194,8
0.04559104740309218,5
0.0630599548598135,6
0.05049394773519028,6
0.06004669317766677,6
0.00698774710789643,2
0.04332586687264217,6
0.012545464695191064,2
0.026628851946864374,6
0.0247209743687814,3
0.03557647797801548,3
0.014392659002278235,3
0.031374084450706,2
0.04432123097255937,3
0.012056580552497448,2
0.018213060283778323,3
0.018173824157132507,2
0.06217885915314064,6
0.04957124128002294,5
0.062237315588448944,5
0.012270460323779875,3
0.012529658573348715,2
0.01838640987068524,2
0.027893448207359034,3
0.05547137628118566,1
0.03417326167536258,2
0.006334942646731484,2
0.009491111076351727,2
0.044743637023683766,6
0.0001711264657637962,2
0.014426428213068249,3
0.060022007125042326,6
0.014936050354426078,6
0.05295244985409926,6
0.05018773736333676,5
0.025316833453161963,2
0.015268377905286387,2
0.074613843712457,5
0.01429478946707978,2
0.06195961992591889,6
0.03984323431984654,6
0.007477704201179547,3
0.0393537347054773,2
0.04927557277498189,5
0.017713032483659352,2
0.033420942152038974,6
0.02206728217237669,2
0.028540918419446393,2
0.008528302865686885,3
0.028450732602210427,2
0.012569912497627553,3
0.013091055894853015,3
0.000988954435409986,3
0.020222916421706982,3
0.0456628539552692,5
0.08812635948674571,5
0.04909370118617956,6
0.006242889130247439,3
0.275411864810383,0
0.10898430886390575,5
0.00253372567204041,3
0.08018437439239308,5
0.03675287904665768,6
0.052873159578109494,6
0.04146555957023387,6
0.04329443639064874,6
0.01666565164123328,3
0.07752853137067109,6
0.0,2
0.00041723982515651237,2
0.057642931759184446,0
0.011006867437029902,2
0.028602525068682827,2
0.014730362685202142,2
0.05270780673873757,6
0.04736454952839261,5
0.013979180754883372,2
0.07100782533693287,5
0.012845221913843907,2
0.0,2
0.019400219928551732,3
0.016054314266112618,6
0.051159349224228795,6
0.03031102898539617,3
0.041872627609320534,5
0.10965844785198572,5
0.002942796970559103,2
0.020783321010005504,2
0.0035535907188655735,2
0.012615088778639427,2
0.004767408591681732,2
0.0,3
0.017365262948574794,6
0.012906759966319917,2
0.016077817903223934,2
0.01887595955187385,3
0.00013235333189814957,2
0.036858633801038376,6
0.004219238348691395,2
0.00944366221901094,2
0.014122669082823808,2
0.09295214349541095,5
0.017686742629620514,3
0.04403269889609429,5
0.04336384612665789,6
0.1339133205694687,5
0.015177872587003038,2
0.08166029839469306,5
0.026706399052552218,6
0.02065519480607103,6
0.013440139867039763,2
0.06456962307723849,5
0.07372941354668644,1
0.007435228231030502,2
0.0208384772722274,3
0.10603604168881497,1
0.0,3
0.011112358379424647,2
0.021928713593439647,2
0.023422196091544334,2
0.045282074417099985,5
0.011875892797610366,2
0.03577616693816038,6
0.01125403650405267,3
0.07246388036812842,6
0.0355702643683246,6
0.0639494753225435,5
0.015135839700226028,6
0.008144844488288089,3
0.024054038511299863,6
0.01936805874837535,3
0.07693210306115084,5
0.018227117303052598,2
0.14692746916156801,5
0.02970475128154454,2
0.02858625285552277,6
0.03151514248031036,6
0.0507516573751938,6
0.007049551122189204,2
0.03728309350378356,6
0.02058101289362746,3
0.02238403526981203,2
0.04109350818929543,6
0.017079068813522724,2
0.02052567398853465,2
0.06738188667455866,1
0.03976786764486179,6
0.06720508052562472,6
0.05920590370441031,6
0.03873658757847791,6
0.05367694100907175,6
0.013704591364983448,3
0.010803379045857847,3
0.010460436630858425,2
0.03036818199689982,2
0.027984607089638486,6
0.014514201661046194,2
0.009368001279476679,2
0.0197634663479401,2
0.01900562618610188,3
0.012923277877961575,2
0.017440805692774036,3
0.06042543782197253,1
0.1005318860353148,5
0.00849151674828777,2
0.014424946894939089,2
0.027546424742532855,2
0.02022345309932,2
0.015528355143869799,2
0.013910580204501338,5
0.041814543565681386,6
0.022222926027699152,2
0.0057731620717816345,3
0.030674923322404943,3
0.009915614972945797,2
0.00493073914548145,2
0.007751625592790357,2
0.06376649934627343,5
0.052365241403837165,5
0.09370943033950148,7
0.04424696267253887,6
0.009248858398859361,2
0.007617612065599272,3
0.11284166186391466,5
0.08027653464352251,1
0.1418363133134165,1
0.004604898215010561,2
0.03345816527011572,3
0.0973443467225812,5
0.02138245169942528,3
0.0,2
0.009955510329404643,6
0.024159765969779923,2
0.037712076581451565,6
0.01570881686445974,3
0.016324558991068605,2
0.034321634133424705,2
0.05464967242481375,5
0.02807032879719229,2
0.04518868894941927,5
0.014038009312655586,2
0.02623462459962067,2
0.0086709393369645,3
0.01777677736361513,3
0.08174197721146227,5
0.043453268385495264,6
0.04691368317501611,5
0.004855251703138663,2
0.004356682894069902,2
0.055287781477809606,6
0.026166584537870463,3
0.09414328594218127,5
0.05956856229599905,5
0.024570124952025665,2
0.044835549698066024,5
0.02394334876874074,3
0.014048127255351761,3
0.012335970303874871,2
0.00011095181596798565,2
0.038918104711000684,5
0.026911204139889636,2
0.07727211601574169,5
0.0,2
0.006911294355818762,3
0.023716876020310973,2
0.022384991554952494,2
0.04289254382148738,6
0.08372688114409059,5
0.07935465361117752,1
0.005538146636560465,2
0.014574365368581255,3
0.039600179704505606,6
0.013717034258404176,2
0.04188591760379856,5
0.03987420004780523,6
0.02358484528656704,6
0.06917947076287793,5
0.011737874047050886,2
0.021417694049426533,6
0.010203069399987774,2
0.05185245638580485,6
0.01613970411499213,3
0.012335969701398303,3
0.03912620668505207,6
0.018900053389778654,2
0.062177173061192526,6
0.03115601506621904,6
0.029675289257939108,6
0.001768310631333203,3
0.06726583518799437,5
0.07575685962713391,5
0.01813900832323298,2
0.041833902704676865,6
0.1935483055739946,8
0.007417469941797553,2
0.0067659571761305715,2
0.006694648742648274,2
0.030148691943791633,6
0.017429221250306243,6
0.030087629276654787,0
0.028325480592274854,6
0.008165638516927642,2
0.031736299195687365,2
0.08547874761116037,5
0.006795391707258347,2
0.031787539511525076,2
0.115643539461708,5
0.024156863549791352,3
0.014802025269349789,2
0.026173988974845228,2
0.032352032413998366,6
0.051137333694538434,5
0.003531331312433883,2
0.019441381616781175,2
0.009375064793310711,2
0.01050557335051766,2
0.00885773204438689,2
0.01774544779564763,2
0.040891502715651784,5
0.00838216274218763,2
0.029852779897684673,6
0.00580356025600548,2
0.05557463134445907,6
0.028113097963817446,2
0.060421634158386944,6
0.019854055481417415,3
0.024782155817357432,2
0.07058898692365495,6
0.09030910680177784,5
0.07257234491501409,5
0.106849140853578,5
0.026197230960959314,2
0.10620554795190092,8
0.028357301188654455,6
0.018006038262190993,2
0.014777724939855852,2
0.041875656788419174,5
0.015551447731724538,3
0.06729718843697413,6
0.058580834916043434,5
0.08223815885113103,5
0.060380308216150064,5
0.04205897636679232,6
0.07047543797812525,5
0.028001371779270257,6
0.06915628649248169,6
0.03862674217599796,6
0.02071670743536802,2
0.020289729377302904,2
0.00925945500100836,2
0.0400967986209234,6
0.024533279311337225,3
0.006544705117412952,2
0.040055457810928424,6
0.024405178211421658,3
0.002558044479984478,2
0.008503799300987186,2
0.0013333026981086904,2
0.09491025414009618,5
0.02666346198910638,2
0.02638717812504454,2
0.019474898713513433,3
0.003748136059560536,2
0.018093312770922437,3
0.035304283784550916,6
0.013829792392651918,3
0.014772573726650029,3
0.10771493375787652,5
0.07349853198404052,5
0.019119200361218627,2
0.05378611592245397,6
0.008959795148943892,2
0.009920341190575416,2
0.01113384527434623,2
0.05961852000196473,6
0.04639543017338105,6
0.01045059208454327,2
0.015513730774487255,3
0.04256316971701779,6
0.016224216462277286,2
0.0408977484796398,5
0.0,2
0.023081837816203654,2
0.016604612422592688,3
0.04672115392836254,6
0.06396364243196562,1
0.06705614647066307,5
0.1188156910363208,5
0.04953892464182533,0
0.06701492298092504,6
0.04800396324512385,5
0.022455276523270146,3
0.07929305522795349,5
0.02639302382277227,3
0.02611226443918198,2
0.07698307838617643,1
0.012228573168356446,3
0.08066829410116116,5
0.013381376317870786,3
0.007606945420330052,2
0.017798158075612275,3
0.05722194833443467,5
0.006907410500353081,3
0.0,2
0.06541513768914146,6
0.06437621577620882,5
0.043092488763224884,6
0.01262061669813462,3
0.09281497572897274,5
0.2731287914380377,0
0.0476219813660734,6
0.09600123578839972,1
0.048588732049674926,6
0.053927786617436815,6
0.019417060227821775,3
0.009650090858140892,2
0.041347435700402016,6
0.026564349940578685,3
0.07909557052680483,7
0.03747196028733091,5
0.012481679939456397,2
0.012584951302841846,2
0.020250220783655695,6
0.0396920123063597,5
0.08631308366474473,5
0.0,2
0.009285332105809674,6
0.06884125413075227,5
0.04188212311267986,6
0.014677184304863422,2
0.018656431614371,3
0.014045813451069755,2
0.11743756714939152,5
0.02683834301078704,2
0.02594482842446308,2
0.11422162104135486,8
0.004282214045679383,2
0.012320599514717631,2
0.10719331357556733,5
0.07134510070678973,6
0.022564819123856855,2
0.05472582297370164,6
0.02376825954749505,2
0.029989866729453724,2
0.01892749672596164,2
0.005924769972498384,2
0.031130113977291263,5
0.039954962409022174,6
0.006107358581673772,3
0.02197135395537092,3
0.02681419514535774,6
0.008302788110546744,2
0.0512988986170399,5
0.010562169701342994,3
0.12306750668546199,8
0.06857635310440852,0
0.008781500658361086,6
0.009425749736445346,2
0.04138401202686062,6
0.004457613705600383,3
0.024151793873671612,6
0.014574782008969653,2
0.01793731275344773,2
0.014070928226538312,2
0.07493111847336975,6
0.020004259098674648,2
0.0687166942270322,5
0.009530513673677063,2
0.07268181223955872,5
0.08189548618393742,5
0.021952200666857075,2
0.00866322772928349,2
0.04019840176412233,5
0.009651524258795952,2
0.0374309785871722,2
0.025773752197281785,2
0.02709140459485554,5
0.021065292900720428,3
0.013361567648602524,3
0.01325556430478042,3
0.023676909647493916,2
0.07975921009956378,5
0.01366199812142796,2
0.009541079932240681,2
0.012161050659270728,3
0.04667221253203967,5
0.007237549036285623,2
0.010755137506908569,2
0.02443197703566262,6
0.0013990464840465955,2
0.014572308468211698,2
0.01864800241111167,2
0.01751266368446905,6
0.009923370829455713,2
0.021252416824025636,2
0.013806991689946868,3
0.0,6
0.05221704115485917,6
0.06137129051971271,5
0.03566104192952152,6
0.01607417810884537,2
0.019318088568985967,2
0.043746680755148926,5
0.013819345501935767,2
0.022827225184494412,2
0.10574808385907883,5
0.013861546498942029,2
0.06401058313574783,6
0.03972112088150785,6
0.042530200944611296,6
0.01694092751615213,3
0.11183477150097983,5
0.018332794259166257,2
0.07520605156282305,8
0.009521890037276437,6
0.0036018558987263583,3
0.008143898964915852,2
0.0013461486596377248,3
0.01119502133508904,2
0.04825727076410938,6
0.038989802191147005,6
0.011764113016831002,2
0.010766860315352761,3
0.0961285213962614,5
0.03408466688536825,5
0.013883281709706485,2
0.01023100963249765,2
0.01849562066864567,2
0.018486172274321616,3
0.08130169097564735,5
0.06401839349663657,1
0.07469192715626455,0
0.020492737173877965,6
0.01475612735580513,2
0.02420811178052823,2
0.030805593219754263,6
0.03289492163935226,6
0.026093490807515385,3
0.0,2
0.02564336956560384,2
0.0135468774286404,3
0.13463818780406528,5
0.0192884737898929,2
0.04665262411186363,5
0.04196985602831815,6
0.016163951144657768,2
0.04815169618362444,6
0.02359408026517111,3
0.014781789400939827,2
0.08109778546573383,6
0.07908589771799104,5
0.05554172797602455,6
0.0,2
0.011729980515450489,3
0.013732295737322944,6
0.004681441650333684,3
0.051244007139307074,5
0.006455111828988946,6
0.06320832727449864,1
0.012853746682585557,2
0.007834233207603403,6
0.004721933550888652,3
0.027696542412558728,2
0.022310972659973893,2
0.010376354105654684,3
0.049513593054234945,5
0.03432315147358429,6
0.010807384180448243,2
0.0715036479488564,5
0.017722424701620776,3
0.020938656975187236,2
0.04456983694845072,6
0.030842964886957216,3
0.03672862374568597,5
0.022099740277265745,2
0.03570674977819008,6
0.00832703593021003,3
0.03444576643211518,2
0.010658290493280542,2
0.0774963202884209,0
0.022459526187837905,5
0.036612948989268534,6
0.014447542181157041,3
0.034270519672561214,2
0.09710889424440022,1
0.025473766191221048,6
0.06652738156222138,5
0.010672331312947092,2
0.009062015548471677,2
0.08305338492530144,1
0.0008809488892566053,2
0.051458643269659946,6
0.008510798637461292,2
0.007474505360346995,3
0.0033933680263152216,2
0.017659058296730562,2
0.030940745348013957,6
0.0551856714678447,5
0.05558339963494627,6
0.06417691786119015,5
0.051828564967261986,5
0.0019617959060166945,2
0.03279152217203013,6
0.011524988499545197,3
0.07198728467017994,5
0.06200952012824901,5
0.0005080482779839524,3
0.035531471868402026,2
0.0,2
0.01430722305154325,2
0.12603462025714451,5
0.020081622699094054,2
0.024455786716796074,2
0.013517993388979327,3
0.2650365953580146,5
0.014524923448977642,6
0.049530960224241416,5
0.007723066245933163,3
0.05927575402286092,5
0.020344200245974164,2
0.012842708572500777,3
0.006890852613403928,2
0.018761295264652852,3
0.07559364300387583,0
0.06919143547536094,0
0.02516213990425395,6
0.02246359025513185,2
0.014923755983312553,2
0.016421402499214754,2
0.0785124545205299,0
0.0048160423810886255,3
0.022591616335038797,3
0.011361613769479958,3
0.039199440912614084,6
0.00280660171052996,2
0.010782913478867992,2
0.06518428536940606,6
0.01943857998643818,2
0.005835834480976243,3
0.07952185828869723,0
0.08775507548523599,0
0.019636064626049846,2
0.009030063409557865,2
0.021202481525425435,6
0.021705652871963993,6
0.022089941064980356,2
0.018830345469156295,6
0.009276703149812604,2
0.05627349792050185,5
0.011351095124729288,2
0.059750238287097926,5
0.026318673949966287,2
0.13905641306214978,8
0.08790096697467657,5
0.013180107335112934,5
0.02272495991229201,2
0.011836977087093747,2
0.012366637195470626,3
0.01987533865415919,6
0.010523282496454942,2
0.02375950658472313,2
0.08600773697584334,5
0.016149145567716877,2
0.011886801303397532,2
0.04929962780891965,6
0.03444713150694646,6
0.01873551419528488,3
0.0471900530573337,6
0.026596646709251243,3
0.011135204186563413,3
0.004484680022894386,2
0.007666693144562697,3
0.07415064670455315,1
0.005214788413443472,2
0.0155560429828345,3
0.12419069752888401,5
0.05987787336077707,6
0.011327020128606147,3
0.029342357595790902,2
0.09300178691301611,0
0.04379273233123565,6
0.044028472378358635,6
0.013410965679528639,2
0.03784126193220588,6
0.03139587176087241,2
0.014372728383230948,3
0.010681974467483146,3
0.015582953682120634,2
0.030911780558559296,3
0.013238088957039429,3
0.013223056385357979,2
0.0012645805166888457,3
0.0033048525182192146,2
0.11739353572419943,5
0.010652192428815807,3
0.015144410040292239,3
0.0064533778248462015,6
0.05694361167450718,6
0.06800769661672099,6
0.012516487600424231,2
0.010557193315133578,3
0.12057603921260526,5
0.060109512889332625,5
0.020575705379235615,6
0.045956760261618684,6
0.017354288525142966,3
0.042538011252883756,5
0.019253695892913147,2
0.04872151249256805,6
0.15138954428572926,5
0.042441281463221195,6
0.027148024008360902,2
0.0052042649894105675,3
0.0017790102145293918,2
0.017320019054517438,2
0.04462838289148141,6
0.012321515626045915,2
0.017042660169747884,2
0.0216139888878657,2
0.023689289344861905,2
0.022573675604425414,2
0.019983556363327493,3
0.1124302890490638,8
0.04228529189813507,6
0.1438975128247208,1
0.011884237673443362,2
0.017970508927488055,2
0.12095600840600582,8
0.028976993164101572,2
0.05480015773400593,5
0.12257299664725721,8
0.08380510991540341,5
0.03017431075806032,6
0.04221720809486873,6
0.031248919584729667,3
0.046133636218948004,5
0.09391137528427819,5
0.035712147332961144,6
0.04853205869554726,6
0.08695964643011808,6
0.008673733579257242,3
0.022708585256095704,3
0.002324228679989465,2
0.05830496602431015,6
0.0544803616482937,6
0.04047219400331252,6
0.06419344950310328,6
0.012628374642669471,3
0.10485484153424375,8
0.11090621426800003,5
0.021787557235565316,3
0.04450172522522178,6
0.012867041557976217,2
0.045071465188322224,2
0.019289896028868436,2
0.0016519068886989563,2
0.05579500535878411,6
0.08202827720393922,5
0.1327414828210053,5
0.011488812656369113,2
0.05282118476502312,5
0.015604455210949414,2
0.07920170842663554,1
0.028314724044610287,6
0.038737853572349906,6
0.0044830009759134065,2
0.02359184598458032,2
0.0043069050332520675,2
0.003058844261231722,2
0.10549987418332983,5
0.02496578669020985,6
0.014962069941874892,3
0.1263043925387906,8
0.05921136972760789,5
0.004397585835000717,2
0.023131596455045866,2
0.07099886578055166,5
0.008109672030773507,3
0.01376674458899721,3
0.04082920207274918,6
0.0,2
0.01452825896848993,2
0.030198290699010713,6
0.09215568732510404,5
0.0725114924686987,5
0.020367305027209515,6
0.16829427464869373,5
0.047242019984721856,6
0.10940982304200675,5
0.01931607002878874,6
0.16065598705050665,8
0.01923133366590775,2
0.03530063484744969,6
0.02850436986477825,3
0.061121451443239716,6
0.006577017390351783,2
0.016655954676998652,3
0.16380485894945757,5
0.015382895143274705,2
0.022910277404844692,3
0.07474875436327184,5
0.08541879681801862,5
0.023974522367087886,2
0.02324551434877642,2
0.10419307108328923,8
0.029035969212260718,2
0.009121095862338335,3
0.0174492697828635,2
0.04793790751028293,6
0.01846128258046492,2
0.022041066568249543,3
0.0183506766035844,3
0.017871417588433414,2
0.027391925091037828,2
0.020673008274998406,3
0.03210736369889097,2
0.01930510673097137,2
0.06234048453807711,6
0.010913708430149452,2
0.003442366631961055,2
0.03444615312710231,6
0.0023615702831716046,2
0.015839096201154132,3
0.009581237280374313,2
0.02357826843202189,2
0.03310714556624643,6
0.02908394140157261,2
0.0296545435330669,2
0.03922873681414413,2
0.014173327725308563,3
0.0,2
0.011905313189348399,2
0.031342470426088564,6
0.016229666428118628,3
0.054753833277224995,6
0.016192560864756095,2
0.025844449457285312,2
0.010790601552869733,3
0.017207030812106824,2
0.05404202445673348,6
0.035289640920233956,2
0.023866854433939447,2
0.027959044473983938,6
0.019492470440222343,2
0.008452648229499371,3
0.00890742038704058,3
0.015360482470583359,6
0.05970986160279182,5
0.016134994010528786,2
0.029290063571082353,2
0.04026424510237456,6
0.06020320023675452,5
0.002884692105719844,2
0.013453745506678785,2
0.12295801630233084,8
0.017271253821979,2
0.006201000647789237,2
0.026028307702522638,2
0.02635518754787229,2
0.0362878104939951,6
0.013073481152772792,3
0.006492690623928099,2
0.035185169370899244,6
0.01741670147452501,6
0.0,2
0.03361577017676809,5
0.02048509345917099,3
0.04047526489393824,6
0.02128986506020554,2
0.03292970259412081,6
0.00636005084858382,2
0.02561514218091944,2
0.03451956487906695,6
0.01836861138302584,2
0.02960783069430538,6
0.014709292812156202,2
0.04600610516493951,6
0.06451098227280551,5
0.026772701744896585,3
0.07798408636778156,1
0.0,2
0.009645367459837878,3
0.022119747320785046,3
0.050178430644300484,6
0.03477241000812731,6
0.14544434111263727,5
0.09528550941953952,8
0.03069088273987565,6
0.0412062527726515,6
0.0020230366723437976,2
0.038456349401177106,6
0.019875846704837358,2
0.050851193139508144,5
0.013868892119990428,3
0.021420907222884034,6
0.013006638297774181,3
0.014360132854497679,5
0.02203747827533005,3
0.0064497369938411875,3
0.12773910092560525,5
0.02810339347700265,2
0.011067885066932154,2
0.017259028605418017,2
0.05547521566114426,6
0.04645318956696054,6
0.0208847558567241,3
0.00816032793751409,3
0.021488855297698034,3
0.03897025013408904,6
0.02344649673689822,2
0.009488877100630275,2
0.003017981813620202,2
0.028511431181645647,2
0.00772555051604551,2
0.0,2
0.02032115284858893,3
0.023420264956760847,3
0.019490363974180747,3
0.025107345822004454,6
0.13264284281739647,8
0.042334853104567596,5
0.027037626284201782,2
0.08136959830293258,0
0.02544968899740538,2
0.0813786983065931,5
0.13799561507812486,5
0.019499545476066943,2
0.015996810231456465,6
0.01672057390636568,2
0.017792658911847836,3
0.07481788834571135,5
0.01003118282416629,3
0.04271275794997022,5
0.014960260961160293,2
0.07484918109248115,6
0.04566868990870032,5
0.018761082792552092,3
0.014325661803671147,6
0.05103709337693832,6
0.09155749825444227,5
0.08404011680680404,7
0.008360894005147723,2
0.030155405277544428,2
0.012585620145188242,2
0.10615129186249306,1
0.00564644005859008,2
0.044885097502543825,3
0.02860315363425471,6
0.02623373959515901,6
0.03549521564310837,2
0.045084491162203144,6
0.0,3
0.033342174891504775,6
0.04140803856553853,6
0.028820927814480535,6
0.030635782035793133,2
0.10073416920709533,5
0.05768389341102553,5
0.05536213707667595,5
0.025101582996721994,6
0.003213981839636948,2
0.0046940693214025525,2
0.10371978414776194,5
0.05903107792266035,5
0.08829765701130159,5
0.003133862393478487,2
0.037801477066011446,6
0.08850763254283411,5
0.012207352547120964,2
0.031735264156794396,1
0.023060198919155617,6
0.04671017038288332,6
0.02685409458285236,3
0.020726936097407556,2
0.005005376155217123,3
0.021210170945540452,2
0.01134884658823189,3
0.018800250037656285,2
0.06097275171525994,6
0.1455922350243141,5
0.008445161710049998,2
0.05905333107949763,5
0.032890234260943285,3
0.011056172134231698,3
0.023604495136080345,2
0.018994086543468527,2
0.12759981984183127,5
0.039516659353225125,5
0.006492288637138341,2
0.04774020939266396,5
0.004138937384492836,2
0.017259912395933108,2
0.019152121793686694,2
0.03905475735128662,5
0.01150139789730352,6
0.028968407093447834,6
0.03480316008468362,6
0.03651322349454231,5
0.007346715597002368,2
0.06751912645439381,5
0.02260502164721334,2
0.043922944385966084,6
0.09137811838278286,8
0.02284960087598581,6
0.018693147925676,2
0.014479641626513357,2
0.019028725939963798,6
0.07886925241301478,5
0.030327725695685787,6
0.05471954555719727,6
0.03156526407722693,2
0.06763077580428489,6
0.021178596758433026,2
0.025228759136269957,2
0.0026655870261137193,2
0.06994735969518463,5
0.025962206034910812,2
0.048581199815642795,5
0.06805331371874668,5
0.021323147511692925,2
0.07124401872963615,5
0.03409452167735895,6
0.1550852149001608,5
0.007683294314518058,2
0.003086014591200295,2
0.02016090985047808,2
0.047998520568156094,6
0.00034806258199138185,2
0.010459109258717014,3
0.008731979515337607,2
0.00997736180814282,2
0.06604740241384788,6
0.021747806122041496,2
0.05286725391123477,5
0.015318614766540492,2
0.019409112349720634,2
0.07316574403763096,5
0.04182614067436226,6
0.018911134890182466,2
0.01717582067679041,3
0.02375957399868206,2
0.05497601541209163,1
0.04222444713991433,6
0.008070943371066147,2
0.03765064363109172,6
0.06227885595729757,5
0.007845117744457758,3
0.04529713249730259,5
0.056018725931076346,5
0.0541537816183668,5
0.0820696038261943,5
0.005971598787004123,2
0.07899832345644875,6
0.06595211026405239,6
0.02124060918867582,2
8.883170957790787e-06,3
0.013063037069591305,2
0.019185429286693673,2
0.021920082693904774,2
0.17859311911733466,8
0.10027799000407873,1
0.01161112964500012,2
0.032071337534533145,6
0.0729516580087286,5
0.056472864172740334,6
0.01664880479584452,2
0.042693430696433624,6
0.0214117902369009,3
0.02822571076585771,6
0.004258914236219116,2
0.02660416251782105,2
0.05039818171285182,6
0.014637639466513155,2
0.003676478366095151,2
0.021976808745056198,3
0.01773644122584589,2
0.07264011623158273,1
0.011792766408503422,2
0.12209179175974888,8
0.051606949425335585,6
0.011780254396968157,3
0.02635956890989266,6
0.056215800135279825,6
0.06220561050061105,6
0.10898993256648404,5
0.05936753666841725,5
0.05650504879625581,6
0.011898647092235592,3
0.07833098902574989,5
0.024636411486251758,6
0.03683817373370714,5
0.0648379879359996,5
0.05890351942151424,5
0.05962557050977074,5
0.006772418072823028,6
0.015347094219098273,2
0.013562726303273473,2
0.0245325793238981,6
0.04438956421816806,5
0.02970170318352118,6
0.0010032745024383949,3
0.030216291600122548,2
0.023083047093472614,6
0.023214882474456022,2
0.008541039045138227,2
0.023761606868327456,2
0.02455006289914756,6
0.07468091691646717,5
0.020659343662335614,3
0.06402202253389479,5
0.03235200726792892,2
0.03314973147591818,6
0.003320758250081518,2
0.00868508491941343,2
0.030094581016992167,6
0.09131846901975958,5
0.042459523225516105,6
0.015962586672959994,2
0.022956063602534688,2
0.005976885064323811,6
0.0856446896126627,1
0.013710589414257929,3
0.0008304666595409516,3
0.06922444345743113,5
0.014706633984026218,3
0.02928838837956038,6
0.0,2
0.05959157606869997,6
0.07273459663055482,5
0.05982082743670532,5
0.01143439130173042,3
0.0769410385313879,1
0.028799053979752333,2
0.036146514985629166,6
0.0675168482592631,6
0.12633284735965644,5
0.01265339661603608,3
0.02646497643933035,2
0.09182265779333403,5
0.07405408305859154,5
0.013964191681245047,3
0.004584280517411443,2
0.004161165156618241,2
0.005062789979857291,2
0.008233256111675913,3
0.08102385664216921,5
0.003954750372390334,3
0.011441117343349183,2
0.020475374701716065,2
0.00936110160392059,5
0.023771110776567295,3
0.017729266647390746,2
0.039345932178333765,5
0.00949110210041429,2
0.011623148072460954,2
0.014724187487564239,2
0.12877470462806195,8
0.07294074322124043,5
0.08109571343763398,5
0.02873500815747712,2
0.009494359981724973,3
0.018988655824491635,2
0.046456938646083135,6
0.00776137256964346,3
0.02798604298401089,3
0.01329492878014274,2
0.013644208719721662,2
0.01808180569469324,2
0.02676996189382623,2
0.025189640051920356,2
0.08425424184977168,5
0.019192475516294785,2
0.04709969642581882,6
0.04791659816884708,6
0.005215207219825879,3
0.07321178251793234,0
0.08826346961618334,5
0.07104439034255404,6
0.0665375983266786,5
0.06171431043728702,5
0.04685325491200207,5
0.06908440869533232,6
0.042993351470971636,5
0.052921473974412714,1
0.0187815933203319,3
0.010379427675478017,6
0.021657945324690286,2
0.018230770453448397,3
0.11541205580082266,5
0.0,3
0.14453488280602544,5
0.08704219273784569,5
0.02343599061499585,2
0.16410908265088558,5
0.02831493751389652,3
0.030708324681704077,2
0.010113996122286265,2
0.000267119692917539,2
0.015211834309810879,2
0.061395863807158585,6
0.07604823325646298,1
0.052887310064491835,5
0.016871074415091544,3
0.008068003996169679,3
0.1116146061933238,5
0.029411838232479698,3
0.02780982706765245,6
0.06395339247329807,1
0.019736578695444887,2
0.008305546136227637,3
0.012387562513770274,2
0.020695553681920498,3
0.01434189559415773,3
0.012875175701229119,2
0.14146179277508522,0
0.04905386702995437,5
0.001435700858811173,3
0.007350882268422912,3
0.04921615160067071,6
0.06071069409363633,6
0.006022400320840449,2
0.030742890312924112,6
0.01407314732573653,2
0.017792806844098633,2
0.06105273012937325,6
0.020847381880495466,2
0.01633251483505886,2
0.017508754028610393,3
0.008639580874971325,3
0.00903229070736232,5
0.06980142218017052,1
0.07486875301456154,8
0.04694698558224383,6
0.014859982103623492,3
0.06386623040427175,5
0.002732754522852876,2
0.05502111199914202,5
0.01071910185663287,6
0.050417755417111354,5
0.04544237527810141,5
0.01316670608920642,3
0.01369126860670171,2
0.010928630266224537,3
0.007391729020619103,2
0.06704742814846831,5
0.12225231247188548,5
0.015180848762410742,2
0.10668664275234527,8
0.07134018641676498,6
0.1388892843978527,5
0.013385470165175661,3
0.007260440703228496,2
0.0664657624981353,6
0.051414452640373504,5
0.03557655603125304,6
0.017212136573457326,5
0.014091533015325203,2
0.05551586701476302,5
0.0077771253688392605,2
0.011893091060577454,2
0.008612599217533254,3
0.009424520801464178,3
0.015047557196292416,3
0.011010906074502405,6
0.02179114137160959,2
0.08561188093014888,5
0.05387656226837054,6
0.08037046946044762,5
0.02611229547705453,6
0.011605165333005055,3
0.005314237415216749,2
0.012768282942701464,2
0.012857424265086403,2
0.0126725018994025,3
0.021562953960876402,2
0.06826685501419436,5
0.01733287999506461,3
0.025343578323282934,6
0.046830106042137554,6
0.007722776566813971,3
0.017808592967164638,2
0.0,2
0.07273400413511336,5
0.04370464988489019,6
0.09409374085258111,5
0.003431243030436626,3
0.020269888274912662,6
0.013029479137605049,3
0.0519440137018546,5
0.03310683336167952,2
0.011606386063036045,3
0.01630658146946798,2
0.011742394494382052,3
0.007216116640629086,2
0.05532998530242719,6
0.019248351852695023,3
0.011653496570695199,2
0.07607943049824324,5
0.03386761465444012,6
0.009154141856009324,2
0.009884163659398704,2
0.058110833324190966,5
0.023623595525500016,2
0.023122720145317563,6
0.028108064295255045,2
0.04976789728182533,6
0.008239966687694722,2
0.008680258323041146,2
0.04815588686610474,5
0.03489768910746033,2
0.020710202621319534,3
0.02531651847302624,3
0.06751698998572872,1
0.0403648888358073,6
0.07646098486390357,5
0.05846616763888435,6
0.03382634741211443,3
0.08860228974612647,5
0.026315186517382155,5
0.07296750998148623,1
0.027430506108109168,5
0.015409840865195007,2
0.004236121725783026,2
0.020647325277564577,2
0.01236461598696359,3
0.01729189401454287,2
0.012977312726695361,2
0.009455375054402582,3
0.07499338165764427,7
0.08555581143524313,5
0.012854532225020754,2
0.04078715975168762,5
0.016030416550441712,3
0.01728608341711635,2
0.008622206735957233,3
0.059511153034566375,6
0.021125782616020106,6
0.03939943948356639,6
0.0736052604891659,6
0.02974374178042677,6
0.010842879723338056,3
0.004226781243656025,3
0.021207966467236536,2
0.03691861009409038,6
0.016053763728817422,3
0.03339653075743099,6
0.020010696601653,2
0.010535898687538153,2
0.06060829964489328,6
0.0,2
0.057103859520660244,6
0.03008893751358155,6
0.039192326639287844,5
0.00956832897428661,2
0.020497378300142866,2
0.008727387049496438,2
0.08849653372905167,5
0.011226933054375374,2
0.04235393875595486,5
0.03282710615927524,2
0.04898325407433898,6
0.09017123473271738,5
0.014321479190095104,3
0.010475497570890502,3
0.005810097111800708,2
0.014615421153597846,2
0.1032926233381409,8
0.057164459118234257,5
0.019802945543307846,2
0.016902803406288705,2
0.006796057459969168,2
0.01535044699569954,3
0.051826822126300826,5
0.0063958989962273685,3
0.10716281704766993,1
0.013043709575225493,2
0.019466755760495655,6
0.015130773310857146,2
0.019758755698282116,2
0.04322121389479089,6
0.029001461291234654,3
0.02274183276506489,2
0.0,2
0.010332353790255516,2
0.0026816449485208144,2
0.06615239102080912,6
0.09312059524667847,1
0.06037284091246298,5
0.013294554146971366,3
0.021797623911823466,2
0.01205617805343856,2
0.13372226955247557,8
0.053139950436724384,5
0.0,2
0.019375288416299874,2
0.004075274078359059,2
0.018457401696857112,2
0.06803744671138501,6
0.003096697905404483,2
0.012600299113845637,2
0.03160989344066609,2
0.019397775116647017,6
0.008774098022278909,3
0.025520374444474345,2
0.055008051069663694,5
0.06419467774340946,5
0.06382738040057348,5
0.01414940322684169,5
0.04250599134952879,5
0.007555274209665841,6
0.03969672923790407,6
0.013292246482926595,2
0.03553919454555676,2
0.00130894356077782,6
0.07434238750202889,5
0.022933268592483236,6
0.027810111368837348,2
0.03982138500861168,6
0.02489947660065872,6
0.02213473334655508,2
0.030725481057206197,6
0.01029298904657544,3
0.03191100694590446,6
0.0600942974193491,5
0.0,2
0.011971559867845094,3
0.017611546620627222,2
0.0038566834432278707,2
0.017709223960463635,2
0.029404207446632025,3
0.023563852102474192,6
0.002788299170340361,3
0.06436399268358883,5
0.019718036439721365,3
0.08023969384140167,1
0.1318257645929281,5
0.011206068955392279,3
0.1133564404155931,5
0.10800789227016047,1
0.07106255192771363,5
0.025788639592656204,6
0.03655740416562869,6
0.03812217657952692,5
0.014389011860472034,3
0.014276222690658313,3
0.022964708521371224,2
0.00819767551402989,3
0.023780758141129427,2
0.06648911411014471,5
0.018206825378985936,3
0.06484648772473807,6
0.025461660831367222,2
0.03791668702557585,2
0.03294205621372273,6
0.05438450773980978,6
0.06025023687599787,5
0.03642907416440638,6
0.05227182178553319,6
0.06293069539987756,1
0.0546707735105241,6
0.13763810184680345,8
0.041053020078320124,6
0.009946640667307827,3
0.009588363166081415,6
0.017699376187150173,6
0.06012233503140314,6
0.02139222517989392,2
0.0,2
0.0375919624458769,6
0.08512094664859124,5
0.009968019312371637,2
0.11630901228399573,5
0.05373643710656095,5
0.0011771249631921527,2
0.013901908550625203,2
0.08622140295128193,6
0.009942103108243838,5
0.05216241719196962,6
0.014719613774319712,3
0.06504748718289483,5
0.08896548317148162,5
0.016400191441049622,3
0.024170494007695192,2
0.017020441881935605,2
0.02881797518707299,2
0.07844584215543876,5
0.08246672863185008,5
0.023848566073266964,2
0.008171602921787424,3
0.020438005507059348,2
0.019246162019384477,3
0.05770700397060971,6
0.06078284481112012,6
0.013345875657179151,3
0.06049061935595626,6
0.054596300561310596,5
0.059847685284333416,6
0.07521560839170137,5
0.011699416041830557,3
0.09545424473262773,5
0.022002871504525734,6
0.06966871485498115,6
0.027171882586266904,3
0.01057400203837136,3
0.009667679823655295,2
0.06581887905700506,5
0.01109582036147766,2
0.09203763834234571,5
0.07555104862578604,5
0.005229812788291016,6
0.02513222747900279,2
0.018968665554598668,2
0.0219987325007705,6
0.012203554995074528,2
0.02046624919737014,2
0.00845622794054847,2
0.014772075640727855,2
0.014781287707235358,3
6.261497346421452e-05,2
0.03506870312100742,2
0.0049897898345657166,3
0.006885336780738577,2
0.02812775616626996,3
0.009059951412588349,2
0.02114488194161951,2
0.08019378762306727,5
0.06966298389129646,0
0.029522265483199778,3
0.0,2
0.0014011979981110728,2
0.031108463296123823,6
0.037317161604899785,5
0.011048876237288646,2
0.006147565785878717,3
0.08374225083815387,6
0.019348492690059282,2
0.039622973047981985,5
0.019331696642996873,2
0.011120286116118663,3
0.029365628089277382,2
0.048549184161899434,6
0.075515611779727,0
0.0511374653474346,0
0.015353562793526287,3
0.02716590980196877,2
0.04618423549777398,6
0.05541395707886537,6
0.013860449823250562,3
0.029885138887791846,6
0.014945957761270418,6
0.011420375430176405,2
0.02143563666090742,6
0.04348327668015403,5
0.05310213093916094,0
0.03242019136605753,3
0.06973069897205264,6
0.07622908268740866,1
0.0897136090725129,5
0.09775908031347474,5
0.022529481699282483,2
0.014933156652496157,3
0.007405469573208812,3
0.021213495742910482,3
0.018118210379017424,3
0.003624445775166296,3
0.0037185404407362593,6
0.010621571049606274,3
0.09761844110988208,5
0.06289818288940388,6
0.010948017499016166,3
0.03190609191081745,2
0.030315048623297938,3
0.017101967385778752,2
0.0376267117017845,6
0.021788648191822954,3
0.012507480438912588,3
0.0382841450464942,6
0.016013359819457715,2
0.024664625022550193,2
0.07678698701608835,5
0.020587552798418784,6
0.0765254203586536,1
0.039854715135650476,2
0.058943701665356535,6
0.006522933393955016,3
0.007569485598412695,2
0.015693230787456713,6
0.02588724635568021,6
0.011870334035267827,2
0.04879503386407957,6
0.016207044206759558,2
0.00963444785629547,2
0.031237467320538392,6
0.006509573126051688,6
0.019558851114108183,3
0.0007522506574635379,2
0.02281362720735107,2
0.051507519593681286,5
0.0022132468241421177,2
0.04006750729547266,6
0.0006409773863456647,2
0.012288234909099527,3
0.010779936598832252,2
0.06871270576227029,5
0.007623715052104574,2
0.007778973927504748,2
0.059099393606588196,6
0.07128561015233326,6
0.026275710378825007,3
0.0770782102746281,5
0.073861215397072,5
0.016484678672289504,3
0.0,2
0.012234540479254818,2
0.01875258939533482,3
0.014507733553893676,3
0.014070835689255268,3
0.051868545604704025,5
0.020714963733870773,6
0.040094643411117376,6
0.014974299711323233,2
0.0,2
0.021466968722971116,6
0.02577062132999544,3
0.019284511313438377,3
0.014231896459693555,2
0.049233299296614436,5
0.05430707993397932,6
0.0027854027125495118,3
0.038297957200657665,6
0.0172949027866708,3
0.015791877301001178,2
0.022858672478542702,3
0.027498978913097077,3
0.02647269066744573,2
0.02361120342765051,3
0.016530824766735702,3
0.02916599289617587,2
0.007529921035030057,2
0.058382465365289585,6
0.03941090548586984,6
0.009447224841181434,2
0.06459780235877718,6
0.009141793872483261,3
0.02256614881177943,3
0.07760531824397815,5
0.012123135503087495,2
0.02176067883386261,5
0.003485401052782583,2
0.01260964706801887,2
0.004913759299416898,2
0.04337604765267744,6
0.07340940030961954,5
0.04165867099925083,6
0.06326164918971686,6
0.00943413102702037,3
0.013649433322665161,3
0.04428224639229042,6
0.12324896249349737,5
0.02227544756077038,3
0.013584884158505922,2
0.020969029643637296,3
0.01249403383996052,3
0.0021259254683977935,2
0.05144174853321859,6
0.023051100068744584,2
0.028089891193174343,6
0.009946607153749593,2
0.01002254702176264,3
0.02115035447616645,2
0.02548012225286292,6
0.06333670423919438,5
0.014064675253269751,3
0.023541567956297083,5
0.011777382833837738,2
0.0,2
0.01437518408237315,2
0.011107131152520211,2
0.036214921577148895,6
0.051212923537919355,6
0.02555588627814276,2
0.026301471565994328,3
0.01457276296387558,3
0.005631696392194671,2
0.024258984462521616,6
0.0620807863473391,5
0.0315224485370805,6
0.11227418230173661,5
0.0067982708960068194,2
0.05868868101146557,0
0.004747316292680423,2
0.05035896569902122,5
0.009491619580006022,2
0.019070509601238822,2
0.017027585144667207,3
0.04835949051549267,5
0.014494460743147558,3
0.019284984091705107,6
0.0855703437531912,8
0.01542311273498792,2
0.015009704432050186,2
0.013090721615345746,2
0.08103442158051041,5
0.0,2
0.009123418379253456,3
0.020361538771652976,2
0.013044432763261324,2
0.03701341650427252,6
0.0462254724814147,6
0.014168153422566929,2
0.015225427730398894,2
0.044423146595912344,6
0.018779552596848104,3
0.015846439037053156,2
0.05937795634050408,6
0.0518634312902688,6
0.03692243037763916,6
0.04770031972327518,6
0.018163957046729434,2
0.01961091296411835,2
0.07363273867332201,5
0.14095926481628365,0
0.013587244456899239,3
0.04964281727568372,5
0.0624601643403484,5
0.05034411604099728,6
0.05197155249968369,6
0.03018126940011745,6
0.039410743881191534,6
0.004467576120432942,2
0.014254244354313689,2
0.021639575915488943,2
0.010201597625126568,2
0.023449285195951852,3
0.0,2
0.0674109220108991,5
0.08066226283078289,5
0.012388422569749591,3
0.0060133627088702485,2
0.031154697522735753,6
0.017670164911756006,3
0.024912985504008556,3
0.0745994221902263,6
0.03005654212466438,6
0.011690072479017877,3
0.011062493311467747,6
0.048126931472170606,5
0.028340933550494093,2
0.009175126920338061,2
0.020631126888268556,2
0.011275912047861644,3
0.03496806450013985,2
0.05311272009426564,6
0.022251530112692902,2
0.0,2
0.006485099202885092,3
0.018201132005328746,6
0.003284723108139931,3
0.012851390274313285,6
0.042709719790983924,5
0.01655299310790287,3
0.08540025442452581,5
0.03936434520106932,2
0.02611338631470013,3
0.05854895385683022,5
0.014186061641763281,2
0.16838034243885433,8
0.08001185750899334,1
0.009546796840911143,2
0.019873650939170873,6
0.05166807214043735,6
0.020641502477735746,3
0.031676906629396,5
0.03976773276881489,6
0.04979332364704778,6
0.002990775025601078,2
0.18266143414307262,8
0.016765941214848035,3
0.002009058706525957,2
0.0528003452749224,6
0.10386730412170347,5
0.03733718312954454,6
0.015698665378156756,3
0.10171259658844262,5
0.027226961069506228,2
0.021916147752389856,3
0.020293649253416632,2
0.018296589426859022,2
0.014014779543709222,6
0.026691562153109638,3
0.07146647853252344,5
0.020219596973082316,3
0.008321884255348327,3
0.030351656283801112,3
0.023649207951228768,2
0.013862072392355679,3
0.023421294989754676,6
0.013923264278433933,2
0.017323689638124834,2
0.009906906591529055,3
0.011918889204196217,3
0.026364405607756047,2
0.06087974551629424,5
0.06837053791698076,5
0.001985860048231425,3
0.007578088130745592,3
0.02806414533124546,2
0.008028751129484285,3
0.011834563501169251,3
0.014941144599665016,6
0.08789911508086962,5
0.15055830604188225,8
0.007141904746932021,2
0.031714641011476016,6
0.11513202007394076,5
0.01590315633763481,2
0.01131129744207221,3
0.0653181360022431,5
0.00996032038952216,2
0.061954257822277856,6
0.011315246181881927,6
0.03903666511500381,6
0.07289248328840506,5
0.00875394999239952,2
0.10626314096447531,5
0.056285650556487155,5
0.0667672367572164,5
0.014580900617814446,2
0.0793002687542908,5
0.06437565280892295,5
0.09044414955523858,5
0.015111331177297044,3
0.009834966729064004,3
0.015575654517919368,2
0.018726549786752825,2
0.009096044260374997,3
0.01867493595702341,3
0.032967480742830374,6
0.08231556051340089,5
0.01958433472363308,3
0.046250190624236825,6
0.008964478066831857,3
0.02508010886570669,2
0.014413498218849019,2
0.03819951314886999,6
0.02740700910286928,6
0.03520594572432151,6
0.05982085297160582,6
0.043568588529326255,5
0.02014691775959826,2
0.006063573796880037,2
0.024757325843464545,3
0.008715402333076619,2
0.0495882961836247,5
0.10185974772898657,0
0.06416355425095133,5
0.015706256031847415,6
0.01736466748668003,6
0.03157488093665006,2
0.06966106876921424,0
0.004968717798748579,3
0.07371697990526704,5
0.019425538271028775,3
0.0,2
0.019678909261452077,6
0.09504359656918238,4
0.016021776018092515,2
0.06038602678853329,5
0.01031114573690417,3
0.018065079892850028,3
0.07669861750193921,5
0.0324696019618933,3
0.05202626445117156,6
0.0023520063074614767,3
0.0,2
0.04054224963769115,6
0.00714570112658057,2
0.007243782894572476,2
0.008448160724098874,3
0.06825706240382289,1
0.06479020076100711,5
0.006317419689692072,2
0.03035394050187315,6
0.03958557888933942,6
0.01201037391452947,2
0.015870167336135083,2
0.1422310649657943,5
0.09680885941832199,5
0.015390178481283837,2
0.0051256222970929854,2
0.046243456877574696,5
0.009116852323505314,3
0.024493759385848413,2
0.021427556777451034,3
0.0083890433890942,2
0.013664706398600679,3
0.042872636425078894,6
0.008526492656018445,2
0.006005109748191004,2
0.030714593687832442,5
0.08527609645357907,5
0.09166557112744286,1
0.001690420510424076,3
0.01195185351602801,3
0.07414633028481518,5
0.0,2
0.02415013366296602,2
0.05838365606660845,6
0.020766915134569464,3
0.11630514896373127,5
0.013631227967137907,3
0.019948551733670952,3
0.0015154300716984787,3
0.016792270541803725,2
0.03290477061511385,2
0.017686438396689153,2
0.01970526662925627,2
0.008434661814557654,2
0.0,2
0.04851828149697661,6
0.021907059375392113,2
0.013622700783679165,2
0.023007966163610102,2
0.014824297073364329,3
0.016150853423156364,2
0.10415356702995154,5
0.01841407526314738,3
0.024329815888619544,3
0.05304666232132339,6
0.15605608524449655,5
0.019366005950270937,3
0.019945424501854006,3
0.002295754157874641,2
0.047097916130971335,5
0.017057475021014012,3
0.08307174363633377,4
0.08567646284482788,5
0.05640835009411942,6
0.04795448731264318,5
0.08160249151695022,5
0.03472173093610571,5
0.009140137919822738,2
0.004278930701458933,2
0.044945947043799964,6
0.022219515170790016,2
0.009594026921950355,3
0.0024613657259191374,2
0.009323468159476864,3
0.10500652681292832,8
0.06483459184887845,5
0.05465834477298903,5
0.007537061679614154,3
0.029221217540532418,6
0.013941215856114686,2
0.04479762442640833,6
0.010499186687494055,2
0.021492483195213963,6
0.03262566781212632,6
0.03085702220337419,6
0.11352240639734623,8
0.03502101210384212,2
0.04299762878621055,5
0.01604503656476397,2
0.020319139759184077,6
0.017418650440234565,3
0.14844902117796172,5
0.08762923065536316,5
0.018900677019912077,6
0.007032208335540552,2
0.06098379936893439,5
0.058426771327434845,5
0.013004174352534842,2
0.0647768033725083,1
0.013030291526669471,3
0.019333972826475143,2
0.06665862170792626,6
0.015829873874428524,6
0.007458517498757367,2
0.030650921595437697,6
0.007554451072280782,2
0.01375419282768342,2
0.0820513783657641,5
0.040170481914327205,6
0.046892908729226745,6
0.047301061491535276,5
0.0369145009410739,3
0.03674603650282118,5
0.09440477668567368,8
0.0186513371990311,2
0.007565681159856397,3
0.011077471087019036,2
0.022733369811731713,2
0.036545080270357744,6
0.010413969055759073,3
0.018245186318953416,2
0.011730103312992207,2
0.06614697288183286,6
0.004235012423883799,2
0.03602635558655369,6
0.08517235377250644,5
0.03734681015196663,6
0.05983051397299827,6
0.08426552265985221,5
0.03095153703321235,2
0.023664612568844168,2
0.008646120667870072,3
0.018176643070299037,3
0.02595156062812698,6
0.010562751153228328,2
0.08227412949299359,6
0.007805835654581428,3
0.10466914834974289,8
0.06776700321221502,5
0.017124400812515067,3
0.06485939839637134,6
0.024232820101602326,2
0.04654857587616222,6
0.012981465873602355,2
0.02298843743199802,2
0.0032276469800253393,2
0.044770421990798975,6
0.009939109344788977,3
0.028228732174888638,2
0.013829061006352977,2
0.038200549801619424,2
0.03549564851540005,6
0.03704959841741387,6
0.02693463540644564,6
0.0035183744488664626,3
0.014411123340753174,2
0.014455581098580805,3
0.07736356508573855,5
0.08469250573115439,1
0.05877149641411894,5
0.020926485243105086,6
0.027902577376005655,6
0.07091906927479881,6
0.15273918021083102,5
0.022917622749774685,6
0.023648610371979822,2
0.034165906931754836,6
0.01188895694072059,3
0.015045512980384701,2
0.07036002670551297,6
0.020798486139749744,3
0.05577739987644287,6
0.09554908995633532,5
0.03649420358972841,6
0.009361951548862213,3
0.03368744901802265,6
0.017334452301697445,2
0.03121414582802169,2
0.012997402512435238,2
0.011317638997595275,6
0.005155295972527757,2
0.01185835183056072,3
0.08620481231766994,1
0.05126958159925116,6
0.04696477764014098,5
0.014501873547705213,2
0.016521511661127322,6
0.0,2
0.02723491969540287,3
0.022406870682198404,6
0.0,2
0.08170893609679607,5
0.026758470931788528,2
0.025812652997637908,2
0.012255789043870396,3
0.19422112243740325,8
0.014515755147517073,2
0.012637171185390927,3
0.013834510270920683,2
0.0422332270716278,6
0.1839092259671558,8
0.14155438973600423,5
0.018528949374810408,3
0.007650385369213829,3
0.03393789779565737,6
0.008884936367131488,3
0.03370065089525981,6
0.022823028828332995,2
0.0690215011545756,6
0.09390141576327987,5
0.05599886591942792,6
0.004872433548805538,2
0.022082232925005815,6
0.07793427418385361,5
0.08409708903796612,5
0.017523083277689214,2
0.03873644162532852,3
0.14910571151373914,8
0.013971518276994138,2
0.02762719461978469,6
0.002840243826821104,3
0.058646958544543576,6
0.1283324363018043,8
0.015623844605151774,3
0.04940560888934978,5
0.005640771968033587,2
0.045085003842796706,6
0.006969318831372376,2
0.024114889446712556,6
0.029214897045401367,6
0.019270244081314933,2
0.011797096386487571,2
0.015159096335424824,3
0.025680312822635165,6
0.03617697287588484,6
0.04174181302664942,6
0.0010688575898525343,2
0.043384164542946316,6
0.014534458692491925,3
0.02123291598335915,3
0.018863861775059332,3
0.018017360504777452,2
0.0005053802572452804,2
0.07795571091290192,0
0.018190730252207535,2
0.028050391697154273,3
0.07745015293911436,5
0.06001808120722267,6
0.09773823013947985,8
0.014504095515853188,2
0.007083204554597239,2
0.05233976791854525,5
0.05743009828978146,5
0.03621550954501834,3
0.0636491008193498,5
0.043364977877010144,6
0.001800343542195354,2
0.007722777261831931,3
0.025255104531796857,3
0.022848621823856136,3
0.01639652601511915,3
0.04390356277869423,6
0.021975372218799916,2
0.15082311065415666,5
0.12567266977437394,8
0.02349088686260037,2
0.01265444504301938,3
0.036035485608905626,6
0.005917905292990411,3
0.015957379124992857,2
0.004513292931973403,2
0.004419347612010446,3
0.012804291121572081,3
0.0,2
0.09657256050657805,5
0.06118250216749048,6
0.026974319205840175,2
0.001754568304212334,3
0.0,2
0.01060847064141357,3
0.04254148781846276,5
0.018101747927714767,3
0.012052634469945367,3
0.004844877160026129,2
0.010183438095269573,2
0.024677964296229635,2
0.015723156587155465,3
0.013290828740974397,2
0.009325755815355025,2
0.01170451988991679,2
0.10646479345553826,5
0.013704282842542687,3
0.05477774072782805,5
0.0679254874910362,6
0.010728195009054614,2
0.008281254866731702,2
0.06405749212437509,6
0.03669268729900932,5
0.0882474893013534,5
0.07515935975484095,5
0.03947824914817505,5
0.02442171233789217,3
0.05039359035608407,5
0.016666923091299538,2
0.018411313391677425,2
0.030893660555705138,6
0.035424711722339186,6
0.0245556453363798,6
0.025763611182391483,3
0.039858404481880674,6
0.014453736927651478,2
0.011612293642690952,2
0.02803510586455911,2
0.024165777397614246,3
0.015029514900169308,6
0.009889737059717407,2
0.011569508356260388,3
0.007089036739956464,2
0.043672037006461606,6
0.026043956396978096,2
0.018298603678963896,2
0.021236660205216362,2
0.11087930800578076,5
0.05637804780117689,6
0.012536629002211544,2
0.015265339093567865,3
0.008896062497859847,3
0.05885870999302811,6
0.022720369655461092,3
0.05290687101628386,5
0.015168962035310193,3
0.01216678192139345,2
0.0,2
0.018786311562088237,6
0.02132548910448763,2
0.041371869239822154,6
0.07546881165101803,5
0.0929963323392516,8
0.05483651798261224,6
0.012023278953868483,3
0.11624658216856243,5
0.04876905560389036,6
0.03917382583769273,5
0.013671971708246328,3
0.062092072903526176,6
0.06557931615159542,6
0.03984226529605553,6
0.0803652342279869,5
0.0005749151949313858,2
0.026977734204566117,3
0.05890855708316789,6
0.04361694161347146,6
0.002163678204186087,2
0.018675655522080586,2
0.029826901914050213,3
0.0461914149570677,5
0.012637263790453032,6
0.0,2
0.06680532725297897,6
0.017361445790033125,2
0.050101592445549015,2
0.014521514251702755,3
0.06180303194555081,5
0.027656287965452525,6
0.01859141609678036,3
0.01660619182422994,3
0.014583689263259814,3
0.04865892210047973,5
0.03266414582667926,6
0.012293810774596597,2
0.02528097286740083,2
0.008987049488023188,2
0.05163841722677287,1
0.10263515516372532,5
0.08892449535382821,5
0.007149559861815841,2
0.13149931066235737,8
0.09808519813550799,5
0.08448788377173967,5
0.011167662591827346,3
0.009325488804155124,2
0.041487592516933236,2
0.025126673506295744,6
0.022819442736293383,3
0.00674671890855251,3
0.008951363212398533,2
0.012105836453127336,3
0.006017832668267761,2
0.01866923898875783,6
0.04539695244035748,6
0.06343266246464091,6
0.03855720350514842,5
0.13431506798601361,8
0.03045134250813253,6
0.04038972681368691,2
0.10231824017416254,1
0.011348814262153187,6
0.0,2
0.07426484080049238,5
0.014332274831767924,3
0.10139019914208719,0
0.09810735209482047,5
0.0242260959398186,2
0.08151552267738549,5
0.010182478073451295,2
0.002599758511678374,6
0.025124646539752202,2
0.00777194299195183,2
0.019671143321096124,6
0.020453962053743252,2
0.00842591347859728,3
0.019635695455254232,2
0.015012685818666702,6
0.019697766567259786,2
0.07721067090027585,0
0.022004900842139657,6
0.000929637487426957,2
0.01150468462580792,3
0.0017479870747558746,3
0.019836803602423472,3
0.04852424461952551,5
0.09865297051564215,1
0.017407977352394008,2
0.016241730133423407,6
0.0020162433125698598,2
0.020326473591466804,3
0.01706040079869872,2
0.07438675065094344,5
0.02554567002524359,5
0.08155597957278031,5
0.003076401105196941,3
0.13364046685145115,5
0.011552724005799375,2
0.013205868177109142,2
0.03363464995826182,5
0.015786795274712634,2
0.011861463998167898,2
0.03993346367859034,6
0.04464225278317027,6
0.02934651601183605,6
0.010642516449422934,2
0.028302778932303777,2
0.032404906102856346,6
0.021641561402223508,3
0.03476029985084342,6
0.012980172604840912,3
0.05638001923151384,6
0.021743338576953583,2
0.010249702056690832,2
0.01931033221700766,2
0.006937798913332474,3
0.019496008984110774,6
0.01752067244378551,6
0.004740128788858794,2
0.005389483902198372,2
0.06903151805336907,1
0.045726212588387244,5
0.018759065559045232,6
0.0023947800776316086,2
0.014721913672371661,2
0.05563784218996366,6
0.07381740065714261,6
0.021516836733733807,3
0.10983932708550051,5
0.02701117499002828,3
0.09674489621793277,5
0.0541850583384416,6
0.10459107027400713,8
0.025049571630901227,2
0.014291409523069842,2
0.042895566416726455,5
0.022140464497999696,3
0.08750608186482928,6
0.01905366032932418,3
0.0434497003153711,1
0.026497354096210526,3
0.13549296342022515,5
0.03339524458304301,6
0.01693566355901871,3
0.024829604641441863,2
0.0024474202167205084,3
0.025841000968435668,2
0.034579500258677315,6
0.07997279102615151,0
0.021289948227923516,2
0.054329938390376614,5
0.0628556872298545,5
0.016557997872961888,2
0.013164210399276927,2
0.03509202066351354,6
0.025063467724811758,6
0.020454838864772326,2
0.009391073984612586,3
0.07262713456348441,5
0.10467219557314758,5
0.09888476201628893,1
0.011035369159639041,2
0.061086162346035894,5
0.011543621656060044,2
0.025881443949807403,6
0.02062532329480188,2
0.021944026106649056,3
0.02100447595991356,2
0.0837335319218873,5
0.012840966226734779,3
0.04733760432271812,6
0.012326018958418783,3
0.055104209616970184,0
0.02086558393928728,2
0.012681713490385535,2
0.07432918842200986,5
0.03888117505791633,2
0.019116538896340823,6
0.03403826201866195,6
0.0346521226887115,6
0.01011288887048474,6
0.09538579692663735,8
0.020673317053208073,6
0.022625776086862587,3
0.05260301142073416,6
0.02561640509292032,3
0.015420301235888098,2
0.013682910849012075,3
0.0,2
0.019459184173100275,2
0.015609504074882291,3
0.00814750357359137,2
0.05967916501547185,6
0.009777025033270229,3
0.10113284355678503,5
0.04336103062824864,6
0.0064408820054358,2
0.010038936226830539,2
0.011023082873002688,2
0.006143959111873598,2
0.0009699641607642528,2
0.10185425971457054,5
0.06711891111633639,6
0.010564188181064874,2
0.014170978077979318,2
0.04585561813517855,5
0.018344462338111878,6
0.06137542699327703,6
0.07548016809931105,5
0.07022673277386976,0
0.017657723272594905,2
0.01699020310577662,2
0.023038771488488943,2
0.009197917681753279,2
0.002099087181239634,6
0.013833476318241847,2
0.00030321595792581757,3
0.03745805994815825,6
0.09123715588486056,5
0.04556953511318078,6
0.06218454723392347,0
0.0038888704898767112,6
0.033901449006750434,6
0.0327508466887301,6
0.14056538723284479,5
0.03166666826315573,5
0.027234129221106407,2
0.006226661861156918,3
0.02701099704123816,2
0.005278019781059837,3
0.0,2
0.0042090312033353505,2
0.1393814459276257,8
0.07924711670691537,8
0.061592654923153925,6
0.02003168862549748,6
0.020838858922077014,2
0.013778944245527669,2
0.05181323529429284,5
0.016707006352934123,3
0.0032824067849588218,2
0.04586524708402946,5
0.03146643218131062,2
0.00911135506596493,3
0.010196597990863698,3
0.012683636640810791,3
0.0010790670296460803,2
0.041669329848175646,6
0.007817934166682264,2
0.008484946186411907,3
0.08661994188460051,1
0.03445832261646384,3
0.007964796650548597,2
0.011761054939399024,3
0.06486767932836623,6
0.042531294902964895,6
0.09453295393140498,1
0.01494517719642191,3
0.052346561745008846,6
0.025168053743989477,2
0.01260449124983093,3
0.025914347541517876,2
0.034878273721896974,2
0.07785066961877965,1
0.004132866711771516,3
0.026811967035863943,3
0.025872640560389987,2
0.015342941274325589,3
0.005524014331557081,3
0.016591544017736354,2
0.041977670577947934,6
0.022139638992757338,3
0.08458970792539758,5
0.020146321926047983,2
0.06371565665158883,5
0.018116533050410638,2
0.02136103795692748,6
0.010768589758840486,2
0.012045942962094769,3
0.06033751647964869,0
0.004716422510092383,2
0.014213481546705986,3
0.015167308008666308,3
0.037094288301146555,6
0.01474949277178754,3
0.014186704112362447,2
0.06690962936741646,6
0.08257587442404307,5
0.012897588819019784,2
0.05539213047991638,5
0.10751394927358521,1
0.031099237968321924,6
0.0038328121130010995,2
0.024036487450886754,2
0.028875819011775133,2
0.017431080024665077,2
0.0014690581888957416,2
0.0,2
0.0090625938990746,2
0.014855748910403421,3
0.018371826183902706,2
0.019380405912921006,2
0.056883408962550036,6
0.011951628141264187,2
0.04009362330461855,6
0.02023782792379883,2
0.019786856556880894,2
0.0461206207609155,5
0.012136041019950167,2
0.035940742427963274,6
0.03774808954288081,5
0.007737711664772939,3
0.016130511970298245,6
0.04501228700420744,6
0.11549267658377313,8
0.1072150161687207,1
0.01808370157277192,2
0.0574409312120035,5
0.0552288530939814,5
0.09099712649753809,5
0.05696419380284398,6
0.02213418806209025,2
0.025968345754425082,2
0.03426640863534475,6
0.05612627056613412,5
0.04351005529590686,5
0.04687142081002804,5
0.020599693602705922,6
0.031861733878398385,5
0.0698348094555408,6
0.035657708853434146,2
0.016640257742600223,2
0.012530419822865749,2
0.003628926539462063,3
0.023918647078761818,2
0.05378778645877913,5
0.029819145762079002,2
0.06047240618424321,5
0.04514800239012692,5
0.009933746836702617,3
0.02830931439562856,6
0.049625809526836206,6
0.07339500885012565,6
0.008681447290053934,3
0.018591985071037376,3
0.01803988871612147,3
0.10767840311369895,8
0.07647986130608787,1
0.08214931902448762,5
0.014829832255637998,2
0.009797686659331534,2
0.002909374939421866,2
0.008695839591035481,2
0.07020300771146024,5
0.06423506846552124,0
0.05472080302749527,6
0.023433453181877242,5
0.007837306823440443,2
0.013301194587459153,6
0.04478989645314185,6
0.0016712319159852829,3
0.006666337844533604,2
0.0,2
0.023188157216077157,2
0.030431957042375446,2
0.0171583485921092,2
0.028132782229789696,5
0.020441166165274527,3
0.009967098726903517,2
0.070201576944175,5
0.07075802220102581,5
0.04093747386162305,5
0.03005251343304116,6
0.0055925422210254955,2
0.013202006612101802,3
0.006626985428034471,2
0.00833281578668435,3
0.05139727536538932,6
0.05707716558742004,6
0.03074591255972002,6
0.01678490760028635,2
0.002066230362972127,3
0.0833127569576671,5
0.02346698347951337,2
0.006848335945968065,2
0.0172744471863219,2
0.003958095085734081,2
0.029486089846629593,2
0.07309168534874,6
0.045380433196075404,6
0.020749772123241778,6
0.03990505649619666,6
0.13396573332806141,5
0.010903805565522756,2
0.05545521432556588,6
0.01680876355740403,2
0.007762619596546755,2
0.011596773237180863,2
0.03291378551439339,5
0.012141697826109535,2
0.041739419084241794,5
0.047931073061698526,5
0.020144313350482515,2
0.012074280843501373,3
0.029557491988132664,5
0.020317260857084407,3
0.01750658528219226,2
0.054797070628822525,6
0.04783032100712205,6
0.0712815068706917,0
0.040606899363228616,6
0.013498759027133558,2
0.04150727333691551,6
0.023749834686380394,2
0.05974362802039691,5
0.04497106813357771,6
0.012052567716748175,3
0.0810313699877501,5
0.015596083441293693,2
0.01914404742542948,2
0.014106790954160953,3
0.013114415664586765,3
0.023903920977237744,6
0.016182697757517683,2
0.05010211528136356,1
0.20414264770070278,8
0.016623001886425,2
0.014704409928420828,2
0.021092187323252853,5
0.016353824837970043,3
0.0,3
0.00507264802447939,2
0.042674789772212174,5
0.0625518909925491,6
0.006783257035673743,2
0.0706710310245223,6
0.06571920793693076,6
0.0018997256918436844,3
0.022002086557703332,3
0.07399284815857284,6
0.058788071776378334,6
0.007978821624970794,3
0.10548745615074305,5
0.015245707785744383,3
0.02016415959682459,5
0.11565091668095905,5
0.024378256006109725,2
0.0734012826834517,0
0.10724283533003481,5
0.00046809862488028653,2
0.0326151000657742,6
0.018607290291506998,2
0.0674645676433526,5
0.02999666123215841,6
0.12592404734225238,5
0.041256993361516905,6
0.004965431277377169,6
0.04319404786728964,6
0.03254032365322165,2
0.0337579351479589,5
0.019133464306612225,2
0.0031800708376212017,2
0.02298890664096892,3
0.010635711033711637,3
0.08484471525717205,5
0.004448346268847603,3
0.019050851499830893,2
0.01266490920731797,2
0.11944615285243985,8
0.014404342470243775,3
0.09327638878387214,0
0.036851720988175254,6
0.07682218101760674,5
0.037032717318039574,3
0.04801504947479518,5
0.05569036879102951,6
0.022087461413880016,3
0.05401210106188872,6
0.011251333217232207,3
0.08002013243563026,6
0.10940401746660602,5
0.004920655636668297,2
0.015699668115896445,2
0.10674585051019776,5
0.008019075471057513,2
0.0556821867985621,5
0.015857376142994928,2
0.021529638002736023,2
0.025388742618201454,3
0.02100256750595174,5
0.0,3
0.0014693716805262713,2
0.059304073337856616,5
0.01381749397263829,3
0.018068904715334164,2
0.03676701644858317,6
0.018020710648722335,2
0.09213090582761019,5
0.026221781335783692,2
0.09195737621857429,5
0.02360290579588817,6
0.015514068519311558,6
0.03488593211353455,6
0.009227441029228636,3
0.010144233137636807,2
0.0,3
0.0,2
0.052459207995553675,5
0.02950233610340025,6
0.04635420546084673,6
0.019882863878293022,3
0.018596909887330648,3
0.014344393890181745,2
0.008207188127919651,6
0.0,2
0.008957243826671166,2
0.04528952022449531,6
0.013330872200855604,3
0.04726987450107849,6
0.04018787924708135,6
0.050250320605197005,6
0.2704530480866544,5
0.02104648931993018,2
0.024764601772694794,3
0.01052527005927087,2
0.00589470856950032,2
0.016912847406290954,2
0.03318357617923448,2
0.03749632688302845,6
0.00022415431649286388,2
0.018451880809426308,2
0.06480251147022388,1
0.11878002721774675,5
0.014646898025814453,3
0.0917322477566207,5
0.010869526684914393,3
0.025707518734205043,2
0.2698618443412239,1
0.04064024969160235,6
0.01544602499425718,2
0.023640572085123268,2
0.005768499790024306,3
0.06148025620334818,6
0.010292428108928553,3
0.028339433847952428,6
0.04993944827688321,6
0.009324826496916655,3
0.054079256686398805,6
0.02445673218226249,3
0.009375690657939917,3
0.017451423736355387,2
0.05211333750292266,6
0.020383858250056397,3
0.01570468640029242,2
0.0178169377698974,6
0.04051936393650339,2
0.030255213219495855,6
0.010622504300341895,6
0.02115061813708813,2
0.02809931581033781,6
0.05559529592335903,5
0.006680880292272193,2
0.0,2
0.0,6
0.021992794738504823,2
0.0028662398980444648,2
0.048179826764029196,5
0.01405746121616265,3
0.008242820337317006,2
0.0376686972626778,6
0.11535034080117877,8
0.13080495297012884,5
0.04608011848582122,6
0.007341414573963478,2
0.049041849088717754,6
0.06311681977226127,5
0.10734945468613397,5
0.009678039599356952,3
0.001864753325208357,2
0.0469008391180199,6
0.01648226760544408,2
0.024105570080149852,5
0.012235104436913169,3
0.02554011138611706,3
0.01661143931154424,3
0.011853676113524891,6
0.04857911954369393,5
0.004534652548180168,3
0.03561519149089297,6
0.023089271954689766,3
0.029914664738398322,2
0.021530504170023543,2
0.06710605085478352,5
0.021052024836379774,3
0.008471846418020415,2
0.009273069563626835,6
0.08039844759216064,5
0.014170327878985797,3
0.11952302088852423,1
0.04207054620918538,1
0.014676836517112685,2
0.05936732414926113,5
0.01985054467804767,3
0.07510306020946099,1
0.01823812882431715,3
0.010686719396966318,2
0.02599301079556507,6
0.045196812237748324,5
0.0307587224316766,6
0.020828913993975323,2
0.013104947511625692,3
0.005372912195282131,3
0.008582525475220398,3
0.007298467534033126,3
0.024248634670963914,3
0.011996769495836238,5
0.05189884398875068,6
0.037989743675613405,6
0.010429491950508712,3
0.045349613792510235,5
0.007373383250477233,2
0.028588224992849576,2
0.0990587518243986,5
0.007235052074708981,2
0.029148316968009486,6
0.02369260707343926,2
0.007344976080217891,2
0.011770272923952302,2
0.012464269317823906,3
0.013113746601836021,3
0.018605804868394,3
0.010851920924390704,2
0.02569323985581852,2
0.12146450917895649,8
0.0443893360773652,5
0.021237449743031545,2
0.024421877828688168,2
0.006115730564638697,2
0.05297368695342218,6
0.04419396195694686,6
0.039481672781574176,6
0.041538468836877784,6
0.013287795803058153,3
0.04983899522504921,6
0.03235136630111571,6
0.03757446500440231,6
0.01384543488560816,2
0.1296392984392447,8
0.027282715498895452,6
0.01742597235368168,2
0.07779962616382496,1
0.05229426779283722,6
0.02565246014387118,2
0.02527527297955695,2
0.01696251523214644,2
0.017072370024062464,2
0.01209262769153549,3
0.006950127507626622,2
0.046312747754555295,6
0.019230571228857907,3
0.017276456940073265,2
0.013759285449564854,3
0.025192843077899804,2
0.04752577848484485,6
0.018510571465639503,3
0.27228082596624237,0
0.04821868288214702,1
0.006415172822941156,2
0.013339377745348935,2
0.05980434104642783,0
0.015118488854818118,3
0.04701708605945927,6
0.025781361356042143,3
0.14650369988194423,8
0.017419318133299028,3
0.008119597095741213,2
0.01883158719332484,3
0.020484544786624606,3
0.02553424069666177,2
0.0771871552969266,5
0.07819517922679542,5
0.024866186892344183,2
0.010524005581982784,2
0.12150693291222975,5
0.041084488026178964,6
0.03242061826459673,6
0.021688980390464213,2
0.030560507781009813,3
0.02093940230834551,3
0.018906082232455254,3
0.017454252183541033,2
0.08312813302242388,5
0.04868380463518471,6
0.013930910219168313,3
0.006538684534891717,2
0.02677812569799795,2
0.022508699934490922,2
0.00769694372984428,2
0.03193045179964438,6
0.03458166451704514,2
0.016409633357303208,2
0.1469196982390899,7
0.008399449687589267,3
0.04758021832464343,6
0.01329531640640269,6
0.06880635615037237,5
0.028741742629836864,2
0.06942789790651159,1
0.007905613976630116,2
0.05791787023632289,5
0.014808875568775026,3
0.009742904353760046,2
0.02344451757048445,2
0.028283978339859017,6
0.1601068719394737,8
0.0474628822915384,6
0.023618536326205447,2
0.06215774720955797,6
0.03148259240685408,2
0.018736034602785973,3
0.06306037756325775,5
0.044199438916952966,5
0.026709942706519066,3
0.02079029367929676,2
0.13936498085797783,5
0.03682307025473966,5
0.013920452832481695,2
0.03772951849308534,6
0.01781401899735234,2
0.05982136069081946,6
0.0,2
0.021469578285940233,3
0.0,2
0.02455819026552164,6
0.1288047088351328,5
0.013006348116365446,2
0.024408570895836063,2
0.01325122437174181,2
0.012410028502788453,2
0.06472803906433656,5
0.021607662534435676,6
0.10067034180346164,5
0.010423420191437577,2
0.011926736758773065,6
0.06653711429743688,6
0.1794695834080072,5
0.008994771923232697,2
0.020248198147715432,3
0.030060032586554514,3
0.006225589929662087,2
0.008521467671907534,2
0.0,2
0.07953853780480308,1
0.021512447262260315,2
0.020364939419720174,2
0.029164775133367807,6
0.00503259801641881,3
0.03278733156663932,5
0.05130703376436102,6
0.005475889745643198,3
0.058871571311894744,0
0.01114883162222255,2
0.0,2
0.011906345518463757,2
0.1460570208475192,5
0.08596005651378402,5
0.17535488695342455,8
0.012728352974688883,2
0.011753139940232693,3
0.006663483435303347,2
0.035086619253018245,6
0.05121459320059382,6
0.011773442526618494,6
0.04072575747566762,6
0.018551463234510346,2
0.0698765440522572,6
0.052046141467113394,6
0.07514326815983127,1
0.01621665242890681,3
0.011311475586442438,3
0.0716699588064503,5
0.038595959733294494,5
0.07245277268898256,5
0.01137459773407376,2
0.007605248475525975,2
0.013792141744388198,3
0.03810570318382733,5
0.024413195608179103,2
0.04776216685182673,5
0.029093565133765972,2
0.058284992300447855,5
0.01994119507343993,2
0.03947201236298786,6
0.026730277166924124,2
0.009865313451710628,2
0.0006915880639286054,3
0.03527512190794385,6
0.03492056696435181,2
0.08784127248768053,5
0.06382197100318071,5
0.06839552407598219,5
0.013167420856719986,2
0.008449252155673048,2
0.07021351986801472,6
0.07809468949150443,5
0.010592627482747696,3
0.03734152396624424,6
0.05505953762592404,6
0.014821941748393103,3
0.011692486158799364,2
0.016969267172166416,3
0.02543079285233904,2
0.030819113661351566,6
0.041661082718434134,5
0.02099864078865006,2
0.012759707120873098,3
0.009457326989372364,2
0.006478344398280433,2
0.036756107484586256,6
0.0553235566132704,6
0.12030158788472275,5
0.04257134606102714,6
0.04378550599986339,6
0.08334323843746409,5
0.04557197136862612,6
0.07099435552698796,5
0.009501268486013265,6
0.010480466026463978,2
0.0012379745379065832,2
0.0064603657288988675,2
0.007659134498396489,2
0.009819902494622168,3
0.020377991917157876,3
0.018888917127279053,2
0.012058247298373945,3
0.01673613510635097,6
0.07678208090682867,1
0.0,2
0.0693987681716269,5
0.047419667395967896,6
0.045614779422730664,6
0.00784208990979346,2
0.013090988485150556,3
0.011257265269988506,2
0.03109007929543059,6
0.03129359416396413,6
0.012839373602663948,3
0.017138342353366975,2
0.015324153348590538,6
0.022434683528211,2
0.01314540129670401,2
0.01029937989388538,3
0.1103522287553916,8
0.04634719849439617,6
0.04288726677068461,6
0.017970391103967018,2
0.07540633362596008,6
0.027093739782813847,2
0.08013703747494463,0
0.09056228164311343,5
0.05154554466187737,6
0.06709940027702165,5
0.017761432302248692,2
0.0074001047529655695,2
0.01442600622059842,2
0.0344667190573269,2
0.008609381579111536,2
0.0,2
0.017417671247721478,6
0.0030859534649843867,2
0.013584312024768092,2
0.016327447854374413,2
0.020120951873669718,2
0.004599271166586635,3
0.077098679607314,0
0.005510298864960794,6
0.014238906979825883,3
0.01659978407202764,2
0.0009268588743416989,2
0.01759521194081544,3
0.014331393994867603,3
0.021480980279329945,2
0.03446315502979638,3
0.03068377324571972,2
0.003259529249177523,2
0.016012128600119857,2
0.0,2
0.02819477613436372,6
0.05971186382808247,6
0.025187752597237933,2
0.006741072550687385,2
0.01878250632037655,2
0.025292080602794573,3
0.034443448996338805,6
0.01424635408556757,2
0.0831301042218088,5
0.013014838560226852,3
0.08090012038778119,5
0.038697786122356845,2
0.05314162151272524,5
0.05874242008923504,6
0.028330016781977288,6
0.04913799136012942,6
0.004462925310523669,3
0.00782502679906949,3
0.0446353100477177,5
0.02958373431778441,2
0.007821830890528708,3
0.07697728726652593,5
0.031045610410289956,3
0.010345989303130576,3
0.08430801856330547,5
0.04389683882339082,6
0.019009866839237444,3
0.06730359498841629,5
0.10685144538432939,5
0.005960130353059034,3
0.0651964546287649,6
0.05145405931059931,5
0.04135041274193463,6
0.11508480073331623,5
0.012697129815219976,2
0.014775252880359663,3
0.13562260702114515,5
0.022636365751806442,2
0.0036289571214955657,2
0.0852433141006129,0
0.03307902878992727,6
0.0,2
0.05720259934629604,5
0.09964581354306996,5
0.01356156451717909,5
0.04607320938468211,5
0.051043479204146355,2
0.010769943145378533,3
0.03458370069911308,3
0.03960641067175619,5
0.03524307592684346,3
0.07529218955188881,4
0.04710479226837222,6
0.047323611937696186,5
0.13238784298410897,5
0.07645272703351019,6
0.030211617761324305,2
0.0005113957154211923,2
0.0582418323666464,6
0.06161998078772801,5
0.02178401436200214,6
0.031124322001811783,2
0.01136336879797828,3
0.00788923394126792,2
0.07270755859110356,6
0.038076573399570796,6
0.036626373265509604,6
0.06604447600237145,6
0.0927967443505609,5
0.021867866432043012,2
0.0026496264370397538,2
0.03950608643989367,6
0.012542430003934568,3
0.01699865060265454,2
0.030615414219018672,6
0.0341487210094952,6
0.013549976645770512,3
0.07871085164777228,5
0.024861975848821716,2
0.017986541682695006,5
0.0620075115762011,6
0.017057997285109608,2
0.013818528003793573,3
0.07836930739900852,0
0.017703403630990697,2
0.06917119496038486,5
0.024950184849851606,3
0.010215768189932292,2
0.056097040389921415,5
0.08108547851592322,1
0.0,2
0.0335173031113143,3
0.017796981232320763,2
0.010563915655266223,2
0.014862831082336644,6
0.013542537498561616,2
0.021825098382574945,2
0.0,3
0.06593427648464315,5
0.022794826594394663,2
0.04402597440631639,6
0.014199780495032926,2
0.061288828523511446,6
0.02884705213921375,5
0.08143638266962239,5
0.06664642658466023,5
0.03106131355148073,6
0.0622724435744072,5
0.0008433551334644934,2
0.059594831820563354,6
0.00418392584339905,2
0.07659767155261926,5
0.001274942138377505,2
0.007304061497401343,2
0.04685590218286308,6
0.0,6
0.08520712968494146,1
0.00428113166853239,2
0.00765606546831471,2
0.00655564601191172,3
0.02000813960691107,3
0.0359732275739052,6
0.027699314414488654,2
0.017405972156173274,3
0.00705594483467302,2
0.0133966674578469,2
0.02053894533774564,2
0.13664408098531977,8
0.052508400224045626,6
0.015157546955475248,2
0.05286136921882845,6
0.013341873546416555,3
0.010838607913061377,3
0.0053253354573920275,6
0.062046911624052736,6
0.10816154767121067,5
0.011638085677544097,3
0.06549518072988514,6
0.02569891404696026,2
0.0,2
0.014508765837654647,3
0.017515711483669552,3
0.002410630785529222,3
0.010744840070566336,2
0.020773188487277855,2
0.04992679539502615,5
0.050885454609310585,6
0.015216720757578572,2
0.03630336170026799,5
0.008885188370247238,2
0.04532386145424219,6
0.005037633847461129,2
0.045898925988969344,6
0.044522012127787586,5
0.016943863689299093,3
0.0570483482865775,6
0.012952384519934051,3
0.030687469032372766,6
0.0,2
0.029097449145789822,2
0.036071230825715506,2
0.017301110003404632,3
0.005149034471418845,2
0.05754459265677389,6
0.010636350447138204,6
0.048793498176521274,6
0.051514081624276314,6
0.06374326450096983,6
0.09711823605944701,5
0.06884699767940305,5
0.009555248001633834,3
0.0033125375243522326,3
0.010388329331517815,2
0.01409761508880672,2
0.13113594356529445,5
0.019336718106313933,2
0.01836964838240697,6
0.016977045996839787,3
0.015167548815325838,2
0.00572826324450508,3
0.003891121491424218,6
0.06242394473611662,6
0.05018594774621302,5
0.023704307098407304,2
0.005284815572690865,2
0.008485041451198827,2
0.01912068997836605,3
0.01750672572215367,2
0.02872303474793625,3
0.019795682157879912,2
0.09934752107347825,5
0.07637599180702728,0
0.02926798426933805,6
0.02316379052752293,6
0.010055273616822832,2
0.11557247366718339,8
0.015405661330428005,3
0.023509920561498004,2
0.09734661254519339,5
0.0536780441869848,5
0.01502561886311217,2
0.07268081309722862,5
0.06594329203019766,6
0.040132449511535856,5
0.011239249217390695,3
0.012469555992527193,3
0.02155989463391121,2
0.026390303558239236,2
0.0391709537959881,2
0.00933909671612565,2
0.0599503866506963,6
0.008956712158239954,3
0.023926548172400863,6
0.030152342243594754,2
0.037836662230643844,2
0.06009023322977125,1
0.10931164432680689,8
0.053254189838318505,5
0.059106191208252376,6
0.016034893248166787,2
0.03261593847260204,6
0.032601792125023746,6
0.04997226941351311,6
0.0,2
0.040860678084945756,6
0.07750383756409857,5
0.03967465772682109,6
0.05957450946247676,6
0.014655765780268032,2
0.058763331427419435,5
0.037446770724979206,6
0.010998039211461419,3
0.010205529507279251,3
0.02041710706075707,2
0.08806132582115656,0
0.025474497714453093,5
0.015726623603764506,3
0.010364637776671903,2
0.001106984467456995,2
0.014882019420300013,2
0.16313160840673785,5
0.026247450138214265,2
0.027013072127724636,6
0.029707731305716675,2
0.004660167714905905,3
0.06515494812165415,5
0.013634057982369774,3
0.014510447509767987,2
0.008997633280797113,6
0.012329597454751151,2
0.010777831349445016,3
0.01205388374398507,2
0.01447042951330775,3
0.08362292169711164,0
0.01062115560252648,2
0.0057614210140984334,3
0.008307520294581316,2
0.008650562267509043,2
0.053303884705436344,5
0.05494302158739864,6
0.010690466639977997,2
0.02686343894719731,6
0.01365260401679716,2
0.006366070563324458,3
0.007734058260676607,2
0.0874010775564979,5
0.016018315189248844,3
0.01332507754941828,3
0.03585017052434822,5
0.013659956711458643,3
0.07330023411994656,6
0.1429782104373205,8
0.06322370506677119,5
0.04279959238869038,6
0.09267473750954924,8
0.08992877421728121,5
0.008117314523890973,3
0.013417541135532535,2
0.05494373652457499,1
0.05350613683898303,6
0.05159375586282133,6
0.04518839986230119,6
0.005291764182585618,3
0.06678672245145044,6
0.020114355642522785,2
0.11862020433805714,5
0.004563746021286702,3
0.04035949880976765,6
0.01503247340756822,2
0.02807349075514945,2
0.011034383236381451,2
0.11859876503665716,5
0.1572641116856789,5
0.010543119074322635,3
0.01084427069107513,3
0.009682425132785138,2
0.015932428714212715,6
0.010854492832802654,2
0.008860356517406742,2
0.1287482938225873,5
0.044752469607924145,6
0.03750073629498854,5
0.0026917002368121584,3
0.011200476072354693,3
0.00312827542266457,3
0.02404244554408491,3
0.010142024971141833,2
0.02849098377357452,3
0.016126203217485896,2
0.03870907481513092,6
0.01901846820448952,3
0.023030644355902657,6
0.023521670283019783,6
0.008072755064040454,3
0.014170229223315553,2
0.018989661386492745,2
0.06993601516775473,5
0.02226845455522869,2
0.017657664083387883,3
0.021685084162543153,3
0.011070409668916759,3
0.021447444600490972,2
0.032205528421037216,6
0.007809608080214608,2
0.027506977662824728,2
0.04692741539362176,3
0.003250175879073558,3
0.011980112569239587,3
0.008070403489334466,2
0.007494952061461113,6
0.021821926418274684,3
0.07571395917681883,1
0.011239857332315084,2
0.004643844360704127,2
0.027042142541378225,3
0.004673118288827424,3
0.0018098377546219846,2
0.01946488869345775,2
0.024332944501363987,2
0.04918095197827105,6
0.015396545182581392,3
0.09849777362311393,5
0.00826814583078983,6
0.01961845581650333,3
0.05365172844480513,5
0.022823741896145777,2
0.027946876402944493,6
0.040315264015375496,6
0.04335632379392938,6
0.02194235402636205,3
0.037749151449373436,2
0.02971133872674174,6
0.011778684513188656,2
0.07284489878458536,5
0.02739008230436936,2
0.04245799689341667,5
0.06359612601846848,1
0.0,2
0.04295510475426374,6
0.005720714060606064,3
0.07571549657155069,5
0.03457586717429917,6
0.017029696271496003,2
0.006641264864516466,3
0.048775079457361925,5
0.07191054589960208,6
0.07214633936231982,0
0.11171389737912539,0
0.012884673834058585,2
0.04863699925730314,6
0.06790598507462454,5
0.03337747497523259,3
0.03781449616484041,6
0.034100526041702786,6
0.0994569689081651,0
0.007070957477200823,3
0.07037730485246418,5
0.028803909194445948,2
0.06718055719972982,5
0.01246288215455399,2
0.10161857876899087,5
0.012676059692060399,3
0.009417332313962176,2
0.025504538316875713,3
0.01519827427693643,3
0.05735394521390988,1
0.07131798508804615,5
0.010221065410945487,2
0.02917273733708474,2
0.015755909870836582,2
0.03066313612793528,6
0.013117113410618386,3
0.012872342650652846,2
0.04453299386521649,5
0.13800016990672054,8
0.03138561950784116,2
0.061403323495617904,6
0.04328337438204971,6
0.03480076285312966,2
0.004488398422130405,3
0.01609185478794456,2
0.056747073656113325,6
0.006711814503547658,3
0.011549658705524407,3
0.006008687388150413,5
0.018674372545211232,2
0.05198009699161618,6
0.007369088425438486,3
0.08331436596696395,5
0.000755719785427364,6
0.023235598574997796,3
0.012296065471655376,3
0.009005482209822502,2
0.02583954667747218,6
0.024726229682309114,2
0.08239668277433798,5
0.021262666829419963,2
0.009338370408065483,3
0.005891812250454764,3
0.035353205884829264,2
0.007276227598980306,2
0.08445585890659033,8
0.013094256787052533,2
0.010563373022176067,2
0.0030346275364616926,3
4.590547228855435e-05,2
0.04722785110572322,6
0.030024622985371924,6
0.006732266658798752,2
0.0437883908853829,6
0.10271009478329067,5
0.02592708332009394,5
0.009525158629216296,6
0.0,2
0.0008981125258351874,2
0.09981973175561178,5
0.021298191227960173,3
0.039462373890132574,6
0.024573789545904307,3
0.012985614119378472,2
0.012499554861400641,2
0.021545682522700754,2
0.03473976563860527,2
0.006233354450428483,2
0.026859006508623162,2
0.07759785005891073,6
0.028405278470086615,5
0.02936291319589765,3
0.01182185199531971,2
0.010224024432955475,2
0.09626782522314208,5
0.009622542916257526,3
0.021936595387811397,2
0.06719299832766132,5
0.039461643964430845,1
0.06557367904741336,6
0.07376340631063197,5
0.020782118199954958,2
0.027668917224225237,2
0.031079059421125044,6
0.05761204449549259,6
0.059741702433991156,6
0.008022749454127023,2
0.031812729354262215,6
0.06143069287928293,5
0.0205363407038594,2
0.056700639579003745,6
0.016447089318187752,2
0.006920599854164156,2
0.15250512348554157,8
0.0020774839198510198,2
0.04459427623580592,6
0.019957412920293127,6
0.004085636440611162,2
0.00834035335684516,2
0.11569858605198946,7
0.05423100894253363,5
0.02249556603163176,3
0.09081906368015437,5
0.06411663098470266,6
0.006515730156329558,2
0.011078262883610274,3
0.008412010307062956,3
0.007192875384091996,2
0.02246782162239884,2
0.003670205340795041,2
0.02836439795540535,2
0.022146711096906163,2
0.049581670715563825,6
0.004028900035582206,3
0.01599156129242213,2
0.04807912557350595,6
0.011884051025214823,3
0.04686111591700867,6
0.009270699090341922,2
0.018674582614974233,2
0.09044522369977115,5
0.014958671486704517,3
0.022367566952996965,2
0.0087146058547945,3
0.04834147641560499,5
0.016454055774571347,6
0.027489376802423443,2
0.07240327374125957,5
0.036682592767549774,6
0.013231825129712826,2
0.00406936950542694,3
0.052716702193546044,6
0.05037192736132934,5
0.012343174996881923,2
0.10953078955070188,5
0.035209881838410145,2
0.02145645503723098,6
0.019793050113341953,3
0.0096871660012577,3
0.08108857021833804,0
0.06871035348390699,6
0.014788770799819495,2
0.03302563938632823,3
0.01326202969233646,3
0.017146282421619558,2
0.03875283317983495,6
0.0704591305151332,5
0.016724777455608797,2
0.01952863465253335,5
0.009264283797882356,3
0.013409794043791556,2
0.06905173571497045,5
0.05504899674758844,5
0.023950579741667824,2
0.016432126356079366,2
0.03910744673240368,6
0.04623869118714047,5
0.027942269548496657,2
0.014242608763547326,2
0.03788034313860117,6
0.049832324853244264,5
0.04520720200858683,6
0.020047634781378332,6
0.03654360403530735,5
0.04731142688869443,6
0.013358018184346648,2
0.013944211263370115,2
0.024654468249767192,5
0.03864782236276276,6
0.07286790898189999,5
0.007818934165990221,2
0.1088587333192481,5
0.044406938326704865,6
0.01636877451510925,2
0.055409586450235776,5
0.08236561277047494,5
0.0438730267216724,2
0.012376853090177414,2
0.05210268086571121,6
0.04930217545992602,5
0.008059784229810699,2
0.024010323118010685,3
0.02057423351621175,3
0.0731993594297918,1
0.011791210298952998,3
0.0672697795511217,6
0.02941180533696014,6
0.050573996496953266,6
0.00452514339179369,2
0.0073818646185492,6
0.01034786871862739,2
0.029593889303655196,3
0.014007562787186095,2
0.050436941817116596,5
0.014292521800118502,6
0.0335072830148522,5
0.011565589271168214,6
0.007961904591461968,2
0.018334980787194463,2
0.017311945344171575,3
0.011065355776185726,3
0.025785884391055974,2
0.03486673477215815,6
0.0005493982945969367,3
0.009904940800659179,2
0.005068940060362487,3
0.010761552050721102,3
0.006835837587664928,3
0.006352825794012862,2
0.048287379709853986,6
0.016249906618801296,3
0.077660631385681,7
0.011353497354644942,3
0.06276452218252482,5
0.004970895280643317,2
0.008748955461393287,3
0.1271858470396403,5
0.03325058007066509,6
0.06952863878295247,5
0.015563620231655861,2
0.04572292778332021,5
0.04206157460181946,6
0.014886053360211551,2
0.021454501624575253,2
0.010181919611479712,2
0.013035651169953116,3
0.02651689502987907,2
0.01612134143240551,6
0.02004127392739924,5
0.09066280340395243,5
0.013985044353342024,2
0.014765984299578386,2
0.03229399215188157,6
0.02276276916087125,3
0.09186188337998819,0
0.018456771537146865,2
0.013325662338024485,3
0.023827785691516945,2
0.021566424262403197,3
0.043923674822290176,6
0.0395307628018767,6
0.02113450463067562,2
0.0489980746568639,6
0.07059851605112882,5
0.020901442803198556,3
0.018482442521345316,2
0.027723394522400566,2
0.005668158786237706,2
0.07039175881556123,6
0.008893444552828478,2
0.0042907197230817595,2
0.03483986266659152,2
0.012530112180880557,2
0.03954481293395967,6
0.01921094839896939,2
0.03808236912231032,6
0.030609258168558473,3
0.02305830013848323,6
0.017610083210232302,2
0.034140714575620956,6
0.04018786269622707,5
0.016248633994172007,3
0.0036278826636738093,2
0.005900012369815771,6
0.017815422788630395,3
0.0922145176535094,5
0.024532645523167307,2
0.04142485973232163,6
0.007240237982305331,2
0.07976612778701322,0
0.022968572052007252,3
0.027587277886959805,2
0.022835041978268952,2
0.0051576809116619105,3
0.018767835725002402,3
0.018563573415176296,2
0.01598430364205214,6
0.11245026370561989,8
0.04297078829734166,2
0.007485503600674848,2
0.01661226145251371,2
0.02748330779859323,6
0.08153022975265042,5
0.007033864114236815,2
0.025533818007814013,2
0.019967033023949254,2
0.029614763357114424,2
0.04048334627270697,5
0.004680188895388113,3
0.02251742563010567,2
0.0511949924040577,5
0.040695629283522494,2
0.024181176837003687,3
0.035511507783157634,2
0.0061447814281121865,3
0.056570044457013635,0
0.022437207333124737,2
0.01589841738919609,2
0.028093669648661085,2
0.016751840031620766,2
0.03296076564316747,3
0.010595474652867115,2
0.04419089717169411,6
0.023006460912776916,2
0.013054473271053385,2
0.012219295577833286,2
0.016559882609930354,2
0.06097026589946343,5
0.04037074208446387,5
0.08275361073957485,5
0.013863088732549489,3
0.03216846202164278,2
0.017628983332046377,3
0.05422356845916916,6
0.027109219121626477,2
0.016599889577175397,3
0.026593638104042194,6
0.04169722676679313,5
0.017619067011646367,2
0.05440715303875315,6
0.018122104708243714,3
0.021420222832928854,3
0.016021509772782327,2
0.015552974195742544,2
0.004896337506863635,2
0.01128713867466899,2
0.004561516684701228,2
0.072655055387401,5
0.04556983690261829,6
0.006954069364101617,2
0.09850870102048623,5
0.014027569896045478,3
0.01182161613725674,3
0.01921053034113454,5
0.01601429868938986,3
0.05101966881547493,5
0.09791988533638561,5
0.05631118641064829,5
0.0,2
0.030450603367015355,6
0.03757933881178695,6
0.043966185542281724,5
0.03578286796809385,3
0.005741088949425599,3
0.0220910969784186,2
0.04680601398106998,6
0.09899996576571679,5
0.047543105052601814,5
0.023229865631478663,3
0.08785307864702206,1
0.0,2
0.024371374506127363,3
0.03371920878935497,6
0.10461511631744384,5
0.011937140855732664,6
0.04839894362126278,6
0.011910981042783195,3
0.02158451784156845,2
0.034519181789649384,6
0.04249282720795915,6
0.013334179523333461,3
0.03617725057741655,6
0.0361494006206929,2
0.015414527345507537,2
0.01790302984190223,2
0.04589784408796228,6
0.05910740197447961,6
0.09817801588777589,5
0.014155887741748086,3
0.024961406772589442,3
0.031068146728436843,2
0.06290833875435128,5
0.09631347387005253,5
0.08662941431654142,5
0.05238480347630535,5
0.08460161788014815,8
0.012929229555540184,2
0.1172419492643843,5
0.031294644416890366,5
0.022725970657352948,2
0.022938659785348203,2
0.0,2
0.014711046359005608,6
0.01621632939539283,2
0.0937533399065385,5
0.02771455059409883,3
0.017019589978581273,2
0.010529820568376078,2
0.05926598895488257,5
0.010359994234368633,2
0.05227569910586721,5
0.055819886319225215,5
0.036921126991515896,2
0.0689609683772043,6
0.11194607119236484,5
0.0,2
0.016256696081000055,3
0.022958416350191635,6
0.022759212406293666,2
0.03178173728875808,6
0.0801649323531256,7
0.06387322899765557,6
0.010089175287841645,3
0.014005595547839395,3
0.022932352465464656,3
0.044328415612385624,5
0.021029646316620895,2
0.08415074194749618,5
0.03169767699467595,2
0.020349547467390497,2
0.0,2
0.04655319503680244,5
0.06435101992928344,6
0.044525383746453845,6
0.017372460022023445,3
0.003947528505560599,2
0.010998022124262957,3
0.07929791409318027,0
0.02408050594385286,3
0.0026289005687517852,3
0.03591689135816151,6
0.09664703701898192,7
0.021746086328955583,2
0.12042721554858099,5
0.039589741220170255,6
0.08503909156056337,5
0.012146255632999661,2
0.04035218240139196,6
0.014194831020686943,2
0.06978691644565925,5
0.04351860471491324,6
0.0507914196239343,2
0.07221872413292899,8
0.06394712188262092,5
0.01815597943687905,3
0.05083024762351107,5
0.07262649709160843,5
0.05414899322996615,6
0.030062426474323,6
0.01413640368185301,2
0.04283825887389531,6
0.04138959758977989,6
0.005957357309175515,3
0.01364249552955249,2
0.019726531721330015,3
0.027490436407037355,3
0.003932653818417259,3
0.0015437553307430102,3
0.032899158313030905,2
0.005256428719615597,2
0.030859012785844783,2
0.045642994265751885,5
0.029761757647042808,5
0.0006023782705501524,2
0.008918004080065212,2
0.058475238662920204,5
0.004974328575966136,2
0.11284290158237664,8
0.013878386723319605,2
0.03407594652195814,6
0.06600977473934377,5
0.030008060190023167,3
0.016001327888521044,2
0.06208438248255281,6
0.03171329053021088,3
0.009075500382326851,2
0.057376743475624215,0
0.013444326904852782,3
0.04106339229001793,5
0.002004164503121436,2
0.12399939620749895,5
0.01409038282061681,2
0.01876865180394495,2
0.0048393778602476845,3
0.03849154458765805,6
0.05870859755058075,0
0.02627013078389595,2
0.050354387251589805,6
0.006582097864999581,2
0.0,2
0.0034918546290196584,2
0.04691569892992359,5
0.023577176699453833,2
0.03855329266943085,6
0.044430096098288754,6
0.054375278134707855,6
0.12208217160482433,5
0.009208113975920099,2
0.022026950245112975,3
0.147338011532512,5
0.02033207457414371,3
0.03139231433946321,2
0.027810050350448597,2
0.028574901585820697,2
0.0367242334260634,6
0.0,2
0.001471828535765829,2
0.015797503921209266,2
0.007247281680552192,2
0.045832004035696955,6
0.011008141459612902,2
0.022268021674248822,2
0.02073010966532847,2
0.03328595832748958,2
0.06028315347922858,5
0.02062199831724587,3
0.04380560261051168,6
0.015742141819620442,3
0.07997413964759294,1
0.021944930315164576,3
0.005230795196008997,2
0.02024435140304516,2
0.08847843296850548,5
0.014876174483647406,3
0.016313858269781364,2
0.027368618567354397,6
0.031129905870066865,2
0.028920193603299477,3
0.009934718644641766,2
0.014835908263301514,3
0.0401049796218422,6
0.06461309569258775,5
0.02121073572806928,6
0.041401954349112674,5
0.039612542030487086,2
0.057475725442647535,6
0.02468086667624514,2
0.05301726267106428,5
0.018042527617531057,5
0.0,2
0.052168845136024655,5
0.0792658034506109,1
0.009588045585066249,3
0.026883509993968796,6
0.0,2
0.00828505838649704,3
0.027976629533156383,6
0.040997571272443065,5
0.04320890588495009,2
0.018441092647112106,2
0.06983414844381074,6
0.051889404982580004,6
0.009148272124329865,3
0.037558991793916086,6
0.052993438528498055,5
0.030947209625044436,6
0.012619315918834612,2
0.007594909538651162,3
0.14242880446873066,5
0.01757608613137207,6
0.015414909067701543,2
0.020357924984192588,6
0.016079063753405065,2
0.00626171571379161,2
0.07859794028054139,0
0.009106033781512812,3
0.002375362080446003,3
0.016923607378541927,2
0.03487426790557517,2
0.01926929303566287,2
0.011632770521502717,2
0.08149871138781857,5
0.0686973762459888,5
0.03465526387566592,6
0.04362717880392844,6
0.023520748680980585,5
0.01305894310604408,2
0.1255994400405972,5
0.011114489330467103,2
0.021070132241537143,2
0.021544372211582813,6
0.005357769619323369,3
0.054068239678583443,6
0.03698929327438703,6
0.06667158721208291,5
0.008980343914021582,2
0.037857045772364956,6
0.024830768269650264,3
0.015307973372745115,2
0.059927757051456684,5
0.010173111800849247,6
0.04772747424809992,6
0.0,2
0.056104993929769365,5
0.06562260907472789,6
0.08683849156874139,5
0.03797189196150326,6
0.05518306086775106,5
0.13290217839252938,5
0.011328578439256012,2
0.017779396353589924,2
0.07022219556332078,6
0.012660363557977283,3
0.043688034057237174,6
0.010397100512680432,3
0.012749356970580633,2
0.0074633904209733815,3
0.05247584817515891,0
0.030901710809468325,6
0.0058294896109350736,6
0.04204450285108685,6
0.008952957584501098,2
0.01891949534237511,2
0.047918089958845944,5
0.0033396689502467464,2
0.012492389722995989,2
0.008527092278453774,2
0.016356589039483935,3
0.007795728034217769,2
0.07914370344502258,5
0.08124210046436141,6
0.018788770862704474,2
0.05470564960039556,5
0.0171904623942897,2
0.023476335914937127,2
0.0,2
0.015947045363415707,2
0.01844769110888482,2
0.06612618997448147,0
0.023373256857106964,2
0.02500110861498589,3
0.027891239633745096,2
0.007465560113869701,2
0.005165676381237605,2
0.014199504471162888,3
0.016894539763590927,3
0.05925174075730605,1
0.008956896412163962,2
0.06107525301196337,5
0.00887754761221779,2
0.018187838594433597,3
0.015063536007182021,2
0.06235917756044507,5
0.03482967472020368,6
0.09364553407963949,5
0.04823271818934302,5
0.013711420700680516,3
0.0022394165757970985,2
0.04219676550760555,6
0.009814389244430663,3
0.03165074566416455,3
0.009526245390927307,2
0.0713105951577406,5
0.016644143394847752,3
0.03303009540173507,3
0.015891795139295242,2
0.039148873838903114,6
0.028397268185938684,2
0.017756574732476577,2
0.03225313345560657,3
0.014522692749758204,2
0.012150727108051027,6
0.002707758131475807,2
0.013403833124321307,2
0.01859139496283453,2
0.010371816554599456,2
0.03173364904937226,2
0.012007736721143858,2
0.07672081407031814,5
0.03130808501953089,6
0.07038942768987552,5
0.06975754035293513,5
0.020238277941107413,2
0.06524903860000644,5
0.0,2
0.008257647519017142,3
0.021229986596174713,2
0.07425766722935317,6
0.022864919454944704,2
0.05006971101965632,6
0.0021288087688263457,3
0.0613294728909214,5
0.02737096919490206,2
0.014124743967030534,2
0.01769388369672932,2
0.008427875555540115,3
0.018255250786677002,6
0.03261807577813407,6
0.014097875032569762,2
0.04581809466898108,6
0.016665265908914692,2
0.036248913899404656,3
0.011817277398429388,3
0.01165377165759944,3
0.0075563411767237965,2
0.022049535990524033,6
0.059861307328414104,5
0.05689012432591686,6
0.024598631932987586,6
0.0,2
0.019677015479581977,3
0.04872440290560055,5
0.011862888024231688,2
0.047822871106098785,6
0.061025237926578754,6
0.035314175044173265,6
0.01345483827517846,3
0.01851682604629283,2
0.031301467735829924,5
0.08256018882370611,5
0.07370772210687199,6
0.052309424632417945,5
0.05172195328091583,6
0.021169441166012326,3
0.014024383744217356,2
0.00869715410035568,3
0.031142647602873413,6
0.02147422220610362,2
0.03769410477143989,3
0.01289538847821231,2
0.058291740680723916,6
0.046658873075686114,6
0.06751275769114623,5
0.011043328315593237,2
0.006766712676427866,2
0.010501186317932912,2
0.029365930203429244,2
0.0061668366287642995,3
0.07004603324753275,5
0.09122603369184185,0
0.07926072235727798,5
0.005225292701226847,2
0.01818611479306137,3
0.07176491947117203,5
0.021998666101593956,3
0.015930026327295843,3
0.015590671178445079,2
0.01508410883527593,2
0.04927040030938967,6
0.03288073128879136,6
0.07411653653132075,5
0.08184888726600553,5
0.0915427031692424,5
0.011873869509951063,2
0.02091912240193336,2
0.017696351985093922,3
0.023185123850948397,2
0.07258109346394573,6
0.012083309228387407,2
0.06646172429583624,6
0.07392407973831945,5
0.013597813425025251,2
0.0,2
0.027956110310823595,6
0.022964279504586613,6
0.010140584267615105,2
0.017620676913132877,6
0.09019277560813466,5
0.011525741526900085,2
0.003305527337847336,2
0.019573831557619062,2
0.01706871534355303,3
0.04289802975719735,6
0.0034619210962742175,2
0.09752254523677642,5
0.009265073690440662,2
0.04353357245603626,5
0.0013076366122479754,3
0.05690715332012117,6
0.0064436553531951185,2
0.04466819487061785,5
0.016096472228086578,3
0.04447571895461369,5
0.017523922587828533,2
0.031983916793505984,2
0.019717542043166197,3
0.08761770731204613,8
0.012586301255117033,2
0.04269530696518242,6
0.036911530822988675,6
0.0118380732872653,3
0.008962738920759133,2
0.0,2
0.015956481765769887,3
0.01563859522991723,3
0.013912478340594017,2
0.017348245153118794,2
0.09320924123362287,5
0.10196580924099312,5
0.0005373582667659305,3
0.08053094771230014,0
0.024980509514714713,3
0.09483098991673304,5
0.023288024856351452,2
0.013719107935083436,2
0.11352602647654653,1
0.020881038304276456,3
0.020948740577114197,2
0.07729841278179128,0
0.02487704732552054,6
0.044910334265093776,5
0.04985708205998016,6
0.008036252761636331,3
0.003430624297073359,6
0.019223940071177392,3
0.006986993675604014,3
0.06487999607608266,5
0.04478998579693752,6
0.015460895090764593,2
0.022670649509566557,3
0.006367952851889236,3
0.029276010894099536,6
0.017549999682586248,2
0.012520485135559783,3
0.04814038774963286,6
0.08248684999050808,5
0.012161729916366382,2
0.052924006586458155,1
0.0185410332854887,3
0.02406056930196801,6
0.009919490612706222,3
0.019825684958542283,3
0.014110747754985054,6
0.0021910985055737936,3
0.007660162294641212,3
0.04497167245374335,2
0.0004541758732012624,2
0.007299732322208527,2
0.03393612510170339,6
0.016777989179573516,2
0.022088475195068485,2
0.04129085299314103,6
0.010147164078503995,2
0.07454363041125898,5
0.03872941187265502,6
0.013305385831315603,2
0.012369071679109112,3
0.049316087437448045,6
0.024306757790161115,2
0.006483090518009951,2
0.0141783788295749,3
0.0,2
0.07697623060564088,5
0.03905468238154158,5
0.25570799463811056,5
0.007836272806808958,3
0.02774504044104198,3
0.009526958164380983,2
0.0,3
0.03873091989333288,6
0.03729319324591995,6
0.0832228795614752,0
0.03961736648235881,6
0.03397534354874,5
0.05915023229399226,6
0.05510289047409875,6
0.09300837716268105,5
0.010834421984572212,3
0.037806019679974906,6
0.00685297014286021,3
0.0051054019830464314,3
0.016159305627286152,3
0.03432940043724311,6
0.0036462688634860407,2
0.029556416343233305,6
0.02346983831228097,2
0.008647535414676832,3
0.018660642306738168,2
0.03287204072664329,6
0.018748066353066528,6
0.006537331071071212,2
0.03299492971932115,6
0.03712723580393443,6
0.03603515934162624,6
0.019996634624086296,2
0.02416624666290984,3
0.08654065151080247,5
0.009300413061982926,2
0.06350683308698975,6
0.015028985696075137,3
0.017224587001212377,6
0.0180563831995591,6
0.0,2
0.00994955357063565,3
0.011638163250439162,3
0.0868413092336897,0
0.016355296778808343,3
0.05518235172092359,5
0.01897681279051626,2
0.016474646349453392,3
0.02319249260249731,2
0.0,2
0.011504633077761672,3
0.09531199220820957,5
0.011619377211384244,3
0.02820595078233437,6
0.03493208097534389,6
0.043165735197803756,5
0.12023147385971371,5
0.03678730405282166,5
0.07544421676120767,5
0.013273194016825501,2
0.016266787584434415,2
0.014216147063478679,2
0.05404302896414814,6
0.0029712067966709,3
0.0025293835614675353,2
0.03460643606622846,6
0.06778478166072685,5
0.048732193142591945,6
0.014251869204004453,3
0.03073065162714511,3
0.11049086932584716,5
0.01928683673323313,2
0.03277707340628089,6
0.01604124533329672,2
0.04197569087427461,6
0.010748325151014093,2
0.049724406640582475,6
0.051265710112690155,6
0.022297946288974774,3
0.08486921859858321,6
0.02874123969272689,2
0.019479838516148484,3
0.08441681737659235,5
0.03521272950494386,6
0.059972133964716054,5
0.02317461590305059,2
0.01307470950392664,2
0.06012896641470315,6
0.0501560418443609,6
0.036361753401482094,6
0.03042847067589971,2
0.01164733760425972,3
0.0377906513101009,3
0.029750175307703713,6
0.010756562427124985,2
0.03816372617323002,2
0.05775114449903174,5
0.03947063613764158,6
0.008748433484010235,2
0.028756050470499242,6
0.03905119804462101,3
0.02350085836055678,3
0.0,2
0.0067415455054180284,3
0.07750978024289708,5
0.031379800342903136,2
0.010819877723586113,3
0.01198764082459075,3
0.01956260841501918,2
0.02734439537726055,2
0.03303507356826946,6
0.09379458936262061,5
0.04474745690107579,6
0.03896158651758366,2
0.01983907946358157,5
0.028317421642939405,6
0.0768534695952919,5
0.05717023045292327,0
0.009334979905592206,2
0.0772355202395876,0
0.0,2
0.008759842845756205,2
0.01897654943530265,2
0.02663864919984353,6
0.07795636948606233,5
0.00862389456040849,2
0.09029201860092408,1
0.033812520541112154,6
0.027799860489263445,3
0.1187280085227006,5
0.0023328909097814488,2
0.020776015991730706,6
0.018940122003825804,2
0.0852843466972158,5
0.02547634181194361,6
0.03769252901653822,6
0.06881507890908242,6
0.011512571793784551,3
0.05254626108813987,5
0.03217074381786947,2
0.014287374700032746,2
0.01535024115697553,3
0.023283972089331806,2
0.04054527633491581,6
0.011279326210371407,3
0.05671856141930787,6
0.055018098818488376,6
0.018789567290248124,2
0.015310162124657092,2
0.03181271624645102,6
0.015719645991278203,2
0.004685671830479465,2
0.016417893160394798,2
0.03653746082760062,5
0.05109020446621157,6
0.003662849038016891,2
0.04514961236730877,5
0.017098128810191016,2
0.015437779346739608,2
0.02970045521980713,3
0.07708525246778761,5
0.042631664929382515,6
0.016650206472795803,2
0.019011477464801335,3
0.09344713768963506,5
0.0019508371388103907,2
0.04543192309727177,6
0.02753723225174806,2
0.040574101879348984,6
0.05567713491009266,5
0.022731460558659447,3
0.06258722539003689,5
0.10425137563307774,5
0.015907649404328303,6
0.0775719054868586,1
0.0,2
0.022858751951005396,2
0.01801714960105477,3
0.029326369066636535,2
0.02388648004287805,2
0.013717881870949342,3
0.18894481455927012,8
0.03146641860186172,2
0.043986164469954514,6
0.030107639674884612,6
0.06628392029724521,6
0.03098535770402723,6
0.07146337574860723,5
0.009437748005357072,6
0.014367146143137569,2
0.008683064155146636,2
0.017098018647407162,3
0.026270480200608487,6
0.005442277681452307,3
0.018647790296518182,2
0.06594317470728558,0
0.01936321537312019,2
0.24624062352651271,5
0.00890475300236332,2
0.011791697838198306,2
0.147786473852484,5
0.04980129747781403,5
0.01608954791236833,2
0.011736530653356836,3
0.03402183591761289,6
0.01648785911218234,3
0.030374252671198726,2
0.023747704867642327,2
0.03535790128543033,6
0.06322296103107954,5
0.07824844118808333,5
0.04724072480837367,5
0.03008877976675764,6
0.011356425796221786,3
0.013867825085895652,2
0.022103018675904612,2
0.05407294282118602,6
0.0,2
0.03276662576020589,6
0.030664281701894516,2
0.01612815999473216,2
0.09063769411773989,1
0.015295115918038421,2
0.031755536978596954,6
0.019250617608790613,6
0.09044174592155292,8
0.02018350186512541,2
0.048550985676104844,5
0.02504688394143781,2
0.1517963058226715,5
0.02201307431341365,3
0.01635977463482506,3
0.07034754779600644,5
0.033862672751214073,6
0.06362432101554905,6
0.03111278269361234,2
0.0,2
0.023696643366406478,2
0.03000129778629332,2
0.01716533449086108,3
0.014971574705372359,3
0.061178804257425945,5
0.025618505516734946,3
0.007232430648845337,2
0.0,2
0.05948029195864653,5
0.01314468880340497,3
0.058206806607577016,5
0.0,3
0.020604746179093705,2
0.020762604581358562,2
0.08433858031067926,0
0.01931815742535864,2
0.0,2
0.09057984468768457,5
0.021034153619112234,2
0.010652362958465,2
0.0344218494243959,6
0.03978393574576353,6
0.030518130311808084,2
0.009571052405939126,2
0.06384405061601756,5
0.09119600976730391,5
0.018185865808324472,2
0.05616053900955223,5
0.0714127856439929,5
0.00893131862728766,2
0.010037454281850655,3
0.02761660676885941,2
0.06904513203847576,6
0.004130946614382541,2
0.0719302603853221,1
0.032460232831377,2
0.09401828978209673,5
0.0231560918664888,2
0.008847972429507939,3
0.010532550048841072,2
0.02369154960462505,2
0.04743073185136212,5
0.013035683166887302,2
0.02573875223395533,2
0.013993678005842392,2
0.026095754520143802,2
0.007381768795053256,2
0.0028241784173879125,3
0.01076556394480005,2
0.02454984016604808,2
0.09140940218451313,1
0.02928721635041784,6
0.019308917832312686,3
0.029263622918047016,2
0.035838153752589544,3
0.027871423612812862,2
0.005663877699857822,2
0.027261248424565204,5
0.030306387390824613,2
0.007068643079454831,2
0.024027506087045042,3
0.019246150055841377,2
0.04682491493163604,1
0.019249458490689847,2
0.003154576474985585,2
0.02953932680588378,3
0.15089460872565846,8
0.05569255681397456,5
0.0006524173957387358,2
0.016747113978601236,3
0.019366226901774003,2
0.049812635633812816,6
0.019833667401211924,3
0.028146357048886725,6
0.019466301508861875,2
0.07392631106710862,5
0.04132567692261166,6
0.05005631902451074,6
0.050513068820471796,5
0.00709754310961086,3
0.013821818723839807,2
0.0028212233093765082,2
0.014338465564849787,2
0.003443400371423322,2
0.0323753552713469,2
0.0344967913123998,3
0.04067276133117635,6
0.01053852048737719,3
0.006495657506124922,2
0.02303410247841245,3
0.03379176976005949,6
0.002163024526633861,2
0.026493961472032646,2
0.0119353862620874,2
0.0035541575709632234,3
0.0687046272974436,5
0.012072499393939756,3
0.06234846051153156,6
0.008488898898560665,3
0.00021765367027944127,2
0.007690789394430991,2
0.03393986729054857,6
0.05041054275367307,6
0.011905965513759428,3
0.05380266818433077,6
0.07072605043320869,6
0.022241067364806327,2
0.04407489820210561,6
0.014300207523165617,3
0.0755912340644519,5
0.024942012842649033,3
0.11459128569930407,5
0.0064107697153648335,2
0.009764601796325309,3
0.01804454481463577,2
0.012697078563848885,2
0.00891448783119525,2
0.009047364583398929,2
0.018972611570218068,3
0.03282631519702049,6
0.013816797301435091,2
0.07136870496612169,0
0.09346078184758402,5
0.014321942716340644,3
0.027156117897311302,5
0.015616033330715942,2
0.012646760680487118,2
0.019773276949221874,3
0.05887258857098181,5
0.11150229080256566,5
0.007315802676669814,3
0.02015787925729827,5
0.024226948865035652,2
0.0935564445131338,5
0.051818778347000466,5
0.012250800845776955,3
0.0,2
0.0393267764298883,6
0.0160453994374537,2
0.01951015019369061,2
0.0801984717178187,5
0.006907091336405297,2
0.0,2
0.07436239299265641,5
0.01640094237765166,2
0.013794615879179226,2
0.022881938529048254,6
0.03357569041210921,6
0.05932618118280089,6
0.032979033131385005,2
0.01410916151765608,3
0.07509396055237275,5
0.016265600569184413,2
0.037725596341844095,6
0.0007417009786783724,6
0.00597011338301584,3
0.014411321589801962,3
0.06888486395625248,6
0.016176789004042874,3
0.008266718319311916,3
0.026639268633517038,2
0.0381804489377473,5
0.015437186301599196,3
0.06680160870453553,5
0.04233073370467434,6
0.07281052540803137,5
0.02789391525824439,6
0.009660469906796032,3
0.12859864815362643,8
0.018580358936143238,3
0.01240849782249015,2
0.06245649491938092,6
0.10240533919879266,5
0.017997647328530902,2
0.001110217355921525,2
0.029789545640133225,6
0.0846798982319848,1
0.01202809758837739,2
0.013737439658455142,3
0.023746452576938956,6
0.04742540510933814,6
0.007028286012784352,3
0.0500278032868053,6
0.01896012514073031,2
0.017389771891932138,6
0.0055956633022821445,2
0.012445013909489613,3
0.074334263880383,6
0.08001150797231132,0
0.022531928394379258,3
0.001134023579588972,2
0.06842448887723691,6
0.016187967398385794,3
0.07477336686184326,0
0.029826773914549007,2
0.038715564797286176,2
0.02025203458952851,3
0.025760299345299636,3
0.018988567338944398,3
0.058880550713995505,5
0.02017487262047188,3
0.009246536609823539,2
0.01173794598208558,2
0.09949795638239112,5
0.02291214087705533,2
0.038682701656268303,6
0.034244510348144436,6
0.044481603921651486,6
0.014270233738377602,3
0.09004215508679321,1
0.02062855782798148,2
0.004719747838066363,2
0.02121684738600177,5
0.01962302585565713,2
0.02188074870739143,6
0.003997309982089192,3
0.012485476990262298,2
0.016253294069747792,6
0.21149183893644524,8
0.019881823798163334,3
0.13448666119331193,5
0.018555396645852887,2
0.09300771622154569,5
0.019185465504399618,3
0.008317622430466604,3
0.11929136055343911,1
0.05461882692243655,5
0.09789674228235057,5
0.0,2
0.07469189348827746,0
0.00698137779617497,3
0.014607342831267578,2
0.06452382788491814,1
0.025430512040128694,6
0.021998793497241736,3
0.000752787932650073,6
0.01115538136524033,2
0.002560996650318975,2
0.02998034454269094,2
0.04070379394400442,3
0.044396199996767194,6
0.03211580320351645,6
0.019667941992666624,2
0.014504474677824841,2
0.01768900475065885,6
0.01620043513584632,2
0.0746536423228997,5
0.014471492468936434,3
0.04643798018572959,5
0.06007007003422858,6
0.1363250815045574,5
0.013368082493632638,2
0.014701276125694163,2
0.04951431915168111,5
0.06538925180601379,5
0.02015512076854345,2
0.01930898427327743,2
0.08790921737191167,5
0.028409650352096152,6
0.010725298326003385,2
0.09727234293238998,5
0.00834843685616124,2
0.02062791990890804,2
0.024986705329067785,2
0.009605690200713835,3
0.006564028941387759,3
0.09035025989897869,5
0.04204111389996021,6
0.07799195531309824,5
0.010502010175435977,2
0.01826062149823454,2
0.01996210183464331,2
0.013954980133718792,2
0.03383892474067707,6
0.021402833012591604,2
0.02606306276613482,2
0.004523202494968903,3
0.07376061392599498,6
0.08340013256508537,5
0.02224493072499223,2
0.026086414045747283,2
0.020078146409260367,2
0.0455924153109214,6
0.047905066399781135,6
0.0019005680718253148,3
0.1477580786000482,8
0.04219686445891431,6
0.008166425665223243,2
0.03633349121990358,5
0.00844571020658684,3
0.012256890413360172,2
0.006039743367610789,3
0.0846032017731432,5
0.010455945130374733,3
0.023817532927524074,2
0.04133867864514047,6
0.04577821315916013,6
0.006656709445356068,2
0.026536143781800636,2
0.012162140824267309,2
0.04231778046361802,6
0.019180717706540076,3
0.03553218973852275,6
0.021753644364481003,2
0.012908531285491118,2
0.007175155180763865,6
0.010455114639312757,3
0.024787442684089445,2
0.013032290938432917,2
0.018813466611918697,2
0.029981255533757092,5
0.014031494788683874,2
0.03228684350811892,6
0.0426236209279094,6
0.0476725995580701,6
0.01210265461494514,3
0.06702650946365772,5
0.06835804701664823,0
0.00441425066831147,2
0.023894844172476046,6
0.008979967838690789,2
0.017208320308545244,2
0.02463299564019865,2
0.05424417777414177,6
0.020613227855179883,2
0.013193251189630287,2
0.03064838964717234,2
0.06141006885376632,6
0.03891247510507401,6
0.0679353689216179,5
0.04041614265268484,6
0.07199180977623192,5
0.1320381888906443,8
0.1340639955507111,8
0.0076578812143755365,2
0.055209226890620355,6
0.019789446586479076,3
0.018642367083142278,2
0.014669991778637134,3
0.013204740367521894,2
0.011783866641021865,2
0.06363127916967697,6
0.018820337525880804,3
0.004225635672992167,3
0.019948734313093727,2
0.005319825614452212,2
0.03969835656409611,5
0.037617292418449425,2
0.034094642463318656,6
0.024378599937281004,2
0.012507471118859928,3
0.07323767044041046,5
0.0349352084561073,6
0.07632084763566868,5
0.03164269955822224,3
0.01572495523128009,3
0.02001054872268336,2
0.004480893819551565,2
0.01334949579643549,2
0.014515825554763023,2
0.02511076549127024,2
0.010535666109521905,2
0.047748707552376424,5
0.04642753695176649,6
0.017184242100258387,6
0.022398173379645267,2
0.009854990199493513,2
0.0072403555069905645,2
0.14405467542972672,5
0.060050224000078034,6
0.02452591695509604,2
0.08229604537453654,5
0.010512910402496245,2
0.02073934937331355,3
0.13370640811154963,5
0.0,6
0.03797471072359665,6
0.07518009884906907,1
0.14302735387478915,8
0.021092344550845354,3
0.07254647427777852,5
0.038461837649476846,6
0.07636190123203909,5
0.003710915663994313,2
0.010753050610240844,2
0.05201368848490691,6
0.03702855373869238,6
0.001235984047406588,2
0.05058160044008564,5
0.01717906037547373,2
0.03366442271499365,3
0.06591811867461544,6
0.0,2
0.008400468555522358,3
0.011929498034915775,2
0.0031544202870018023,2
0.06279056004778105,5
0.07416791913147777,5
0.020209260281377567,3
0.12330594885668539,5
0.050615019793519234,6
0.0040243010242432264,3
0.006254505580546688,2
0.1434321855351495,8
0.012735790998344015,2
0.01138575788093002,3
0.009020748897772296,2
0.05771910521944981,6
0.016870444238326857,2
0.0417510960423602,6
0.11030641795452661,8
0.016404197199268514,2
0.03758321236252822,6
0.033702858375706565,6
0.017845357283819363,2
0.0,6
0.06691494950650767,6
0.1196308755307424,5
0.009176339321597754,2
0.03343372015607478,2
0.0,2
0.04824860330455426,6
0.014856433959233334,6
0.019312913405204718,2
0.01618932936525115,3
0.04779189232945685,6
0.034184125791667616,6
0.0015929956882905216,2
0.02053377284466762,3
0.0,3
0.03853076424048893,2
0.02216565711559562,3
0.04504109883336396,6
0.09196175087148452,5
0.020792213719401154,3
0.03968676319785172,5
0.01488707897031874,3
0.0329665724451319,6
0.08979720257031965,8
0.10651804937477446,1
0.012799777335181575,2
0.017815170775281067,2
0.02646667730267646,2
0.09320861406811212,5
0.011333264423155937,2
0.15592039815141295,8
0.00356066049213577,2
0.006890265225778791,2
0.05382458345844812,6
0.07847524249881074,5
0.018421370016057287,3
0.014841246742814868,3
0.05790794369143887,5
0.08670000456753343,1
0.015876161330230537,2
0.01620908184674244,2
0.0797494345225571,5
0.007042598479354123,2
0.011242286736804136,3
0.030856725080624203,6
0.041042040979081734,5
0.04692959010748693,5
0.09403061877616753,0
0.01680761358247225,6
0.0,2
0.041383121424873354,6
0.04342315708263961,6
0.009350303524539028,2
0.009273844436878842,2
0.07342120510891899,5
0.008949936879429382,3
0.005675794372278553,2
0.07628863484918624,5
0.009612782053378954,3
0.025147700857198224,6
0.07983455950787728,6
0.038931322845751154,6
0.06419247369820381,5
0.05444100982090966,5
0.039618493908979896,5
0.020829548957452537,2
0.04028144246816684,5
0.009948032221253067,6
0.03256573477461455,2
0.008582829406647285,6
0.027520897684918874,2
0.0616714006087684,5
0.010132314685106197,2
0.030250728449933872,6
0.03996832518230532,6
0.005211852471878192,2
0.059186985480965015,6
0.07167401246857319,0
0.008626027615608045,3
0.027571471011218596,2
0.06046331193906056,5
0.019844787654725998,5
0.07139235863888767,5
0.011818639261479025,2
0.06221083765479721,6
0.050231930496685354,6
0.02196203448451363,3
0.02858904677678338,2
0.031071181847656698,6
0.15071247377730035,8
0.011436671062134862,3
0.017908843275234232,6
0.0638235697924022,5
0.014127722546239216,2
0.01947966571362153,2
0.03710108657147049,6
0.09578438603256509,5
0.05158823202034224,5
0.05515522106967721,5
0.0353991700593865,6
0.020454744019852075,2
0.04868534264628849,6
0.009067515124740355,6
0.02418585193511319,2
0.021105870181029024,3
0.025414586274134968,2
0.011049959552101252,2
0.031792204327014184,2
0.047516349878547554,6
0.028093207882978727,6
0.06510522623487594,1
0.06251842422720189,5
0.033499837624062764,2
0.06868568821721996,5
0.0012758581724309492,3
0.029479139557142237,6
0.016318969635697025,2
0.01850651562663999,2
0.012230685648747464,2
0.01039318461482025,3
0.0385621737457542,5
0.03797240416755611,6
0.06816346372587567,5
0.08231890129288615,5
0.05499840310729516,6
0.033261072468905126,6
0.008905913082558031,2
0.05223279271922958,5
0.020812603138735813,2
0.04027052418151193,5
0.021537491016782054,6
0.04461310613281083,6
0.06533990354942798,5
0.012714552011798372,2
0.0028230196539475727,3
0.01177495923636529,2
0.021384791672492354,2
0.00534098543619313,3
0.01808954260504872,3
0.06545534583343171,0
0.012782567468822559,6
0.01696675346901222,3
0.028990985265852517,6
0.01552710960229478,3
0.0776705536947836,5
0.03393910938021108,5
0.00519250611096253,3
0.15151640685626802,1
0.04399050156271725,6
0.0384430161666974,2
0.06187398516191772,6
0.10147854875555617,1
0.009820991804904977,3
0.0276419485492973,2
0.014443361971636204,6
0.020436913863939976,2
0.034454215009782435,6
0.10669442870436169,5
0.033350646108210605,6
0.05481063016235688,6
0.019586779617766392,6
0.056657499711622136,5
0.06960924668059182,1
0.04234349351815185,5
0.05410149164607811,5
0.016557800500266534,6
0.13808129937676378,5
0.04744454151974559,6
0.013707489319565225,2
0.004098169134598664,3
0.013431622519765818,2
0.02951960436767348,6
0.0066052232661432675,3
0.018730715041450297,2
0.00967865660476519,2
0.011636261916620205,3
0.07573899535286663,0
0.019737748157553303,2
0.013710139793074783,6
0.025444513224918544,6
0.0008849511023951151,2
0.0,2
0.01796178516213827,2
0.0596402453453182,5
0.01845718716399647,6
0.02691583669051481,2
0.003976506051016626,2
0.019669883947511818,2
0.06801654508939073,5
0.0839211137889277,5
0.01480767617526385,3
0.07093894139596393,1
0.0,2
0.02612858754049141,3
0.0599643344062408,5
0.002358996688085091,3
0.004346173835474226,2
0.02725123833051786,2
0.025347622106212275,2
0.09883850894603538,5
0.00540614128415115,3
0.04510641219330644,6
0.02878100504937868,2
0.04165509916172641,6
0.008311433756393163,2
0.018078400585542997,2
0.009372406548390305,3
0.023922027785459155,6
0.016729490306795658,3
0.03061533321073262,3
0.013440420336675307,2
0.021523909588150314,2
0.018428737968293807,6
0.11249249929418276,8
0.0,2
0.02031834591093834,2
0.0179473968093303,3
0.022012737875878763,2
0.02352345650349444,6
0.05745363032253496,6
0.06398549191196146,1
0.016409593792238164,2
0.027127854687237052,3
0.015153733397065286,2
0.008681392235234453,2
0.05345268606556548,5
0.01999120111164189,2
0.04094073681834663,6
0.06683924237576017,5
0.010843105940098907,3
0.0,2
0.021375651136130783,2
0.1590064887367244,1
0.012815012697666259,2
0.003207359720610106,2
0.04358603765560323,6
0.014237422111213927,2
0.15923996482685882,8
0.009200568581639673,3
0.00411965655665511,2
0.08241369336413576,5
0.06114345591605855,1
0.02654682924286475,2
0.0008468397547169437,2
0.017623357066972017,2
0.01656298823241563,2
0.01766343130683895,2
0.035557083146301946,2
0.00835469550694895,2
0.01293641623475568,2
0.01256598691882957,2
0.009859793374984452,3
0.018957503034156137,6
0.03188370574323686,2
0.019988365521196316,2
0.0,2
0.005498791316423279,6
0.041439374212040025,5
0.021889918589312204,6
0.1452080458817041,8
0.013889274835397813,2
0.060046021026961605,6
0.03879950168670637,6
0.056380237437773595,6
0.02268773168422955,2
0.04115325921893996,6
0.03889014785419603,6
0.020892133597966253,2
0.007056371110200882,2
0.01469002904088483,2
0.047238337771356,5
0.010787696929730653,3
0.02157970497756516,3
0.07407531977073709,1
0.08936086547183412,5
0.014907890171821814,3
0.04926329565296336,6
0.021142682713600786,2
0.016671124986784483,2
0.026327370389016808,6
0.014127312997200658,2
0.024516907015049272,3
0.03083070558290689,2
0.05747350121577216,5
0.09034519674017111,5
0.040061254295015655,6
0.022035993422506103,3
0.0005675500826597124,2
0.01353628164674775,2
0.034596684494709096,5
0.014318302274399008,2
0.08799159286562824,5
0.05775965672906186,7
0.0,2
0.0287337658544828,2
0.06486689986242944,6
0.016364246934947257,3
0.014711669810888436,2
0.015339665526399995,2
0.01646128869651045,2
0.025386175447761894,2
0.04741781976474485,5
0.0305766286198504,2
0.023798574812304976,3
0.04995479186456775,6
0.1100718263244024,5
0.032758313164973143,2
0.01718822839590839,2
0.08020366071943588,5
0.017203625353412036,2
0.019576748955056122,2
0.013397968144170963,2
0.020864446014349378,3
0.03235127605075434,5
0.011117349279103059,2
0.007228981916842125,2
0.09846927771815372,5
0.014236611541139144,3
0.02169548135623764,3
0.025139047257433877,6
0.09585443277190434,5
0.11428620130660248,5
0.02024463823827817,2
0.017531975304296468,2
0.08630343808736438,5
0.006600208214431899,2
0.005739041920971202,2
0.014745431777161533,2
0.014591392348992205,3
0.02617470124075351,2
0.017167372671557296,3
0.017411878294476477,3
0.01930612218372066,6
0.07029313501281434,5
0.043128820176638466,6
0.02095895673599768,6
0.04550704951364798,5
0.05126132237163232,5
0.0205225778052269,2
0.018576358127963516,3
0.032626285549447354,6
0.013839612499327664,2
0.036566388486254126,6
0.016944281938013672,2
0.10523759563412194,0
0.03801924874589849,6
0.017712398353326275,2
0.0707118935724994,5
0.15154581076737716,5
0.024490265618109824,2
0.023921325431692037,2
0.04484235087841926,6
0.01556922359897435,2
0.015201419173534653,2
0.0323887170463211,2
0.010757550817160372,3
0.0014625893428179826,2
0.055216152822391534,6
0.011822380570030877,2
0.01365388864657971,2
0.020419959310499516,6
0.004106916295588278,2
0.013300468794196732,2
0.028289673621485253,6
0.08352308377617966,5
0.04722380284614999,6
0.006039244981314501,3
0.018659363108562615,3
0.02760980287866309,6
0.09642394479443239,5
0.008937424209266964,2
0.019197808822224105,6
0.0007308367104587044,3
0.0024412968312172156,3
0.035185309120098304,5
0.02289890219974361,3
0.02923644300537298,3
0.007044022898085672,2
0.002175607486740977,2
0.008753742640795384,2
0.02631448061474158,2
0.020096008291753453,3
0.01521005081267196,2
0.042435143054377275,5
0.081388280467496,6
0.02445459686561252,5
0.020050030736863983,3
0.06343244168152969,5
0.039551352095540865,2
0.03976641997550201,6
0.030960073016172096,6
0.007439904911654915,2
0.08892318710417162,5
0.036009340602009166,6
0.0242116230266462,3
0.012808945233427613,2
0.1189966935663442,8
0.0885706949885456,5
0.0,2
0.003736172844177682,3
0.0931286462606497,5
0.0042108102068082465,2
0.020268019104271395,3
0.015014488641101303,6
0.008114490548622538,2
0.0865932812919265,7
0.01408798334883124,3
0.010715078073749176,2
0.022840145364417558,2
0.0996296399194661,0
0.07457125096890661,5
0.00559265364803592,2
0.026797872820475938,6
0.020104167286422336,2
0.0,2
0.07120224857829505,5
0.012891465099534524,2
0.014752945027129122,2
0.07452562147801589,1
0.002799060734464065,3
0.06735551385017335,5
0.03969233812506552,6
0.051285549115396845,5
0.020939394544697384,3
0.009046485038137334,2
0.10513724326693547,0
0.0012032382374183581,2
0.02276190215599244,2
0.010391795513541024,3
0.020536134552978313,2
0.021254030466862306,2
0.025901617936006205,3
0.00818935961036972,2
0.043354956055329186,6
0.1017477586991497,5
0.01358481416758918,3
0.017871255366852495,2
0.012956766605520725,2
0.06377136811898321,5
0.019017359907610387,3
0.03174092671165854,6
0.0571960381155637,5
0.02423287647888489,3
0.052356653914428467,6
0.024696906734864535,6
0.0554186094221807,6
0.037511123559497664,6
0.022918950283913053,6
0.013305818860074897,3
0.004069247881098428,5
0.04612064584494596,5
0.0393432370445196,6
0.0020282521011840693,2
0.04642949839398568,5
0.007842234868255804,3
0.02865038534821779,3
0.0191435746373029,2
0.05258471885901393,6
0.015034202005542771,3
0.008896238972230477,6
0.06596327653182803,0
0.034103945906368116,3
0.011492571891083353,3
0.03926623163123208,5
0.011254583892654269,3
0.008974501069276553,3
0.014538475080964092,2
0.07880943100822291,5
0.022008241416813915,2
0.03762924875633106,6
0.010992107808864893,2
0.023409240615913818,5
0.12480275234541383,5
0.012861118740691596,6
0.04208560582566612,6
0.006798010627721313,2
0.023746496326998545,3
0.015212722847390586,2
0.010211821060447324,3
0.023895228069005015,2
0.035473923732439655,2
0.00496713786017447,3
0.010002562678445986,2
0.03557042372718677,5
0.009055431033717726,2
0.005809565651521603,2
0.03532240160514735,2
0.11778551155274047,5
0.03567242919800648,5
0.005022414242749573,3
0.020449512591485558,6
0.01921532340669138,2
0.04800837417247075,6
0.0042613110618800465,2
0.04931858405153103,6
0.05444529828904887,6
0.09212923922353375,5
0.07526047574974168,1
0.039044960301837295,6
0.04730628182144542,6
0.020389022502635065,6
0.01770024852824234,2
0.013504203664836942,2
0.06602939126473152,6
0.06136212477821104,5
0.11026227798243743,5
0.015428076461837859,2
0.012425141588642538,3
0.029135454007416017,5
0.010555577097492747,2
0.03920153482125471,6
0.03084567836084587,6
0.0907027576486258,5
0.05692214231485833,1
0.009922687540853889,3
0.020050381580964338,6
0.025206686342101187,2
0.014316090138122656,2
0.012442358109610557,2
0.046148345044336084,6
0.018645855105207554,3
0.00495686706394749,3
0.0071614667732251835,2
0.0238280692730779,2
0.017498765649484743,3
0.06184234872375638,5
0.06702110080694584,6
0.018058275117108558,2
0.002577459293391954,2
0.002213797950342433,2
0.043522056128623324,6
0.03894538544421686,6
0.020432251818856856,2
0.02518905252054013,2
0.022751607671669616,2
0.055324360878261786,6
0.0127538373416963,2
0.014699979359801968,2
0.010662895484693777,2
0.1188674988843582,5
0.02154343452650334,6
0.07058800302894952,6
0.06259021141734145,5
0.024262566843006983,3
0.04175546956451445,6
0.06972704034857458,0
0.013859886150024425,2
0.013938534041310582,2
0.014857963237007832,3
0.014040808738906174,2
0.010846445201531746,3
0.09889457529477716,5
0.0722150612092185,5
0.024899494799833333,6
0.03445576238698961,6
0.008224506073497798,2
0.006745056199069593,2
0.03362209843935493,5
0.00597299541838664,2
0.03881334266235782,6
0.05838497004910284,5
0.016592269911708563,6
0.025595352491797868,3
0.037860845832392465,6
0.0109501222722337,3
0.006150986220957361,3
0.037679038396889464,6
0.03495514026166649,2
0.012241479138223335,3
0.030423769702441122,6
0.11408776075165186,5
0.026154844481673628,2
0.033630457779677145,6
0.07845926072479646,5
0.07344507690009466,5
0.03799357614973263,6
0.015971122108659044,3
0.022895994056243762,3
0.05708491477509023,6
0.053806143051016636,5
0.021517946468575078,2
0.024667970052349206,5
0.018252437684820877,6
0.007854981964087154,3
0.01588481548091389,3
0.014508905769345479,2
0.04406905726472182,6
0.02998366808042864,2
0.012799113559920416,3
0.07334318252107391,1
0.041089304491235226,6
0.009146016687123726,2
0.0321778045193285,2
0.014917347743200082,3
0.009201692251968457,3
0.02677243461497636,2
0.027365704533804547,5
0.10172135170979546,5
0.0,2
0.07260161949179983,5
0.027341142526302084,2
0.025209325938329086,6
0.0022219754503259026,2
0.04114621861172761,2
0.07340506683283829,5
0.015463226932670326,3
0.030966635313135177,2
0.00957342541332959,2
0.08106498461678262,5
0.055834907989139246,6
0.028481869744581473,2
0.012790202854751506,3
0.01497555460868874,2
0.04657907668736733,6
0.023467460636647453,2
0.014346087302138363,3
0.0069829826607388235,3
0.04513152569132074,5
0.009818730643988013,2
0.09277883019540337,5
0.07675878094369995,1
0.0,2
0.04034637485075246,2
0.05734847535372642,6
0.05330474371437713,6
0.022803914828870453,2
0.01036528794859616,2
0.0031152012268544638,2
0.003960381092673687,2
0.012645333489548216,3
0.08472859772540786,5
0.018696284542061695,3
3.911885781945901e-05,2
0.028748027125015937,2
0.005953911870747314,2
0.015386079424417845,6
0.03881335099620048,5
0.0,2
0.010675785238427313,2
0.09201463711190011,1
0.021200467925276162,3
0.009490362264142682,3
0.035483337285226915,6
0.016161212996674987,2
0.020043981792435855,2
0.03406349023706584,5
0.017143511411118334,6
0.007036890292111589,2
0.03570131259227198,2
0.005487814467575111,2
0.01479039242834293,2
0.052509756315099965,6
0.0077858403892426264,2
0.018046223880088835,2
0.010838772244766745,2
0.034421659780972086,6
0.0119078172920285,2
0.07713394432165774,1
0.010430888457442,3
0.01703574191634702,3
0.0676312325401413,1
0.010347710593557699,3
0.025124719203634405,6
0.00013419903594968918,2
0.09184327834937445,5
0.04581996593707324,6
0.035048290669242366,6
0.11422930472832707,8
0.048084075915065874,6
0.019097372047968922,2
0.009114409006965765,3
0.015402061011448323,3
0.06186639175309375,6
0.010608476052347549,2
0.014352081304012415,2
0.01808290923246303,6
0.01758555199792751,2
0.06881383304823253,6
0.014041514386038345,2
0.054089785106210264,5
0.012775915120843279,2
0.023140439037343002,2
0.06192373522642072,6
0.029090477550192395,3
0.00954922138857539,3
0.01699374487094532,6
0.015587433777514523,3
0.08585215368925307,5
0.036344307281416244,6
0.02048131083477961,6
0.021296370830533207,2
0.015995286790004462,2
0.011219878102119801,2
0.024778904556555792,2
0.08551489706120421,5
0.06456925604969203,5
0.03524219617014883,6
0.10609596492269899,5
0.07706863817592918,5
0.009374159024316639,2
0.07005374720877802,0
0.08832136927135048,5
0.10250125842307459,8
0.02160552553495043,2
0.011278946874593854,2
0.05191597201380935,6
0.01699015398152104,6
0.03894673319124521,6
0.017432584235085286,3
0.008527461279057513,3
0.013238633519459475,2
0.008894243492497705,3
0.0018952576799202425,2
0.002222176971446249,6
0.0670064360781981,6
0.01097890809061472,2
0.004016027045407378,2
0.04426171811243876,5
0.011502042380593297,2
0.015272749294121896,3
0.07442133800412039,6
0.026472992937792636,3
0.01910596841068969,2
0.07067830972659962,5
0.06304246336776462,0
0.10948752995687161,5
0.010991654491816757,2
0.01267528511310062,2
0.06496276203298736,6
0.013044097781837405,2
0.01171684722221683,3
0.007832816477869764,2
0.04230624833208893,5
0.031784403289296,6
0.02027341677506367,3
0.06206920982058099,6
0.0,2
0.011885081226050379,3
0.013600378986106831,2
0.0011035385190710234,2
0.12649908069039828,8
0.03029594364622891,6
0.0016049386256669768,2
0.03109957274311942,2
0.010713526989441946,2
0.0064748354522906615,3
0.04774605027878484,6
0.01408612779762114,2
0.024529094364554804,3
0.08999654389505204,5
0.012575612854089702,3
0.030145767477700924,6
0.05530872176618219,5
0.015574783298010222,3
0.07305534621131969,6
0.10147215327444156,5
0.013063357816824703,2
0.02848554647775503,2
0.054261482204409184,6
0.02128031732835302,3
0.06152333162507395,5
0.0019926203841277024,2
0.016575980102232463,2
0.037333642577390816,6
0.027486407323386086,6
0.01813304785338621,2
0.020740979853366148,6
0.007755539531352176,6
0.05725162055434649,6
0.023321295616596502,2
0.012985751700991643,2
0.2728612356697676,5
0.01483178455635814,3
0.016182138832436854,2
0.008766063416843259,2
0.029289169229495676,5
0.0453878145747271,6
0.06883491465724445,5
0.012933784978096607,3
0.018771605931730093,6
0.01763651867875296,2
0.02472610825062503,2
0.11887654598747024,8
0.024003988871469845,3
0.04420080567932684,3
0.013159307211965052,2
0.007859442713732914,2
0.020914171115790664,2
0.039636480954856654,5
0.0014694892209751176,2
0.0,3
0.07962636642294889,1
0.019273803124201044,3
0.020755105495681325,6
0.0,2
0.020186217828618444,6
0.03310814011677815,2
0.04880946258054819,6
0.10603164683954241,5
0.03365461634473059,2
0.011704517059216102,3
0.016647566770550043,2
0.019255118499033552,2
0.0,3
0.1118569255797281,0
0.08704969652453282,5
0.017681681596425664,6
0.005728095506332631,2
0.0,2
0.020015967104232174,2
0.07010625877263765,5
0.17332853021182776,5
0.011032508300417881,2
0.010995716897965926,2
0.008264798144278024,6
0.0,2
0.0031533849138973835,2
0.04464189007288158,6
0.006004134216193752,3
0.023174164647008777,3
0.040344558718197476,6
0.007849625692801385,2
0.048300015386729955,6
0.008236047893531093,2
0.05208601785752512,6
