normalization,model,seed,unit_id,denominator_definition,q,epsilon_fraction,rmse_cycles,eligible_windows,late_events,lpr
global,core,42,B0007,J,0.05,0.0,57.52048517593471,9,9,1.0
global,core,42,B0044,J,0.05,0.0,26.361064803013004,6,1,0.16666666666666666
global,core,42,B0048,J,0.05,0.0,8.688963346821211,4,4,1.0
global,core,42,B0055,J,0.05,0.0,21.13530027740174,6,6,1.0
global,core,42,B0007,J,0.05,0.02,57.52048517593471,9,9,1.0
global,core,42,B0044,J,0.05,0.02,26.361064803013004,6,0,0.0
global,core,42,B0048,J,0.05,0.02,8.688963346821211,4,4,1.0
global,core,42,B0055,J,0.05,0.02,21.13530027740174,6,6,1.0
global,core,42,B0007,J,0.05,0.05,57.52048517593471,9,9,1.0
global,core,42,B0044,J,0.05,0.05,26.361064803013004,6,0,0.0
global,core,42,B0048,J,0.05,0.05,8.688963346821211,4,4,1.0
global,core,42,B0055,J,0.05,0.05,21.13530027740174,6,1,0.16666666666666666
global,core,42,B0007,J,0.1,0.0,57.52048517593471,17,17,1.0
global,core,42,B0044,J,0.1,0.0,26.361064803013004,12,4,0.3333333333333333
global,core,42,B0048,J,0.1,0.0,8.688963346821211,8,8,1.0
global,core,42,B0055,J,0.1,0.0,21.13530027740174,11,9,0.8181818181818182
global,core,42,B0007,J,0.1,0.02,57.52048517593471,17,17,1.0
global,core,42,B0044,J,0.1,0.02,26.361064803013004,12,0,0.0
global,core,42,B0048,J,0.1,0.02,8.688963346821211,8,8,1.0
global,core,42,B0055,J,0.1,0.02,21.13530027740174,11,6,0.5454545454545454
global,core,42,B0007,J,0.1,0.05,57.52048517593471,17,9,0.5294117647058824
global,core,42,B0044,J,0.1,0.05,26.361064803013004,12,0,0.0
global,core,42,B0048,J,0.1,0.05,8.688963346821211,8,8,1.0
global,core,42,B0055,J,0.1,0.05,21.13530027740174,11,1,0.09090909090909091
global,core,42,B0007,J,0.2,0.0,57.52048517593471,34,34,1.0
global,core,42,B0044,J,0.2,0.0,26.361064803013004,23,14,0.6086956521739131
global,core,42,B0048,J,0.2,0.0,8.688963346821211,15,15,1.0
global,core,42,B0055,J,0.2,0.0,21.13530027740174,21,9,0.42857142857142855
global,core,42,B0007,J,0.2,0.02,57.52048517593471,34,31,0.9117647058823529
global,core,42,B0044,J,0.2,0.02,26.361064803013004,23,6,0.2608695652173913
global,core,42,B0048,J,0.2,0.02,8.688963346821211,15,15,1.0
global,core,42,B0055,J,0.2,0.02,21.13530027740174,21,6,0.2857142857142857
global,core,42,B0007,J,0.2,0.05,57.52048517593471,34,9,0.2647058823529412
global,core,42,B0044,J,0.2,0.05,26.361064803013004,23,0,0.0
global,core,42,B0048,J,0.2,0.05,8.688963346821211,15,15,1.0
global,core,42,B0055,J,0.2,0.05,21.13530027740174,21,1,0.047619047619047616
global,core,42,B0007,J_plus_1,0.05,0.0,57.52048517593471,9,9,1.0
global,core,42,B0044,J_plus_1,0.05,0.0,26.361064803013004,6,1,0.16666666666666666
global,core,42,B0048,J_plus_1,0.05,0.0,8.688963346821211,4,4,1.0
global,core,42,B0055,J_plus_1,0.05,0.0,21.13530027740174,6,6,1.0
global,core,42,B0007,J_plus_1,0.05,0.02,57.52048517593471,9,9,1.0
global,core,42,B0044,J_plus_1,0.05,0.02,26.361064803013004,6,0,0.0
global,core,42,B0048,J_plus_1,0.05,0.02,8.688963346821211,4,4,1.0
global,core,42,B0055,J_plus_1,0.05,0.02,21.13530027740174,6,6,1.0
global,core,42,B0007,J_plus_1,0.05,0.05,57.52048517593471,9,9,1.0
global,core,42,B0044,J_plus_1,0.05,0.05,26.361064803013004,6,0,0.0
global,core,42,B0048,J_plus_1,0.05,0.05,8.688963346821211,4,4,1.0
global,core,42,B0055,J_plus_1,0.05,0.05,21.13530027740174,6,1,0.16666666666666666
global,core,42,B0007,J_plus_1,0.1,0.0,57.52048517593471,17,17,1.0
global,core,42,B0044,J_plus_1,0.1,0.0,26.361064803013004,12,4,0.3333333333333333
global,core,42,B0048,J_plus_1,0.1,0.0,8.688963346821211,8,8,1.0
global,core,42,B0055,J_plus_1,0.1,0.0,21.13530027740174,11,9,0.8181818181818182
global,core,42,B0007,J_plus_1,0.1,0.02,57.52048517593471,17,17,1.0
global,core,42,B0044,J_plus_1,0.1,0.02,26.361064803013004,12,0,0.0
global,core,42,B0048,J_plus_1,0.1,0.02,8.688963346821211,8,8,1.0
global,core,42,B0055,J_plus_1,0.1,0.02,21.13530027740174,11,6,0.5454545454545454
global,core,42,B0007,J_plus_1,0.1,0.05,57.52048517593471,17,9,0.5294117647058824
global,core,42,B0044,J_plus_1,0.1,0.05,26.361064803013004,12,0,0.0
global,core,42,B0048,J_plus_1,0.1,0.05,8.688963346821211,8,8,1.0
global,core,42,B0055,J_plus_1,0.1,0.05,21.13530027740174,11,1,0.09090909090909091
global,core,42,B0007,J_plus_1,0.2,0.0,57.52048517593471,34,34,1.0
global,core,42,B0044,J_plus_1,0.2,0.0,26.361064803013004,23,14,0.6086956521739131
global,core,42,B0048,J_plus_1,0.2,0.0,8.688963346821211,15,15,1.0
global,core,42,B0055,J_plus_1,0.2,0.0,21.13530027740174,21,9,0.42857142857142855
global,core,42,B0007,J_plus_1,0.2,0.02,57.52048517593471,34,31,0.9117647058823529
global,core,42,B0044,J_plus_1,0.2,0.02,26.361064803013004,23,5,0.21739130434782608
global,core,42,B0048,J_plus_1,0.2,0.02,8.688963346821211,15,15,1.0
global,core,42,B0055,J_plus_1,0.2,0.02,21.13530027740174,21,6,0.2857142857142857
global,core,42,B0007,J_plus_1,0.2,0.05,57.52048517593471,34,9,0.2647058823529412
global,core,42,B0044,J_plus_1,0.2,0.05,26.361064803013004,23,0,0.0
global,core,42,B0048,J_plus_1,0.2,0.05,8.688963346821211,15,15,1.0
global,core,42,B0055,J_plus_1,0.2,0.05,21.13530027740174,21,1,0.047619047619047616
global,core,123,B0007,J,0.05,0.0,60.973759450534835,9,9,1.0
global,core,123,B0044,J,0.05,0.0,30.506266071987707,6,6,1.0
global,core,123,B0048,J,0.05,0.0,15.226376033799673,4,4,1.0
global,core,123,B0055,J,0.05,0.0,26.12911563061864,6,6,1.0
global,core,123,B0007,J,0.05,0.02,60.973759450534835,9,9,1.0
global,core,123,B0044,J,0.05,0.02,30.506266071987707,6,6,1.0
global,core,123,B0048,J,0.05,0.02,15.226376033799673,4,4,1.0
global,core,123,B0055,J,0.05,0.02,26.12911563061864,6,6,1.0
global,core,123,B0007,J,0.05,0.05,60.973759450534835,9,9,1.0
global,core,123,B0044,J,0.05,0.05,30.506266071987707,6,6,1.0
global,core,123,B0048,J,0.05,0.05,15.226376033799673,4,4,1.0
global,core,123,B0055,J,0.05,0.05,26.12911563061864,6,6,1.0
global,core,123,B0007,J,0.1,0.0,60.973759450534835,17,17,1.0
global,core,123,B0044,J,0.1,0.0,30.506266071987707,12,12,1.0
global,core,123,B0048,J,0.1,0.0,15.226376033799673,8,8,1.0
global,core,123,B0055,J,0.1,0.0,26.12911563061864,11,11,1.0
global,core,123,B0007,J,0.1,0.02,60.973759450534835,17,17,1.0
global,core,123,B0044,J,0.1,0.02,30.506266071987707,12,12,1.0
global,core,123,B0048,J,0.1,0.02,15.226376033799673,8,8,1.0
global,core,123,B0055,J,0.1,0.02,26.12911563061864,11,11,1.0
global,core,123,B0007,J,0.1,0.05,60.973759450534835,17,17,1.0
global,core,123,B0044,J,0.1,0.05,30.506266071987707,12,12,1.0
global,core,123,B0048,J,0.1,0.05,15.226376033799673,8,8,1.0
global,core,123,B0055,J,0.1,0.05,26.12911563061864,11,11,1.0
global,core,123,B0007,J,0.2,0.0,60.973759450534835,34,31,0.9117647058823529
global,core,123,B0044,J,0.2,0.0,30.506266071987707,23,23,1.0
global,core,123,B0048,J,0.2,0.0,15.226376033799673,15,15,1.0
global,core,123,B0055,J,0.2,0.0,26.12911563061864,21,21,1.0
global,core,123,B0007,J,0.2,0.02,60.973759450534835,34,27,0.7941176470588235
global,core,123,B0044,J,0.2,0.02,30.506266071987707,23,23,1.0
global,core,123,B0048,J,0.2,0.02,15.226376033799673,15,15,1.0
global,core,123,B0055,J,0.2,0.02,26.12911563061864,21,21,1.0
global,core,123,B0007,J,0.2,0.05,60.973759450534835,34,22,0.6470588235294118
global,core,123,B0044,J,0.2,0.05,30.506266071987707,23,23,1.0
global,core,123,B0048,J,0.2,0.05,15.226376033799673,15,15,1.0
global,core,123,B0055,J,0.2,0.05,26.12911563061864,21,21,1.0
global,core,123,B0007,J_plus_1,0.05,0.0,60.973759450534835,9,9,1.0
global,core,123,B0044,J_plus_1,0.05,0.0,30.506266071987707,6,6,1.0
global,core,123,B0048,J_plus_1,0.05,0.0,15.226376033799673,4,4,1.0
global,core,123,B0055,J_plus_1,0.05,0.0,26.12911563061864,6,6,1.0
global,core,123,B0007,J_plus_1,0.05,0.02,60.973759450534835,9,9,1.0
global,core,123,B0044,J_plus_1,0.05,0.02,30.506266071987707,6,6,1.0
global,core,123,B0048,J_plus_1,0.05,0.02,15.226376033799673,4,4,1.0
global,core,123,B0055,J_plus_1,0.05,0.02,26.12911563061864,6,6,1.0
global,core,123,B0007,J_plus_1,0.05,0.05,60.973759450534835,9,9,1.0
global,core,123,B0044,J_plus_1,0.05,0.05,30.506266071987707,6,6,1.0
global,core,123,B0048,J_plus_1,0.05,0.05,15.226376033799673,4,4,1.0
global,core,123,B0055,J_plus_1,0.05,0.05,26.12911563061864,6,6,1.0
global,core,123,B0007,J_plus_1,0.1,0.0,60.973759450534835,17,17,1.0
global,core,123,B0044,J_plus_1,0.1,0.0,30.506266071987707,12,12,1.0
global,core,123,B0048,J_plus_1,0.1,0.0,15.226376033799673,8,8,1.0
global,core,123,B0055,J_plus_1,0.1,0.0,26.12911563061864,11,11,1.0
global,core,123,B0007,J_plus_1,0.1,0.02,60.973759450534835,17,17,1.0
global,core,123,B0044,J_plus_1,0.1,0.02,30.506266071987707,12,12,1.0
global,core,123,B0048,J_plus_1,0.1,0.02,15.226376033799673,8,8,1.0
global,core,123,B0055,J_plus_1,0.1,0.02,26.12911563061864,11,11,1.0
global,core,123,B0007,J_plus_1,0.1,0.05,60.973759450534835,17,17,1.0
global,core,123,B0044,J_plus_1,0.1,0.05,30.506266071987707,12,12,1.0
global,core,123,B0048,J_plus_1,0.1,0.05,15.226376033799673,8,8,1.0
global,core,123,B0055,J_plus_1,0.1,0.05,26.12911563061864,11,11,1.0
global,core,123,B0007,J_plus_1,0.2,0.0,60.973759450534835,34,31,0.9117647058823529
global,core,123,B0044,J_plus_1,0.2,0.0,30.506266071987707,23,23,1.0
global,core,123,B0048,J_plus_1,0.2,0.0,15.226376033799673,15,15,1.0
global,core,123,B0055,J_plus_1,0.2,0.0,26.12911563061864,21,21,1.0
global,core,123,B0007,J_plus_1,0.2,0.02,60.973759450534835,34,27,0.7941176470588235
global,core,123,B0044,J_plus_1,0.2,0.02,30.506266071987707,23,23,1.0
global,core,123,B0048,J_plus_1,0.2,0.02,15.226376033799673,15,15,1.0
global,core,123,B0055,J_plus_1,0.2,0.02,26.12911563061864,21,21,1.0
global,core,123,B0007,J_plus_1,0.2,0.05,60.973759450534835,34,22,0.6470588235294118
global,core,123,B0044,J_plus_1,0.2,0.05,30.506266071987707,23,23,1.0
global,core,123,B0048,J_plus_1,0.2,0.05,15.226376033799673,15,15,1.0
global,core,123,B0055,J_plus_1,0.2,0.05,26.12911563061864,21,21,1.0
global,core,2024,B0007,J,0.05,0.0,62.310279459199194,9,9,1.0
global,core,2024,B0044,J,0.05,0.0,31.247035151515394,6,6,1.0
global,core,2024,B0048,J,0.05,0.0,14.54724545712854,4,4,1.0
global,core,2024,B0055,J,0.05,0.0,26.6430948156028,6,6,1.0
global,core,2024,B0007,J,0.05,0.02,62.310279459199194,9,9,1.0
global,core,2024,B0044,J,0.05,0.02,31.247035151515394,6,6,1.0
global,core,2024,B0048,J,0.05,0.02,14.54724545712854,4,4,1.0
global,core,2024,B0055,J,0.05,0.02,26.6430948156028,6,6,1.0
global,core,2024,B0007,J,0.05,0.05,62.310279459199194,9,9,1.0
global,core,2024,B0044,J,0.05,0.05,31.247035151515394,6,6,1.0
global,core,2024,B0048,J,0.05,0.05,14.54724545712854,4,4,1.0
global,core,2024,B0055,J,0.05,0.05,26.6430948156028,6,6,1.0
global,core,2024,B0007,J,0.1,0.0,62.310279459199194,17,17,1.0
global,core,2024,B0044,J,0.1,0.0,31.247035151515394,12,12,1.0
global,core,2024,B0048,J,0.1,0.0,14.54724545712854,8,8,1.0
global,core,2024,B0055,J,0.1,0.0,26.6430948156028,11,11,1.0
global,core,2024,B0007,J,0.1,0.02,62.310279459199194,17,17,1.0
global,core,2024,B0044,J,0.1,0.02,31.247035151515394,12,12,1.0
global,core,2024,B0048,J,0.1,0.02,14.54724545712854,8,8,1.0
global,core,2024,B0055,J,0.1,0.02,26.6430948156028,11,11,1.0
global,core,2024,B0007,J,0.1,0.05,62.310279459199194,17,17,1.0
global,core,2024,B0044,J,0.1,0.05,31.247035151515394,12,12,1.0
global,core,2024,B0048,J,0.1,0.05,14.54724545712854,8,8,1.0
global,core,2024,B0055,J,0.1,0.05,26.6430948156028,11,11,1.0
global,core,2024,B0007,J,0.2,0.0,62.310279459199194,34,27,0.7941176470588235
global,core,2024,B0044,J,0.2,0.0,31.247035151515394,23,23,1.0
global,core,2024,B0048,J,0.2,0.0,14.54724545712854,15,15,1.0
global,core,2024,B0055,J,0.2,0.0,26.6430948156028,21,21,1.0
global,core,2024,B0007,J,0.2,0.02,62.310279459199194,34,24,0.7058823529411765
global,core,2024,B0044,J,0.2,0.02,31.247035151515394,23,23,1.0
global,core,2024,B0048,J,0.2,0.02,14.54724545712854,15,15,1.0
global,core,2024,B0055,J,0.2,0.02,26.6430948156028,21,21,1.0
global,core,2024,B0007,J,0.2,0.05,62.310279459199194,34,18,0.5294117647058824
global,core,2024,B0044,J,0.2,0.05,31.247035151515394,23,21,0.9130434782608695
global,core,2024,B0048,J,0.2,0.05,14.54724545712854,15,15,1.0
global,core,2024,B0055,J,0.2,0.05,26.6430948156028,21,21,1.0
global,core,2024,B0007,J_plus_1,0.05,0.0,62.310279459199194,9,9,1.0
global,core,2024,B0044,J_plus_1,0.05,0.0,31.247035151515394,6,6,1.0
global,core,2024,B0048,J_plus_1,0.05,0.0,14.54724545712854,4,4,1.0
global,core,2024,B0055,J_plus_1,0.05,0.0,26.6430948156028,6,6,1.0
global,core,2024,B0007,J_plus_1,0.05,0.02,62.310279459199194,9,9,1.0
global,core,2024,B0044,J_plus_1,0.05,0.02,31.247035151515394,6,6,1.0
global,core,2024,B0048,J_plus_1,0.05,0.02,14.54724545712854,4,4,1.0
global,core,2024,B0055,J_plus_1,0.05,0.02,26.6430948156028,6,6,1.0
global,core,2024,B0007,J_plus_1,0.05,0.05,62.310279459199194,9,9,1.0
global,core,2024,B0044,J_plus_1,0.05,0.05,31.247035151515394,6,6,1.0
global,core,2024,B0048,J_plus_1,0.05,0.05,14.54724545712854,4,4,1.0
global,core,2024,B0055,J_plus_1,0.05,0.05,26.6430948156028,6,6,1.0
global,core,2024,B0007,J_plus_1,0.1,0.0,62.310279459199194,17,17,1.0
global,core,2024,B0044,J_plus_1,0.1,0.0,31.247035151515394,12,12,1.0
global,core,2024,B0048,J_plus_1,0.1,0.0,14.54724545712854,8,8,1.0
global,core,2024,B0055,J_plus_1,0.1,0.0,26.6430948156028,11,11,1.0
global,core,2024,B0007,J_plus_1,0.1,0.02,62.310279459199194,17,17,1.0
global,core,2024,B0044,J_plus_1,0.1,0.02,31.247035151515394,12,12,1.0
global,core,2024,B0048,J_plus_1,0.1,0.02,14.54724545712854,8,8,1.0
global,core,2024,B0055,J_plus_1,0.1,0.02,26.6430948156028,11,11,1.0
global,core,2024,B0007,J_plus_1,0.1,0.05,62.310279459199194,17,17,1.0
global,core,2024,B0044,J_plus_1,0.1,0.05,31.247035151515394,12,12,1.0
global,core,2024,B0048,J_plus_1,0.1,0.05,14.54724545712854,8,8,1.0
global,core,2024,B0055,J_plus_1,0.1,0.05,26.6430948156028,11,11,1.0
global,core,2024,B0007,J_plus_1,0.2,0.0,62.310279459199194,34,27,0.7941176470588235
global,core,2024,B0044,J_plus_1,0.2,0.0,31.247035151515394,23,23,1.0
global,core,2024,B0048,J_plus_1,0.2,0.0,14.54724545712854,15,15,1.0
global,core,2024,B0055,J_plus_1,0.2,0.0,26.6430948156028,21,21,1.0
global,core,2024,B0007,J_plus_1,0.2,0.02,62.310279459199194,34,24,0.7058823529411765
global,core,2024,B0044,J_plus_1,0.2,0.02,31.247035151515394,23,23,1.0
global,core,2024,B0048,J_plus_1,0.2,0.02,14.54724545712854,15,15,1.0
global,core,2024,B0055,J_plus_1,0.2,0.02,26.6430948156028,21,21,1.0
global,core,2024,B0007,J_plus_1,0.2,0.05,62.310279459199194,34,18,0.5294117647058824
global,core,2024,B0044,J_plus_1,0.2,0.05,31.247035151515394,23,21,0.9130434782608695
global,core,2024,B0048,J_plus_1,0.2,0.05,14.54724545712854,15,15,1.0
global,core,2024,B0055,J_plus_1,0.2,0.05,26.6430948156028,21,21,1.0
global,core,2025,B0007,J,0.05,0.0,47.79743541019686,9,4,0.4444444444444444
global,core,2025,B0044,J,0.05,0.0,18.248707094961073,6,4,0.6666666666666666
global,core,2025,B0048,J,0.05,0.0,4.107016651119468,4,4,1.0
global,core,2025,B0055,J,0.05,0.0,15.044310972892182,6,0,0.0
global,core,2025,B0007,J,0.05,0.02,47.79743541019686,9,0,0.0
global,core,2025,B0044,J,0.05,0.02,18.248707094961073,6,2,0.3333333333333333
global,core,2025,B0048,J,0.05,0.02,4.107016651119468,4,4,1.0
global,core,2025,B0055,J,0.05,0.02,15.044310972892182,6,0,0.0
global,core,2025,B0007,J,0.05,0.05,47.79743541019686,9,0,0.0
global,core,2025,B0044,J,0.05,0.05,18.248707094961073,6,0,0.0
global,core,2025,B0048,J,0.05,0.05,4.107016651119468,4,4,1.0
global,core,2025,B0055,J,0.05,0.05,15.044310972892182,6,0,0.0
global,core,2025,B0007,J,0.1,0.0,47.79743541019686,17,4,0.23529411764705882
global,core,2025,B0044,J,0.1,0.0,18.248707094961073,12,10,0.8333333333333334
global,core,2025,B0048,J,0.1,0.0,4.107016651119468,8,8,1.0
global,core,2025,B0055,J,0.1,0.0,15.044310972892182,11,0,0.0
global,core,2025,B0007,J,0.1,0.02,47.79743541019686,17,0,0.0
global,core,2025,B0044,J,0.1,0.02,18.248707094961073,12,2,0.16666666666666666
global,core,2025,B0048,J,0.1,0.02,4.107016651119468,8,8,1.0
global,core,2025,B0055,J,0.1,0.02,15.044310972892182,11,0,0.0
global,core,2025,B0007,J,0.1,0.05,47.79743541019686,17,0,0.0
global,core,2025,B0044,J,0.1,0.05,18.248707094961073,12,0,0.0
global,core,2025,B0048,J,0.1,0.05,4.107016651119468,8,7,0.875
global,core,2025,B0055,J,0.1,0.05,15.044310972892182,11,0,0.0
global,core,2025,B0007,J,0.2,0.0,47.79743541019686,34,4,0.11764705882352941
global,core,2025,B0044,J,0.2,0.0,18.248707094961073,23,21,0.9130434782608695
global,core,2025,B0048,J,0.2,0.0,4.107016651119468,15,15,1.0
global,core,2025,B0055,J,0.2,0.0,15.044310972892182,21,0,0.0
global,core,2025,B0007,J,0.2,0.02,47.79743541019686,34,0,0.0
global,core,2025,B0044,J,0.2,0.02,18.248707094961073,23,10,0.43478260869565216
global,core,2025,B0048,J,0.2,0.02,4.107016651119468,15,15,1.0
global,core,2025,B0055,J,0.2,0.02,15.044310972892182,21,0,0.0
global,core,2025,B0007,J,0.2,0.05,47.79743541019686,34,0,0.0
global,core,2025,B0044,J,0.2,0.05,18.248707094961073,23,0,0.0
global,core,2025,B0048,J,0.2,0.05,4.107016651119468,15,8,0.5333333333333333
global,core,2025,B0055,J,0.2,0.05,15.044310972892182,21,0,0.0
global,core,2025,B0007,J_plus_1,0.05,0.0,47.79743541019686,9,4,0.4444444444444444
global,core,2025,B0044,J_plus_1,0.05,0.0,18.248707094961073,6,4,0.6666666666666666
global,core,2025,B0048,J_plus_1,0.05,0.0,4.107016651119468,4,4,1.0
global,core,2025,B0055,J_plus_1,0.05,0.0,15.044310972892182,6,0,0.0
global,core,2025,B0007,J_plus_1,0.05,0.02,47.79743541019686,9,0,0.0
global,core,2025,B0044,J_plus_1,0.05,0.02,18.248707094961073,6,2,0.3333333333333333
global,core,2025,B0048,J_plus_1,0.05,0.02,4.107016651119468,4,4,1.0
global,core,2025,B0055,J_plus_1,0.05,0.02,15.044310972892182,6,0,0.0
global,core,2025,B0007,J_plus_1,0.05,0.05,47.79743541019686,9,0,0.0
global,core,2025,B0044,J_plus_1,0.05,0.05,18.248707094961073,6,0,0.0
global,core,2025,B0048,J_plus_1,0.05,0.05,4.107016651119468,4,4,1.0
global,core,2025,B0055,J_plus_1,0.05,0.05,15.044310972892182,6,0,0.0
global,core,2025,B0007,J_plus_1,0.1,0.0,47.79743541019686,17,4,0.23529411764705882
global,core,2025,B0044,J_plus_1,0.1,0.0,18.248707094961073,12,10,0.8333333333333334
global,core,2025,B0048,J_plus_1,0.1,0.0,4.107016651119468,8,8,1.0
global,core,2025,B0055,J_plus_1,0.1,0.0,15.044310972892182,11,0,0.0
global,core,2025,B0007,J_plus_1,0.1,0.02,47.79743541019686,17,0,0.0
global,core,2025,B0044,J_plus_1,0.1,0.02,18.248707094961073,12,2,0.16666666666666666
global,core,2025,B0048,J_plus_1,0.1,0.02,4.107016651119468,8,8,1.0
global,core,2025,B0055,J_plus_1,0.1,0.02,15.044310972892182,11,0,0.0
global,core,2025,B0007,J_plus_1,0.1,0.05,47.79743541019686,17,0,0.0
global,core,2025,B0044,J_plus_1,0.1,0.05,18.248707094961073,12,0,0.0
global,core,2025,B0048,J_plus_1,0.1,0.05,4.107016651119468,8,7,0.875
global,core,2025,B0055,J_plus_1,0.1,0.05,15.044310972892182,11,0,0.0
global,core,2025,B0007,J_plus_1,0.2,0.0,47.79743541019686,34,4,0.11764705882352941
global,core,2025,B0044,J_plus_1,0.2,0.0,18.248707094961073,23,21,0.9130434782608695
global,core,2025,B0048,J_plus_1,0.2,0.0,4.107016651119468,15,15,1.0
global,core,2025,B0055,J_plus_1,0.2,0.0,15.044310972892182,21,0,0.0
global,core,2025,B0007,J_plus_1,0.2,0.02,47.79743541019686,34,0,0.0
global,core,2025,B0044,J_plus_1,0.2,0.02,18.248707094961073,23,10,0.43478260869565216
global,core,2025,B0048,J_plus_1,0.2,0.02,4.107016651119468,15,15,1.0
global,core,2025,B0055,J_plus_1,0.2,0.02,15.044310972892182,21,0,0.0
global,core,2025,B0007,J_plus_1,0.2,0.05,47.79743541019686,34,0,0.0
global,core,2025,B0044,J_plus_1,0.2,0.05,18.248707094961073,23,0,0.0
global,core,2025,B0048,J_plus_1,0.2,0.05,4.107016651119468,15,8,0.5333333333333333
global,core,2025,B0055,J_plus_1,0.2,0.05,15.044310972892182,21,0,0.0
global,core,2026,B0007,J,0.05,0.0,61.82618045703929,9,9,1.0
global,core,2026,B0044,J,0.05,0.0,31.085375569167695,6,6,1.0
global,core,2026,B0048,J,0.05,0.0,15.016370575947318,4,4,1.0
global,core,2026,B0055,J,0.05,0.0,26.6024276387222,6,6,1.0
global,core,2026,B0007,J,0.05,0.02,61.82618045703929,9,9,1.0
global,core,2026,B0044,J,0.05,0.02,31.085375569167695,6,6,1.0
global,core,2026,B0048,J,0.05,0.02,15.016370575947318,4,4,1.0
global,core,2026,B0055,J,0.05,0.02,26.6024276387222,6,6,1.0
global,core,2026,B0007,J,0.05,0.05,61.82618045703929,9,9,1.0
global,core,2026,B0044,J,0.05,0.05,31.085375569167695,6,6,1.0
global,core,2026,B0048,J,0.05,0.05,15.016370575947318,4,4,1.0
global,core,2026,B0055,J,0.05,0.05,26.6024276387222,6,6,1.0
global,core,2026,B0007,J,0.1,0.0,61.82618045703929,17,17,1.0
global,core,2026,B0044,J,0.1,0.0,31.085375569167695,12,12,1.0
global,core,2026,B0048,J,0.1,0.0,15.016370575947318,8,8,1.0
global,core,2026,B0055,J,0.1,0.0,26.6024276387222,11,11,1.0
global,core,2026,B0007,J,0.1,0.02,61.82618045703929,17,17,1.0
global,core,2026,B0044,J,0.1,0.02,31.085375569167695,12,12,1.0
global,core,2026,B0048,J,0.1,0.02,15.016370575947318,8,8,1.0
global,core,2026,B0055,J,0.1,0.02,26.6024276387222,11,11,1.0
global,core,2026,B0007,J,0.1,0.05,61.82618045703929,17,17,1.0
global,core,2026,B0044,J,0.1,0.05,31.085375569167695,12,12,1.0
global,core,2026,B0048,J,0.1,0.05,15.016370575947318,8,8,1.0
global,core,2026,B0055,J,0.1,0.05,26.6024276387222,11,11,1.0
global,core,2026,B0007,J,0.2,0.0,61.82618045703929,34,30,0.8823529411764706
global,core,2026,B0044,J,0.2,0.0,31.085375569167695,23,23,1.0
global,core,2026,B0048,J,0.2,0.0,15.016370575947318,15,15,1.0
global,core,2026,B0055,J,0.2,0.0,26.6024276387222,21,21,1.0
global,core,2026,B0007,J,0.2,0.02,61.82618045703929,34,26,0.7647058823529411
global,core,2026,B0044,J,0.2,0.02,31.085375569167695,23,23,1.0
global,core,2026,B0048,J,0.2,0.02,15.016370575947318,15,15,1.0
global,core,2026,B0055,J,0.2,0.02,26.6024276387222,21,21,1.0
global,core,2026,B0007,J,0.2,0.05,61.82618045703929,34,21,0.6176470588235294
global,core,2026,B0044,J,0.2,0.05,31.085375569167695,23,22,0.9565217391304348
global,core,2026,B0048,J,0.2,0.05,15.016370575947318,15,15,1.0
global,core,2026,B0055,J,0.2,0.05,26.6024276387222,21,21,1.0
global,core,2026,B0007,J_plus_1,0.05,0.0,61.82618045703929,9,9,1.0
global,core,2026,B0044,J_plus_1,0.05,0.0,31.085375569167695,6,6,1.0
global,core,2026,B0048,J_plus_1,0.05,0.0,15.016370575947318,4,4,1.0
global,core,2026,B0055,J_plus_1,0.05,0.0,26.6024276387222,6,6,1.0
global,core,2026,B0007,J_plus_1,0.05,0.02,61.82618045703929,9,9,1.0
global,core,2026,B0044,J_plus_1,0.05,0.02,31.085375569167695,6,6,1.0
global,core,2026,B0048,J_plus_1,0.05,0.02,15.016370575947318,4,4,1.0
global,core,2026,B0055,J_plus_1,0.05,0.02,26.6024276387222,6,6,1.0
global,core,2026,B0007,J_plus_1,0.05,0.05,61.82618045703929,9,9,1.0
global,core,2026,B0044,J_plus_1,0.05,0.05,31.085375569167695,6,6,1.0
global,core,2026,B0048,J_plus_1,0.05,0.05,15.016370575947318,4,4,1.0
global,core,2026,B0055,J_plus_1,0.05,0.05,26.6024276387222,6,6,1.0
global,core,2026,B0007,J_plus_1,0.1,0.0,61.82618045703929,17,17,1.0
global,core,2026,B0044,J_plus_1,0.1,0.0,31.085375569167695,12,12,1.0
global,core,2026,B0048,J_plus_1,0.1,0.0,15.016370575947318,8,8,1.0
global,core,2026,B0055,J_plus_1,0.1,0.0,26.6024276387222,11,11,1.0
global,core,2026,B0007,J_plus_1,0.1,0.02,61.82618045703929,17,17,1.0
global,core,2026,B0044,J_plus_1,0.1,0.02,31.085375569167695,12,12,1.0
global,core,2026,B0048,J_plus_1,0.1,0.02,15.016370575947318,8,8,1.0
global,core,2026,B0055,J_plus_1,0.1,0.02,26.6024276387222,11,11,1.0
global,core,2026,B0007,J_plus_1,0.1,0.05,61.82618045703929,17,17,1.0
global,core,2026,B0044,J_plus_1,0.1,0.05,31.085375569167695,12,12,1.0
global,core,2026,B0048,J_plus_1,0.1,0.05,15.016370575947318,8,8,1.0
global,core,2026,B0055,J_plus_1,0.1,0.05,26.6024276387222,11,11,1.0
global,core,2026,B0007,J_plus_1,0.2,0.0,61.82618045703929,34,30,0.8823529411764706
global,core,2026,B0044,J_plus_1,0.2,0.0,31.085375569167695,23,23,1.0
global,core,2026,B0048,J_plus_1,0.2,0.0,15.016370575947318,15,15,1.0
global,core,2026,B0055,J_plus_1,0.2,0.0,26.6024276387222,21,21,1.0
global,core,2026,B0007,J_plus_1,0.2,0.02,61.82618045703929,34,26,0.7647058823529411
global,core,2026,B0044,J_plus_1,0.2,0.02,31.085375569167695,23,23,1.0
global,core,2026,B0048,J_plus_1,0.2,0.02,15.016370575947318,15,15,1.0
global,core,2026,B0055,J_plus_1,0.2,0.02,26.6024276387222,21,21,1.0
global,core,2026,B0007,J_plus_1,0.2,0.05,61.82618045703929,34,21,0.6176470588235294
global,core,2026,B0044,J_plus_1,0.2,0.05,31.085375569167695,23,22,0.9565217391304348
global,core,2026,B0048,J_plus_1,0.2,0.05,15.016370575947318,15,15,1.0
global,core,2026,B0055,J_plus_1,0.2,0.05,26.6024276387222,21,21,1.0
global,asym,42,B0007,J,0.05,0.0,63.381120905421874,9,9,1.0
global,asym,42,B0044,J,0.05,0.0,31.774692976824237,6,3,0.5
global,asym,42,B0048,J,0.05,0.0,12.768124151323455,4,4,1.0
global,asym,42,B0055,J,0.05,0.0,26.431999643343836,6,6,1.0
global,asym,42,B0007,J,0.05,0.02,63.381120905421874,9,9,1.0
global,asym,42,B0044,J,0.05,0.02,31.774692976824237,6,0,0.0
global,asym,42,B0048,J,0.05,0.02,12.768124151323455,4,4,1.0
global,asym,42,B0055,J,0.05,0.02,26.431999643343836,6,4,0.6666666666666666
global,asym,42,B0007,J,0.05,0.05,63.381120905421874,9,0,0.0
global,asym,42,B0044,J,0.05,0.05,31.774692976824237,6,0,0.0
global,asym,42,B0048,J,0.05,0.05,12.768124151323455,4,4,1.0
global,asym,42,B0055,J,0.05,0.05,26.431999643343836,6,0,0.0
global,asym,42,B0007,J,0.1,0.0,63.381120905421874,17,17,1.0
global,asym,42,B0044,J,0.1,0.0,31.774692976824237,12,3,0.25
global,asym,42,B0048,J,0.1,0.0,12.768124151323455,8,8,1.0
global,asym,42,B0055,J,0.1,0.0,26.431999643343836,11,7,0.6363636363636364
global,asym,42,B0007,J,0.1,0.02,63.381120905421874,17,9,0.5294117647058824
global,asym,42,B0044,J,0.1,0.02,31.774692976824237,12,0,0.0
global,asym,42,B0048,J,0.1,0.02,12.768124151323455,8,8,1.0
global,asym,42,B0055,J,0.1,0.02,26.431999643343836,11,4,0.36363636363636365
global,asym,42,B0007,J,0.1,0.05,63.381120905421874,17,0,0.0
global,asym,42,B0044,J,0.1,0.05,31.774692976824237,12,0,0.0
global,asym,42,B0048,J,0.1,0.05,12.768124151323455,8,8,1.0
global,asym,42,B0055,J,0.1,0.05,26.431999643343836,11,0,0.0
global,asym,42,B0007,J,0.2,0.0,63.381120905421874,34,27,0.7941176470588235
global,asym,42,B0044,J,0.2,0.0,31.774692976824237,23,9,0.391304347826087
global,asym,42,B0048,J,0.2,0.0,12.768124151323455,15,15,1.0
global,asym,42,B0055,J,0.2,0.0,26.431999643343836,21,7,0.3333333333333333
global,asym,42,B0007,J,0.2,0.02,63.381120905421874,34,14,0.4117647058823529
global,asym,42,B0044,J,0.2,0.02,31.774692976824237,23,5,0.21739130434782608
global,asym,42,B0048,J,0.2,0.02,12.768124151323455,15,15,1.0
global,asym,42,B0055,J,0.2,0.02,26.431999643343836,21,4,0.19047619047619047
global,asym,42,B0007,J,0.2,0.05,63.381120905421874,34,0,0.0
global,asym,42,B0044,J,0.2,0.05,31.774692976824237,23,0,0.0
global,asym,42,B0048,J,0.2,0.05,12.768124151323455,15,15,1.0
global,asym,42,B0055,J,0.2,0.05,26.431999643343836,21,0,0.0
global,asym,42,B0007,J_plus_1,0.05,0.0,63.381120905421874,9,9,1.0
global,asym,42,B0044,J_plus_1,0.05,0.0,31.774692976824237,6,3,0.5
global,asym,42,B0048,J_plus_1,0.05,0.0,12.768124151323455,4,4,1.0
global,asym,42,B0055,J_plus_1,0.05,0.0,26.431999643343836,6,6,1.0
global,asym,42,B0007,J_plus_1,0.05,0.02,63.381120905421874,9,8,0.8888888888888888
global,asym,42,B0044,J_plus_1,0.05,0.02,31.774692976824237,6,0,0.0
global,asym,42,B0048,J_plus_1,0.05,0.02,12.768124151323455,4,4,1.0
global,asym,42,B0055,J_plus_1,0.05,0.02,26.431999643343836,6,4,0.6666666666666666
global,asym,42,B0007,J_plus_1,0.05,0.05,63.381120905421874,9,0,0.0
global,asym,42,B0044,J_plus_1,0.05,0.05,31.774692976824237,6,0,0.0
global,asym,42,B0048,J_plus_1,0.05,0.05,12.768124151323455,4,4,1.0
global,asym,42,B0055,J_plus_1,0.05,0.05,26.431999643343836,6,0,0.0
global,asym,42,B0007,J_plus_1,0.1,0.0,63.381120905421874,17,17,1.0
global,asym,42,B0044,J_plus_1,0.1,0.0,31.774692976824237,12,3,0.25
global,asym,42,B0048,J_plus_1,0.1,0.0,12.768124151323455,8,8,1.0
global,asym,42,B0055,J_plus_1,0.1,0.0,26.431999643343836,11,7,0.6363636363636364
global,asym,42,B0007,J_plus_1,0.1,0.02,63.381120905421874,17,8,0.47058823529411764
global,asym,42,B0044,J_plus_1,0.1,0.02,31.774692976824237,12,0,0.0
global,asym,42,B0048,J_plus_1,0.1,0.02,12.768124151323455,8,8,1.0
global,asym,42,B0055,J_plus_1,0.1,0.02,26.431999643343836,11,4,0.36363636363636365
global,asym,42,B0007,J_plus_1,0.1,0.05,63.381120905421874,17,0,0.0
global,asym,42,B0044,J_plus_1,0.1,0.05,31.774692976824237,12,0,0.0
global,asym,42,B0048,J_plus_1,0.1,0.05,12.768124151323455,8,8,1.0
global,asym,42,B0055,J_plus_1,0.1,0.05,26.431999643343836,11,0,0.0
global,asym,42,B0007,J_plus_1,0.2,0.0,63.381120905421874,34,27,0.7941176470588235
global,asym,42,B0044,J_plus_1,0.2,0.0,31.774692976824237,23,9,0.391304347826087
global,asym,42,B0048,J_plus_1,0.2,0.0,12.768124151323455,15,15,1.0
global,asym,42,B0055,J_plus_1,0.2,0.0,26.431999643343836,21,7,0.3333333333333333
global,asym,42,B0007,J_plus_1,0.2,0.02,63.381120905421874,34,13,0.38235294117647056
global,asym,42,B0044,J_plus_1,0.2,0.02,31.774692976824237,23,5,0.21739130434782608
global,asym,42,B0048,J_plus_1,0.2,0.02,12.768124151323455,15,15,1.0
global,asym,42,B0055,J_plus_1,0.2,0.02,26.431999643343836,21,4,0.19047619047619047
global,asym,42,B0007,J_plus_1,0.2,0.05,63.381120905421874,34,0,0.0
global,asym,42,B0044,J_plus_1,0.2,0.05,31.774692976824237,23,0,0.0
global,asym,42,B0048,J_plus_1,0.2,0.05,12.768124151323455,15,15,1.0
global,asym,42,B0055,J_plus_1,0.2,0.05,26.431999643343836,21,0,0.0
global,asym,123,B0007,J,0.05,0.0,65.97969822264172,9,9,1.0
global,asym,123,B0044,J,0.05,0.0,34.57180969834404,6,6,1.0
global,asym,123,B0048,J,0.05,0.0,15.58678453306961,4,4,1.0
global,asym,123,B0055,J,0.05,0.0,29.72296421024395,6,6,1.0
global,asym,123,B0007,J,0.05,0.02,65.97969822264172,9,9,1.0
global,asym,123,B0044,J,0.05,0.02,34.57180969834404,6,6,1.0
global,asym,123,B0048,J,0.05,0.02,15.58678453306961,4,4,1.0
global,asym,123,B0055,J,0.05,0.02,29.72296421024395,6,6,1.0
global,asym,123,B0007,J,0.05,0.05,65.97969822264172,9,9,1.0
global,asym,123,B0044,J,0.05,0.05,34.57180969834404,6,6,1.0
global,asym,123,B0048,J,0.05,0.05,15.58678453306961,4,4,1.0
global,asym,123,B0055,J,0.05,0.05,29.72296421024395,6,6,1.0
global,asym,123,B0007,J,0.1,0.0,65.97969822264172,17,17,1.0
global,asym,123,B0044,J,0.1,0.0,34.57180969834404,12,12,1.0
global,asym,123,B0048,J,0.1,0.0,15.58678453306961,8,8,1.0
global,asym,123,B0055,J,0.1,0.0,29.72296421024395,11,11,1.0
global,asym,123,B0007,J,0.1,0.02,65.97969822264172,17,17,1.0
global,asym,123,B0044,J,0.1,0.02,34.57180969834404,12,12,1.0
global,asym,123,B0048,J,0.1,0.02,15.58678453306961,8,8,1.0
global,asym,123,B0055,J,0.1,0.02,29.72296421024395,11,11,1.0
global,asym,123,B0007,J,0.1,0.05,65.97969822264172,17,15,0.8823529411764706
global,asym,123,B0044,J,0.1,0.05,34.57180969834404,12,12,1.0
global,asym,123,B0048,J,0.1,0.05,15.58678453306961,8,8,1.0
global,asym,123,B0055,J,0.1,0.05,29.72296421024395,11,11,1.0
global,asym,123,B0007,J,0.2,0.0,65.97969822264172,34,24,0.7058823529411765
global,asym,123,B0044,J,0.2,0.0,34.57180969834404,23,23,1.0
global,asym,123,B0048,J,0.2,0.0,15.58678453306961,15,15,1.0
global,asym,123,B0055,J,0.2,0.0,29.72296421024395,21,21,1.0
global,asym,123,B0007,J,0.2,0.02,65.97969822264172,34,20,0.5882352941176471
global,asym,123,B0044,J,0.2,0.02,34.57180969834404,23,20,0.8695652173913043
global,asym,123,B0048,J,0.2,0.02,15.58678453306961,15,15,1.0
global,asym,123,B0055,J,0.2,0.02,29.72296421024395,21,21,1.0
global,asym,123,B0007,J,0.2,0.05,65.97969822264172,34,15,0.4411764705882353
global,asym,123,B0044,J,0.2,0.05,34.57180969834404,23,17,0.7391304347826086
global,asym,123,B0048,J,0.2,0.05,15.58678453306961,15,15,1.0
global,asym,123,B0055,J,0.2,0.05,29.72296421024395,21,18,0.8571428571428571
global,asym,123,B0007,J_plus_1,0.05,0.0,65.97969822264172,9,9,1.0
global,asym,123,B0044,J_plus_1,0.05,0.0,34.57180969834404,6,6,1.0
global,asym,123,B0048,J_plus_1,0.05,0.0,15.58678453306961,4,4,1.0
global,asym,123,B0055,J_plus_1,0.05,0.0,29.72296421024395,6,6,1.0
global,asym,123,B0007,J_plus_1,0.05,0.02,65.97969822264172,9,9,1.0
global,asym,123,B0044,J_plus_1,0.05,0.02,34.57180969834404,6,6,1.0
global,asym,123,B0048,J_plus_1,0.05,0.02,15.58678453306961,4,4,1.0
global,asym,123,B0055,J_plus_1,0.05,0.02,29.72296421024395,6,6,1.0
global,asym,123,B0007,J_plus_1,0.05,0.05,65.97969822264172,9,9,1.0
global,asym,123,B0044,J_plus_1,0.05,0.05,34.57180969834404,6,6,1.0
global,asym,123,B0048,J_plus_1,0.05,0.05,15.58678453306961,4,4,1.0
global,asym,123,B0055,J_plus_1,0.05,0.05,29.72296421024395,6,6,1.0
global,asym,123,B0007,J_plus_1,0.1,0.0,65.97969822264172,17,17,1.0
global,asym,123,B0044,J_plus_1,0.1,0.0,34.57180969834404,12,12,1.0
global,asym,123,B0048,J_plus_1,0.1,0.0,15.58678453306961,8,8,1.0
global,asym,123,B0055,J_plus_1,0.1,0.0,29.72296421024395,11,11,1.0
global,asym,123,B0007,J_plus_1,0.1,0.02,65.97969822264172,17,17,1.0
global,asym,123,B0044,J_plus_1,0.1,0.02,34.57180969834404,12,12,1.0
global,asym,123,B0048,J_plus_1,0.1,0.02,15.58678453306961,8,8,1.0
global,asym,123,B0055,J_plus_1,0.1,0.02,29.72296421024395,11,11,1.0
global,asym,123,B0007,J_plus_1,0.1,0.05,65.97969822264172,17,15,0.8823529411764706
global,asym,123,B0044,J_plus_1,0.1,0.05,34.57180969834404,12,12,1.0
global,asym,123,B0048,J_plus_1,0.1,0.05,15.58678453306961,8,8,1.0
global,asym,123,B0055,J_plus_1,0.1,0.05,29.72296421024395,11,11,1.0
global,asym,123,B0007,J_plus_1,0.2,0.0,65.97969822264172,34,24,0.7058823529411765
global,asym,123,B0044,J_plus_1,0.2,0.0,34.57180969834404,23,23,1.0
global,asym,123,B0048,J_plus_1,0.2,0.0,15.58678453306961,15,15,1.0
global,asym,123,B0055,J_plus_1,0.2,0.0,29.72296421024395,21,21,1.0
global,asym,123,B0007,J_plus_1,0.2,0.02,65.97969822264172,34,20,0.5882352941176471
global,asym,123,B0044,J_plus_1,0.2,0.02,34.57180969834404,23,20,0.8695652173913043
global,asym,123,B0048,J_plus_1,0.2,0.02,15.58678453306961,15,15,1.0
global,asym,123,B0055,J_plus_1,0.2,0.02,29.72296421024395,21,21,1.0
global,asym,123,B0007,J_plus_1,0.2,0.05,65.97969822264172,34,15,0.4411764705882353
global,asym,123,B0044,J_plus_1,0.2,0.05,34.57180969834404,23,17,0.7391304347826086
global,asym,123,B0048,J_plus_1,0.2,0.05,15.58678453306961,15,15,1.0
global,asym,123,B0055,J_plus_1,0.2,0.05,29.72296421024395,21,18,0.8571428571428571
global,asym,2024,B0007,J,0.05,0.0,66.55223755654363,9,9,1.0
global,asym,2024,B0044,J,0.05,0.0,35.11792122670824,6,6,1.0
global,asym,2024,B0048,J,0.05,0.0,15.489477357878442,4,4,1.0
global,asym,2024,B0055,J,0.05,0.0,29.94508158329687,6,6,1.0
global,asym,2024,B0007,J,0.05,0.02,66.55223755654363,9,9,1.0
global,asym,2024,B0044,J,0.05,0.02,35.11792122670824,6,6,1.0
global,asym,2024,B0048,J,0.05,0.02,15.489477357878442,4,4,1.0
global,asym,2024,B0055,J,0.05,0.02,29.94508158329687,6,6,1.0
global,asym,2024,B0007,J,0.05,0.05,66.55223755654363,9,9,1.0
global,asym,2024,B0044,J,0.05,0.05,35.11792122670824,6,6,1.0
global,asym,2024,B0048,J,0.05,0.05,15.489477357878442,4,4,1.0
global,asym,2024,B0055,J,0.05,0.05,29.94508158329687,6,6,1.0
global,asym,2024,B0007,J,0.1,0.0,66.55223755654363,17,17,1.0
global,asym,2024,B0044,J,0.1,0.0,35.11792122670824,12,12,1.0
global,asym,2024,B0048,J,0.1,0.0,15.489477357878442,8,8,1.0
global,asym,2024,B0055,J,0.1,0.0,29.94508158329687,11,11,1.0
global,asym,2024,B0007,J,0.1,0.02,66.55223755654363,17,17,1.0
global,asym,2024,B0044,J,0.1,0.02,35.11792122670824,12,12,1.0
global,asym,2024,B0048,J,0.1,0.02,15.489477357878442,8,8,1.0
global,asym,2024,B0055,J,0.1,0.02,29.94508158329687,11,11,1.0
global,asym,2024,B0007,J,0.1,0.05,66.55223755654363,17,15,0.8823529411764706
global,asym,2024,B0044,J,0.1,0.05,35.11792122670824,12,12,1.0
global,asym,2024,B0048,J,0.1,0.05,15.489477357878442,8,8,1.0
global,asym,2024,B0055,J,0.1,0.05,29.94508158329687,11,11,1.0
global,asym,2024,B0007,J,0.2,0.0,66.55223755654363,34,23,0.6764705882352942
global,asym,2024,B0044,J,0.2,0.0,35.11792122670824,23,22,0.9565217391304348
global,asym,2024,B0048,J,0.2,0.0,15.489477357878442,15,15,1.0
global,asym,2024,B0055,J,0.2,0.0,29.94508158329687,21,21,1.0
global,asym,2024,B0007,J,0.2,0.02,66.55223755654363,34,20,0.5882352941176471
global,asym,2024,B0044,J,0.2,0.02,35.11792122670824,23,19,0.8260869565217391
global,asym,2024,B0048,J,0.2,0.02,15.489477357878442,15,15,1.0
global,asym,2024,B0055,J,0.2,0.02,29.94508158329687,21,20,0.9523809523809523
global,asym,2024,B0007,J,0.2,0.05,66.55223755654363,34,15,0.4411764705882353
global,asym,2024,B0044,J,0.2,0.05,35.11792122670824,23,16,0.6956521739130435
global,asym,2024,B0048,J,0.2,0.05,15.489477357878442,15,15,1.0
global,asym,2024,B0055,J,0.2,0.05,29.94508158329687,21,17,0.8095238095238095
global,asym,2024,B0007,J_plus_1,0.05,0.0,66.55223755654363,9,9,1.0
global,asym,2024,B0044,J_plus_1,0.05,0.0,35.11792122670824,6,6,1.0
global,asym,2024,B0048,J_plus_1,0.05,0.0,15.489477357878442,4,4,1.0
global,asym,2024,B0055,J_plus_1,0.05,0.0,29.94508158329687,6,6,1.0
global,asym,2024,B0007,J_plus_1,0.05,0.02,66.55223755654363,9,9,1.0
global,asym,2024,B0044,J_plus_1,0.05,0.02,35.11792122670824,6,6,1.0
global,asym,2024,B0048,J_plus_1,0.05,0.02,15.489477357878442,4,4,1.0
global,asym,2024,B0055,J_plus_1,0.05,0.02,29.94508158329687,6,6,1.0
global,asym,2024,B0007,J_plus_1,0.05,0.05,66.55223755654363,9,9,1.0
global,asym,2024,B0044,J_plus_1,0.05,0.05,35.11792122670824,6,6,1.0
global,asym,2024,B0048,J_plus_1,0.05,0.05,15.489477357878442,4,4,1.0
global,asym,2024,B0055,J_plus_1,0.05,0.05,29.94508158329687,6,6,1.0
global,asym,2024,B0007,J_plus_1,0.1,0.0,66.55223755654363,17,17,1.0
global,asym,2024,B0044,J_plus_1,0.1,0.0,35.11792122670824,12,12,1.0
global,asym,2024,B0048,J_plus_1,0.1,0.0,15.489477357878442,8,8,1.0
global,asym,2024,B0055,J_plus_1,0.1,0.0,29.94508158329687,11,11,1.0
global,asym,2024,B0007,J_plus_1,0.1,0.02,66.55223755654363,17,17,1.0
global,asym,2024,B0044,J_plus_1,0.1,0.02,35.11792122670824,12,12,1.0
global,asym,2024,B0048,J_plus_1,0.1,0.02,15.489477357878442,8,8,1.0
global,asym,2024,B0055,J_plus_1,0.1,0.02,29.94508158329687,11,11,1.0
global,asym,2024,B0007,J_plus_1,0.1,0.05,66.55223755654363,17,14,0.8235294117647058
global,asym,2024,B0044,J_plus_1,0.1,0.05,35.11792122670824,12,12,1.0
global,asym,2024,B0048,J_plus_1,0.1,0.05,15.489477357878442,8,8,1.0
global,asym,2024,B0055,J_plus_1,0.1,0.05,29.94508158329687,11,11,1.0
global,asym,2024,B0007,J_plus_1,0.2,0.0,66.55223755654363,34,23,0.6764705882352942
global,asym,2024,B0044,J_plus_1,0.2,0.0,35.11792122670824,23,22,0.9565217391304348
global,asym,2024,B0048,J_plus_1,0.2,0.0,15.489477357878442,15,15,1.0
global,asym,2024,B0055,J_plus_1,0.2,0.0,29.94508158329687,21,21,1.0
global,asym,2024,B0007,J_plus_1,0.2,0.02,66.55223755654363,34,20,0.5882352941176471
global,asym,2024,B0044,J_plus_1,0.2,0.02,35.11792122670824,23,19,0.8260869565217391
global,asym,2024,B0048,J_plus_1,0.2,0.02,15.489477357878442,15,15,1.0
global,asym,2024,B0055,J_plus_1,0.2,0.02,29.94508158329687,21,20,0.9523809523809523
global,asym,2024,B0007,J_plus_1,0.2,0.05,66.55223755654363,34,14,0.4117647058823529
global,asym,2024,B0044,J_plus_1,0.2,0.05,35.11792122670824,23,16,0.6956521739130435
global,asym,2024,B0048,J_plus_1,0.2,0.05,15.489477357878442,15,15,1.0
global,asym,2024,B0055,J_plus_1,0.2,0.05,29.94508158329687,21,17,0.8095238095238095
global,asym,2025,B0007,J,0.05,0.0,50.01213073568673,9,9,1.0
global,asym,2025,B0044,J,0.05,0.0,19.47300765816624,6,3,0.5
global,asym,2025,B0048,J,0.05,0.0,3.149722359254339,4,4,1.0
global,asym,2025,B0055,J,0.05,0.0,16.028786962108626,6,0,0.0
global,asym,2025,B0007,J,0.05,0.02,50.01213073568673,9,8,0.8888888888888888
global,asym,2025,B0044,J,0.05,0.02,19.47300765816624,6,1,0.16666666666666666
global,asym,2025,B0048,J,0.05,0.02,3.149722359254339,4,4,1.0
global,asym,2025,B0055,J,0.05,0.02,16.028786962108626,6,0,0.0
global,asym,2025,B0007,J,0.05,0.05,50.01213073568673,9,0,0.0
global,asym,2025,B0044,J,0.05,0.05,19.47300765816624,6,0,0.0
global,asym,2025,B0048,J,0.05,0.05,3.149722359254339,4,4,1.0
global,asym,2025,B0055,J,0.05,0.05,16.028786962108626,6,0,0.0
global,asym,2025,B0007,J,0.1,0.0,50.01213073568673,17,17,1.0
global,asym,2025,B0044,J,0.1,0.0,19.47300765816624,12,5,0.4166666666666667
global,asym,2025,B0048,J,0.1,0.0,3.149722359254339,8,8,1.0
global,asym,2025,B0055,J,0.1,0.0,16.028786962108626,11,0,0.0
global,asym,2025,B0007,J,0.1,0.02,50.01213073568673,17,11,0.6470588235294118
global,asym,2025,B0044,J,0.1,0.02,19.47300765816624,12,1,0.08333333333333333
global,asym,2025,B0048,J,0.1,0.02,3.149722359254339,8,8,1.0
global,asym,2025,B0055,J,0.1,0.02,16.028786962108626,11,0,0.0
global,asym,2025,B0007,J,0.1,0.05,50.01213073568673,17,0,0.0
global,asym,2025,B0044,J,0.1,0.05,19.47300765816624,12,0,0.0
global,asym,2025,B0048,J,0.1,0.05,3.149722359254339,8,7,0.875
global,asym,2025,B0055,J,0.1,0.05,16.028786962108626,11,0,0.0
global,asym,2025,B0007,J,0.2,0.0,50.01213073568673,34,21,0.6176470588235294
global,asym,2025,B0044,J,0.2,0.0,19.47300765816624,23,15,0.6521739130434783
global,asym,2025,B0048,J,0.2,0.0,3.149722359254339,15,15,1.0
global,asym,2025,B0055,J,0.2,0.0,16.028786962108626,21,0,0.0
global,asym,2025,B0007,J,0.2,0.02,50.01213073568673,34,11,0.3235294117647059
global,asym,2025,B0044,J,0.2,0.02,19.47300765816624,23,4,0.17391304347826086
global,asym,2025,B0048,J,0.2,0.02,3.149722359254339,15,15,1.0
global,asym,2025,B0055,J,0.2,0.02,16.028786962108626,21,0,0.0
global,asym,2025,B0007,J,0.2,0.05,50.01213073568673,34,0,0.0
global,asym,2025,B0044,J,0.2,0.05,19.47300765816624,23,0,0.0
global,asym,2025,B0048,J,0.2,0.05,3.149722359254339,15,7,0.4666666666666667
global,asym,2025,B0055,J,0.2,0.05,16.028786962108626,21,0,0.0
global,asym,2025,B0007,J_plus_1,0.05,0.0,50.01213073568673,9,9,1.0
global,asym,2025,B0044,J_plus_1,0.05,0.0,19.47300765816624,6,3,0.5
global,asym,2025,B0048,J_plus_1,0.05,0.0,3.149722359254339,4,4,1.0
global,asym,2025,B0055,J_plus_1,0.05,0.0,16.028786962108626,6,0,0.0
global,asym,2025,B0007,J_plus_1,0.05,0.02,50.01213073568673,9,8,0.8888888888888888
global,asym,2025,B0044,J_plus_1,0.05,0.02,19.47300765816624,6,1,0.16666666666666666
global,asym,2025,B0048,J_plus_1,0.05,0.02,3.149722359254339,4,4,1.0
global,asym,2025,B0055,J_plus_1,0.05,0.02,16.028786962108626,6,0,0.0
global,asym,2025,B0007,J_plus_1,0.05,0.05,50.01213073568673,9,0,0.0
global,asym,2025,B0044,J_plus_1,0.05,0.05,19.47300765816624,6,0,0.0
global,asym,2025,B0048,J_plus_1,0.05,0.05,3.149722359254339,4,4,1.0
global,asym,2025,B0055,J_plus_1,0.05,0.05,16.028786962108626,6,0,0.0
global,asym,2025,B0007,J_plus_1,0.1,0.0,50.01213073568673,17,17,1.0
global,asym,2025,B0044,J_plus_1,0.1,0.0,19.47300765816624,12,5,0.4166666666666667
global,asym,2025,B0048,J_plus_1,0.1,0.0,3.149722359254339,8,8,1.0
global,asym,2025,B0055,J_plus_1,0.1,0.0,16.028786962108626,11,0,0.0
global,asym,2025,B0007,J_plus_1,0.1,0.02,50.01213073568673,17,11,0.6470588235294118
global,asym,2025,B0044,J_plus_1,0.1,0.02,19.47300765816624,12,1,0.08333333333333333
global,asym,2025,B0048,J_plus_1,0.1,0.02,3.149722359254339,8,8,1.0
global,asym,2025,B0055,J_plus_1,0.1,0.02,16.028786962108626,11,0,0.0
global,asym,2025,B0007,J_plus_1,0.1,0.05,50.01213073568673,17,0,0.0
global,asym,2025,B0044,J_plus_1,0.1,0.05,19.47300765816624,12,0,0.0
global,asym,2025,B0048,J_plus_1,0.1,0.05,3.149722359254339,8,7,0.875
global,asym,2025,B0055,J_plus_1,0.1,0.05,16.028786962108626,11,0,0.0
global,asym,2025,B0007,J_plus_1,0.2,0.0,50.01213073568673,34,21,0.6176470588235294
global,asym,2025,B0044,J_plus_1,0.2,0.0,19.47300765816624,23,15,0.6521739130434783
global,asym,2025,B0048,J_plus_1,0.2,0.0,3.149722359254339,15,15,1.0
global,asym,2025,B0055,J_plus_1,0.2,0.0,16.028786962108626,21,0,0.0
global,asym,2025,B0007,J_plus_1,0.2,0.02,50.01213073568673,34,11,0.3235294117647059
global,asym,2025,B0044,J_plus_1,0.2,0.02,19.47300765816624,23,4,0.17391304347826086
global,asym,2025,B0048,J_plus_1,0.2,0.02,3.149722359254339,15,15,1.0
global,asym,2025,B0055,J_plus_1,0.2,0.02,16.028786962108626,21,0,0.0
global,asym,2025,B0007,J_plus_1,0.2,0.05,50.01213073568673,34,0,0.0
global,asym,2025,B0044,J_plus_1,0.2,0.05,19.47300765816624,23,0,0.0
global,asym,2025,B0048,J_plus_1,0.2,0.05,3.149722359254339,15,7,0.4666666666666667
global,asym,2025,B0055,J_plus_1,0.2,0.05,16.028786962108626,21,0,0.0
global,asym,2026,B0007,J,0.05,0.0,64.27776280053014,9,9,1.0
global,asym,2026,B0044,J,0.05,0.0,32.54222706000569,6,0,0.0
global,asym,2026,B0048,J,0.05,0.0,12.094327460491638,4,4,1.0
global,asym,2026,B0055,J,0.05,0.0,27.027815324412657,6,1,0.16666666666666666
global,asym,2026,B0007,J,0.05,0.02,64.27776280053014,9,9,1.0
global,asym,2026,B0044,J,0.05,0.02,32.54222706000569,6,0,0.0
global,asym,2026,B0048,J,0.05,0.02,12.094327460491638,4,4,1.0
global,asym,2026,B0055,J,0.05,0.02,27.027815324412657,6,0,0.0
global,asym,2026,B0007,J,0.05,0.05,64.27776280053014,9,9,1.0
global,asym,2026,B0044,J,0.05,0.05,32.54222706000569,6,0,0.0
global,asym,2026,B0048,J,0.05,0.05,12.094327460491638,4,4,1.0
global,asym,2026,B0055,J,0.05,0.05,27.027815324412657,6,0,0.0
global,asym,2026,B0007,J,0.1,0.0,64.27776280053014,17,17,1.0
global,asym,2026,B0044,J,0.1,0.0,32.54222706000569,12,0,0.0
global,asym,2026,B0048,J,0.1,0.0,12.094327460491638,8,8,1.0
global,asym,2026,B0055,J,0.1,0.0,27.027815324412657,11,4,0.36363636363636365
global,asym,2026,B0007,J,0.1,0.02,64.27776280053014,17,17,1.0
global,asym,2026,B0044,J,0.1,0.02,32.54222706000569,12,0,0.0
global,asym,2026,B0048,J,0.1,0.02,12.094327460491638,8,8,1.0
global,asym,2026,B0055,J,0.1,0.02,27.027815324412657,11,0,0.0
global,asym,2026,B0007,J,0.1,0.05,64.27776280053014,17,17,1.0
global,asym,2026,B0044,J,0.1,0.05,32.54222706000569,12,0,0.0
global,asym,2026,B0048,J,0.1,0.05,12.094327460491638,8,8,1.0
global,asym,2026,B0055,J,0.1,0.05,27.027815324412657,11,0,0.0
global,asym,2026,B0007,J,0.2,0.0,64.27776280053014,34,26,0.7647058823529411
global,asym,2026,B0044,J,0.2,0.0,32.54222706000569,23,7,0.30434782608695654
global,asym,2026,B0048,J,0.2,0.0,12.094327460491638,15,15,1.0
global,asym,2026,B0055,J,0.2,0.0,27.027815324412657,21,14,0.6666666666666666
global,asym,2026,B0007,J,0.2,0.02,64.27776280053014,34,23,0.6764705882352942
global,asym,2026,B0044,J,0.2,0.02,32.54222706000569,23,1,0.043478260869565216
global,asym,2026,B0048,J,0.2,0.02,12.094327460491638,15,15,1.0
global,asym,2026,B0055,J,0.2,0.02,27.027815324412657,21,7,0.3333333333333333
global,asym,2026,B0007,J,0.2,0.05,64.27776280053014,34,17,0.5
global,asym,2026,B0044,J,0.2,0.05,32.54222706000569,23,0,0.0
global,asym,2026,B0048,J,0.2,0.05,12.094327460491638,15,15,1.0
global,asym,2026,B0055,J,0.2,0.05,27.027815324412657,21,0,0.0
global,asym,2026,B0007,J_plus_1,0.05,0.0,64.27776280053014,9,9,1.0
global,asym,2026,B0044,J_plus_1,0.05,0.0,32.54222706000569,6,0,0.0
global,asym,2026,B0048,J_plus_1,0.05,0.0,12.094327460491638,4,4,1.0
global,asym,2026,B0055,J_plus_1,0.05,0.0,27.027815324412657,6,1,0.16666666666666666
global,asym,2026,B0007,J_plus_1,0.05,0.02,64.27776280053014,9,9,1.0
global,asym,2026,B0044,J_plus_1,0.05,0.02,32.54222706000569,6,0,0.0
global,asym,2026,B0048,J_plus_1,0.05,0.02,12.094327460491638,4,4,1.0
global,asym,2026,B0055,J_plus_1,0.05,0.02,27.027815324412657,6,0,0.0
global,asym,2026,B0007,J_plus_1,0.05,0.05,64.27776280053014,9,9,1.0
global,asym,2026,B0044,J_plus_1,0.05,0.05,32.54222706000569,6,0,0.0
global,asym,2026,B0048,J_plus_1,0.05,0.05,12.094327460491638,4,4,1.0
global,asym,2026,B0055,J_plus_1,0.05,0.05,27.027815324412657,6,0,0.0
global,asym,2026,B0007,J_plus_1,0.1,0.0,64.27776280053014,17,17,1.0
global,asym,2026,B0044,J_plus_1,0.1,0.0,32.54222706000569,12,0,0.0
global,asym,2026,B0048,J_plus_1,0.1,0.0,12.094327460491638,8,8,1.0
global,asym,2026,B0055,J_plus_1,0.1,0.0,27.027815324412657,11,4,0.36363636363636365
global,asym,2026,B0007,J_plus_1,0.1,0.02,64.27776280053014,17,17,1.0
global,asym,2026,B0044,J_plus_1,0.1,0.02,32.54222706000569,12,0,0.0
global,asym,2026,B0048,J_plus_1,0.1,0.02,12.094327460491638,8,8,1.0
global,asym,2026,B0055,J_plus_1,0.1,0.02,27.027815324412657,11,0,0.0
global,asym,2026,B0007,J_plus_1,0.1,0.05,64.27776280053014,17,17,1.0
global,asym,2026,B0044,J_plus_1,0.1,0.05,32.54222706000569,12,0,0.0
global,asym,2026,B0048,J_plus_1,0.1,0.05,12.094327460491638,8,8,1.0
global,asym,2026,B0055,J_plus_1,0.1,0.05,27.027815324412657,11,0,0.0
global,asym,2026,B0007,J_plus_1,0.2,0.0,64.27776280053014,34,26,0.7647058823529411
global,asym,2026,B0044,J_plus_1,0.2,0.0,32.54222706000569,23,7,0.30434782608695654
global,asym,2026,B0048,J_plus_1,0.2,0.0,12.094327460491638,15,15,1.0
global,asym,2026,B0055,J_plus_1,0.2,0.0,27.027815324412657,21,14,0.6666666666666666
global,asym,2026,B0007,J_plus_1,0.2,0.02,64.27776280053014,34,23,0.6764705882352942
global,asym,2026,B0044,J_plus_1,0.2,0.02,32.54222706000569,23,0,0.0
global,asym,2026,B0048,J_plus_1,0.2,0.02,12.094327460491638,15,15,1.0
global,asym,2026,B0055,J_plus_1,0.2,0.02,27.027815324412657,21,7,0.3333333333333333
global,asym,2026,B0007,J_plus_1,0.2,0.05,64.27776280053014,34,17,0.5
global,asym,2026,B0044,J_plus_1,0.2,0.05,32.54222706000569,23,0,0.0
global,asym,2026,B0048,J_plus_1,0.2,0.05,12.094327460491638,15,15,1.0
global,asym,2026,B0055,J_plus_1,0.2,0.05,27.027815324412657,21,0,0.0
temperature,core,42,B0007,J,0.05,0.0,50.131958493743106,9,9,1.0
temperature,core,42,B0044,J,0.05,0.0,19.24935098313429,6,0,0.0
temperature,core,42,B0048,J,0.05,0.0,4.1797918270780485,4,2,0.5
temperature,core,42,B0055,J,0.05,0.0,14.430798362722696,6,6,1.0
temperature,core,42,B0007,J,0.05,0.02,50.131958493743106,9,9,1.0
temperature,core,42,B0044,J,0.05,0.02,19.24935098313429,6,0,0.0
temperature,core,42,B0048,J,0.05,0.02,4.1797918270780485,4,0,0.0
temperature,core,42,B0055,J,0.05,0.02,14.430798362722696,6,6,1.0
temperature,core,42,B0007,J,0.05,0.05,50.131958493743106,9,9,1.0
temperature,core,42,B0044,J,0.05,0.05,19.24935098313429,6,0,0.0
temperature,core,42,B0048,J,0.05,0.05,4.1797918270780485,4,0,0.0
temperature,core,42,B0055,J,0.05,0.05,14.430798362722696,6,0,0.0
temperature,core,42,B0007,J,0.1,0.0,50.131958493743106,17,17,1.0
temperature,core,42,B0044,J,0.1,0.0,19.24935098313429,12,0,0.0
temperature,core,42,B0048,J,0.1,0.0,4.1797918270780485,8,3,0.375
temperature,core,42,B0055,J,0.1,0.0,14.430798362722696,11,11,1.0
temperature,core,42,B0007,J,0.1,0.02,50.131958493743106,17,17,1.0
temperature,core,42,B0044,J,0.1,0.02,19.24935098313429,12,0,0.0
temperature,core,42,B0048,J,0.1,0.02,4.1797918270780485,8,0,0.0
temperature,core,42,B0055,J,0.1,0.02,14.430798362722696,11,11,1.0
temperature,core,42,B0007,J,0.1,0.05,50.131958493743106,17,17,1.0
temperature,core,42,B0044,J,0.1,0.05,19.24935098313429,12,0,0.0
temperature,core,42,B0048,J,0.1,0.05,4.1797918270780485,8,0,0.0
temperature,core,42,B0055,J,0.1,0.05,14.430798362722696,11,0,0.0
temperature,core,42,B0007,J,0.2,0.0,50.131958493743106,34,30,0.8823529411764706
temperature,core,42,B0044,J,0.2,0.0,19.24935098313429,23,7,0.30434782608695654
temperature,core,42,B0048,J,0.2,0.0,4.1797918270780485,15,3,0.2
temperature,core,42,B0055,J,0.2,0.0,14.430798362722696,21,21,1.0
temperature,core,42,B0007,J,0.2,0.02,50.131958493743106,34,26,0.7647058823529411
temperature,core,42,B0044,J,0.2,0.02,19.24935098313429,23,0,0.0
temperature,core,42,B0048,J,0.2,0.02,4.1797918270780485,15,0,0.0
temperature,core,42,B0055,J,0.2,0.02,14.430798362722696,21,21,1.0
temperature,core,42,B0007,J,0.2,0.05,50.131958493743106,34,17,0.5
temperature,core,42,B0044,J,0.2,0.05,19.24935098313429,23,0,0.0
temperature,core,42,B0048,J,0.2,0.05,4.1797918270780485,15,0,0.0
temperature,core,42,B0055,J,0.2,0.05,14.430798362722696,21,5,0.23809523809523808
temperature,core,42,B0007,J_plus_1,0.05,0.0,50.131958493743106,9,9,1.0
temperature,core,42,B0044,J_plus_1,0.05,0.0,19.24935098313429,6,0,0.0
temperature,core,42,B0048,J_plus_1,0.05,0.0,4.1797918270780485,4,2,0.5
temperature,core,42,B0055,J_plus_1,0.05,0.0,14.430798362722696,6,6,1.0
temperature,core,42,B0007,J_plus_1,0.05,0.02,50.131958493743106,9,9,1.0
temperature,core,42,B0044,J_plus_1,0.05,0.02,19.24935098313429,6,0,0.0
temperature,core,42,B0048,J_plus_1,0.05,0.02,4.1797918270780485,4,0,0.0
temperature,core,42,B0055,J_plus_1,0.05,0.02,14.430798362722696,6,6,1.0
temperature,core,42,B0007,J_plus_1,0.05,0.05,50.131958493743106,9,9,1.0
temperature,core,42,B0044,J_plus_1,0.05,0.05,19.24935098313429,6,0,0.0
temperature,core,42,B0048,J_plus_1,0.05,0.05,4.1797918270780485,4,0,0.0
temperature,core,42,B0055,J_plus_1,0.05,0.05,14.430798362722696,6,0,0.0
temperature,core,42,B0007,J_plus_1,0.1,0.0,50.131958493743106,17,17,1.0
temperature,core,42,B0044,J_plus_1,0.1,0.0,19.24935098313429,12,0,0.0
temperature,core,42,B0048,J_plus_1,0.1,0.0,4.1797918270780485,8,3,0.375
temperature,core,42,B0055,J_plus_1,0.1,0.0,14.430798362722696,11,11,1.0
temperature,core,42,B0007,J_plus_1,0.1,0.02,50.131958493743106,17,17,1.0
temperature,core,42,B0044,J_plus_1,0.1,0.02,19.24935098313429,12,0,0.0
temperature,core,42,B0048,J_plus_1,0.1,0.02,4.1797918270780485,8,0,0.0
temperature,core,42,B0055,J_plus_1,0.1,0.02,14.430798362722696,11,11,1.0
temperature,core,42,B0007,J_plus_1,0.1,0.05,50.131958493743106,17,17,1.0
temperature,core,42,B0044,J_plus_1,0.1,0.05,19.24935098313429,12,0,0.0
temperature,core,42,B0048,J_plus_1,0.1,0.05,4.1797918270780485,8,0,0.0
temperature,core,42,B0055,J_plus_1,0.1,0.05,14.430798362722696,11,0,0.0
temperature,core,42,B0007,J_plus_1,0.2,0.0,50.131958493743106,34,30,0.8823529411764706
temperature,core,42,B0044,J_plus_1,0.2,0.0,19.24935098313429,23,7,0.30434782608695654
temperature,core,42,B0048,J_plus_1,0.2,0.0,4.1797918270780485,15,3,0.2
temperature,core,42,B0055,J_plus_1,0.2,0.0,14.430798362722696,21,21,1.0
temperature,core,42,B0007,J_plus_1,0.2,0.02,50.131958493743106,34,26,0.7647058823529411
temperature,core,42,B0044,J_plus_1,0.2,0.02,19.24935098313429,23,0,0.0
temperature,core,42,B0048,J_plus_1,0.2,0.02,4.1797918270780485,15,0,0.0
temperature,core,42,B0055,J_plus_1,0.2,0.02,14.430798362722696,21,21,1.0
temperature,core,42,B0007,J_plus_1,0.2,0.05,50.131958493743106,34,17,0.5
temperature,core,42,B0044,J_plus_1,0.2,0.05,19.24935098313429,23,0,0.0
temperature,core,42,B0048,J_plus_1,0.2,0.05,4.1797918270780485,15,0,0.0
temperature,core,42,B0055,J_plus_1,0.2,0.05,14.430798362722696,21,5,0.23809523809523808
temperature,core,123,B0007,J,0.05,0.0,49.97492803203309,9,9,1.0
temperature,core,123,B0044,J,0.05,0.0,19.384796853944657,6,1,0.16666666666666666
temperature,core,123,B0048,J,0.05,0.0,2.355723163548551,4,4,1.0
temperature,core,123,B0055,J,0.05,0.0,15.534832964226844,6,6,1.0
temperature,core,123,B0007,J,0.05,0.02,49.97492803203309,9,9,1.0
temperature,core,123,B0044,J,0.05,0.02,19.384796853944657,6,0,0.0
temperature,core,123,B0048,J,0.05,0.02,2.355723163548551,4,0,0.0
temperature,core,123,B0055,J,0.05,0.02,15.534832964226844,6,6,1.0
temperature,core,123,B0007,J,0.05,0.05,49.97492803203309,9,9,1.0
temperature,core,123,B0044,J,0.05,0.05,19.384796853944657,6,0,0.0
temperature,core,123,B0048,J,0.05,0.05,2.355723163548551,4,0,0.0
temperature,core,123,B0055,J,0.05,0.05,15.534832964226844,6,6,1.0
temperature,core,123,B0007,J,0.1,0.0,49.97492803203309,17,17,1.0
temperature,core,123,B0044,J,0.1,0.0,19.384796853944657,12,5,0.4166666666666667
temperature,core,123,B0048,J,0.1,0.0,2.355723163548551,8,8,1.0
temperature,core,123,B0055,J,0.1,0.0,15.534832964226844,11,11,1.0
temperature,core,123,B0007,J,0.1,0.02,49.97492803203309,17,17,1.0
temperature,core,123,B0044,J,0.1,0.02,19.384796853944657,12,0,0.0
temperature,core,123,B0048,J,0.1,0.02,2.355723163548551,8,0,0.0
temperature,core,123,B0055,J,0.1,0.02,15.534832964226844,11,11,1.0
temperature,core,123,B0007,J,0.1,0.05,49.97492803203309,17,17,1.0
temperature,core,123,B0044,J,0.1,0.05,19.384796853944657,12,0,0.0
temperature,core,123,B0048,J,0.1,0.05,2.355723163548551,8,0,0.0
temperature,core,123,B0055,J,0.1,0.05,15.534832964226844,11,11,1.0
temperature,core,123,B0007,J,0.2,0.0,49.97492803203309,34,34,1.0
temperature,core,123,B0044,J,0.2,0.0,19.384796853944657,23,13,0.5652173913043478
temperature,core,123,B0048,J,0.2,0.0,2.355723163548551,15,8,0.5333333333333333
temperature,core,123,B0055,J,0.2,0.0,15.534832964226844,21,21,1.0
temperature,core,123,B0007,J,0.2,0.02,49.97492803203309,34,30,0.8823529411764706
temperature,core,123,B0044,J,0.2,0.02,19.384796853944657,23,0,0.0
temperature,core,123,B0048,J,0.2,0.02,2.355723163548551,15,0,0.0
temperature,core,123,B0055,J,0.2,0.02,15.534832964226844,21,21,1.0
temperature,core,123,B0007,J,0.2,0.05,49.97492803203309,34,21,0.6176470588235294
temperature,core,123,B0044,J,0.2,0.05,19.384796853944657,23,0,0.0
temperature,core,123,B0048,J,0.2,0.05,2.355723163548551,15,0,0.0
temperature,core,123,B0055,J,0.2,0.05,15.534832964226844,21,21,1.0
temperature,core,123,B0007,J_plus_1,0.05,0.0,49.97492803203309,9,9,1.0
temperature,core,123,B0044,J_plus_1,0.05,0.0,19.384796853944657,6,1,0.16666666666666666
temperature,core,123,B0048,J_plus_1,0.05,0.0,2.355723163548551,4,4,1.0
temperature,core,123,B0055,J_plus_1,0.05,0.0,15.534832964226844,6,6,1.0
temperature,core,123,B0007,J_plus_1,0.05,0.02,49.97492803203309,9,9,1.0
temperature,core,123,B0044,J_plus_1,0.05,0.02,19.384796853944657,6,0,0.0
temperature,core,123,B0048,J_plus_1,0.05,0.02,2.355723163548551,4,0,0.0
temperature,core,123,B0055,J_plus_1,0.05,0.02,15.534832964226844,6,6,1.0
temperature,core,123,B0007,J_plus_1,0.05,0.05,49.97492803203309,9,9,1.0
temperature,core,123,B0044,J_plus_1,0.05,0.05,19.384796853944657,6,0,0.0
temperature,core,123,B0048,J_plus_1,0.05,0.05,2.355723163548551,4,0,0.0
temperature,core,123,B0055,J_plus_1,0.05,0.05,15.534832964226844,6,6,1.0
temperature,core,123,B0007,J_plus_1,0.1,0.0,49.97492803203309,17,17,1.0
temperature,core,123,B0044,J_plus_1,0.1,0.0,19.384796853944657,12,5,0.4166666666666667
temperature,core,123,B0048,J_plus_1,0.1,0.0,2.355723163548551,8,8,1.0
temperature,core,123,B0055,J_plus_1,0.1,0.0,15.534832964226844,11,11,1.0
temperature,core,123,B0007,J_plus_1,0.1,0.02,49.97492803203309,17,17,1.0
temperature,core,123,B0044,J_plus_1,0.1,0.02,19.384796853944657,12,0,0.0
temperature,core,123,B0048,J_plus_1,0.1,0.02,2.355723163548551,8,0,0.0
temperature,core,123,B0055,J_plus_1,0.1,0.02,15.534832964226844,11,11,1.0
temperature,core,123,B0007,J_plus_1,0.1,0.05,49.97492803203309,17,17,1.0
temperature,core,123,B0044,J_plus_1,0.1,0.05,19.384796853944657,12,0,0.0
temperature,core,123,B0048,J_plus_1,0.1,0.05,2.355723163548551,8,0,0.0
temperature,core,123,B0055,J_plus_1,0.1,0.05,15.534832964226844,11,11,1.0
temperature,core,123,B0007,J_plus_1,0.2,0.0,49.97492803203309,34,34,1.0
temperature,core,123,B0044,J_plus_1,0.2,0.0,19.384796853944657,23,13,0.5652173913043478
temperature,core,123,B0048,J_plus_1,0.2,0.0,2.355723163548551,15,8,0.5333333333333333
temperature,core,123,B0055,J_plus_1,0.2,0.0,15.534832964226844,21,21,1.0
temperature,core,123,B0007,J_plus_1,0.2,0.02,49.97492803203309,34,30,0.8823529411764706
temperature,core,123,B0044,J_plus_1,0.2,0.02,19.384796853944657,23,0,0.0
temperature,core,123,B0048,J_plus_1,0.2,0.02,2.355723163548551,15,0,0.0
temperature,core,123,B0055,J_plus_1,0.2,0.02,15.534832964226844,21,21,1.0
temperature,core,123,B0007,J_plus_1,0.2,0.05,49.97492803203309,34,21,0.6176470588235294
temperature,core,123,B0044,J_plus_1,0.2,0.05,19.384796853944657,23,0,0.0
temperature,core,123,B0048,J_plus_1,0.2,0.05,2.355723163548551,15,0,0.0
temperature,core,123,B0055,J_plus_1,0.2,0.05,15.534832964226844,21,21,1.0
temperature,core,2024,B0007,J,0.05,0.0,47.80298495254162,9,8,0.8888888888888888
temperature,core,2024,B0044,J,0.05,0.0,17.282984902392418,6,4,0.6666666666666666
temperature,core,2024,B0048,J,0.05,0.0,1.863106307968523,4,4,1.0
temperature,core,2024,B0055,J,0.05,0.0,12.330614989059377,6,6,1.0
temperature,core,2024,B0007,J,0.05,0.02,47.80298495254162,9,2,0.2222222222222222
temperature,core,2024,B0044,J,0.05,0.02,17.282984902392418,6,2,0.3333333333333333
temperature,core,2024,B0048,J,0.05,0.02,1.863106307968523,4,4,1.0
temperature,core,2024,B0055,J,0.05,0.02,12.330614989059377,6,6,1.0
temperature,core,2024,B0007,J,0.05,0.05,47.80298495254162,9,0,0.0
temperature,core,2024,B0044,J,0.05,0.05,17.282984902392418,6,0,0.0
temperature,core,2024,B0048,J,0.05,0.05,1.863106307968523,4,3,0.75
temperature,core,2024,B0055,J,0.05,0.05,12.330614989059377,6,0,0.0
temperature,core,2024,B0007,J,0.1,0.0,47.80298495254162,17,8,0.47058823529411764
temperature,core,2024,B0044,J,0.1,0.0,17.282984902392418,12,10,0.8333333333333334
temperature,core,2024,B0048,J,0.1,0.0,1.863106307968523,8,8,1.0
temperature,core,2024,B0055,J,0.1,0.0,12.330614989059377,11,11,1.0
temperature,core,2024,B0007,J,0.1,0.02,47.80298495254162,17,2,0.11764705882352941
temperature,core,2024,B0044,J,0.1,0.02,17.282984902392418,12,2,0.16666666666666666
temperature,core,2024,B0048,J,0.1,0.02,1.863106307968523,8,7,0.875
temperature,core,2024,B0055,J,0.1,0.02,12.330614989059377,11,9,0.8181818181818182
temperature,core,2024,B0007,J,0.1,0.05,47.80298495254162,17,0,0.0
temperature,core,2024,B0044,J,0.1,0.05,17.282984902392418,12,0,0.0
temperature,core,2024,B0048,J,0.1,0.05,1.863106307968523,8,3,0.375
temperature,core,2024,B0055,J,0.1,0.05,12.330614989059377,11,0,0.0
temperature,core,2024,B0007,J,0.2,0.0,47.80298495254162,34,8,0.23529411764705882
temperature,core,2024,B0044,J,0.2,0.0,17.282984902392418,23,21,0.9130434782608695
temperature,core,2024,B0048,J,0.2,0.0,1.863106307968523,15,15,1.0
temperature,core,2024,B0055,J,0.2,0.0,12.330614989059377,21,21,1.0
temperature,core,2024,B0007,J,0.2,0.02,47.80298495254162,34,2,0.058823529411764705
temperature,core,2024,B0044,J,0.2,0.02,17.282984902392418,23,10,0.43478260869565216
temperature,core,2024,B0048,J,0.2,0.02,1.863106307968523,15,8,0.5333333333333333
temperature,core,2024,B0055,J,0.2,0.02,12.330614989059377,21,18,0.8571428571428571
temperature,core,2024,B0007,J,0.2,0.05,47.80298495254162,34,0,0.0
temperature,core,2024,B0044,J,0.2,0.05,17.282984902392418,23,0,0.0
temperature,core,2024,B0048,J,0.2,0.05,1.863106307968523,15,3,0.2
temperature,core,2024,B0055,J,0.2,0.05,12.330614989059377,21,0,0.0
temperature,core,2024,B0007,J_plus_1,0.05,0.0,47.80298495254162,9,8,0.8888888888888888
temperature,core,2024,B0044,J_plus_1,0.05,0.0,17.282984902392418,6,4,0.6666666666666666
temperature,core,2024,B0048,J_plus_1,0.05,0.0,1.863106307968523,4,4,1.0
temperature,core,2024,B0055,J_plus_1,0.05,0.0,12.330614989059377,6,6,1.0
temperature,core,2024,B0007,J_plus_1,0.05,0.02,47.80298495254162,9,2,0.2222222222222222
temperature,core,2024,B0044,J_plus_1,0.05,0.02,17.282984902392418,6,2,0.3333333333333333
temperature,core,2024,B0048,J_plus_1,0.05,0.02,1.863106307968523,4,4,1.0
temperature,core,2024,B0055,J_plus_1,0.05,0.02,12.330614989059377,6,6,1.0
temperature,core,2024,B0007,J_plus_1,0.05,0.05,47.80298495254162,9,0,0.0
temperature,core,2024,B0044,J_plus_1,0.05,0.05,17.282984902392418,6,0,0.0
temperature,core,2024,B0048,J_plus_1,0.05,0.05,1.863106307968523,4,2,0.5
temperature,core,2024,B0055,J_plus_1,0.05,0.05,12.330614989059377,6,0,0.0
temperature,core,2024,B0007,J_plus_1,0.1,0.0,47.80298495254162,17,8,0.47058823529411764
temperature,core,2024,B0044,J_plus_1,0.1,0.0,17.282984902392418,12,10,0.8333333333333334
temperature,core,2024,B0048,J_plus_1,0.1,0.0,1.863106307968523,8,8,1.0
temperature,core,2024,B0055,J_plus_1,0.1,0.0,12.330614989059377,11,11,1.0
temperature,core,2024,B0007,J_plus_1,0.1,0.02,47.80298495254162,17,2,0.11764705882352941
temperature,core,2024,B0044,J_plus_1,0.1,0.02,17.282984902392418,12,2,0.16666666666666666
temperature,core,2024,B0048,J_plus_1,0.1,0.02,1.863106307968523,8,7,0.875
temperature,core,2024,B0055,J_plus_1,0.1,0.02,12.330614989059377,11,9,0.8181818181818182
temperature,core,2024,B0007,J_plus_1,0.1,0.05,47.80298495254162,17,0,0.0
temperature,core,2024,B0044,J_plus_1,0.1,0.05,17.282984902392418,12,0,0.0
temperature,core,2024,B0048,J_plus_1,0.1,0.05,1.863106307968523,8,2,0.25
temperature,core,2024,B0055,J_plus_1,0.1,0.05,12.330614989059377,11,0,0.0
temperature,core,2024,B0007,J_plus_1,0.2,0.0,47.80298495254162,34,8,0.23529411764705882
temperature,core,2024,B0044,J_plus_1,0.2,0.0,17.282984902392418,23,21,0.9130434782608695
temperature,core,2024,B0048,J_plus_1,0.2,0.0,1.863106307968523,15,15,1.0
temperature,core,2024,B0055,J_plus_1,0.2,0.0,12.330614989059377,21,21,1.0
temperature,core,2024,B0007,J_plus_1,0.2,0.02,47.80298495254162,34,2,0.058823529411764705
temperature,core,2024,B0044,J_plus_1,0.2,0.02,17.282984902392418,23,10,0.43478260869565216
temperature,core,2024,B0048,J_plus_1,0.2,0.02,1.863106307968523,15,7,0.4666666666666667
temperature,core,2024,B0055,J_plus_1,0.2,0.02,12.330614989059377,21,18,0.8571428571428571
temperature,core,2024,B0007,J_plus_1,0.2,0.05,47.80298495254162,34,0,0.0
temperature,core,2024,B0044,J_plus_1,0.2,0.05,17.282984902392418,23,0,0.0
temperature,core,2024,B0048,J_plus_1,0.2,0.05,1.863106307968523,15,2,0.13333333333333333
temperature,core,2024,B0055,J_plus_1,0.2,0.05,12.330614989059377,21,0,0.0
temperature,core,2025,B0007,J,0.05,0.0,48.38668792651964,9,3,0.3333333333333333
temperature,core,2025,B0044,J,0.05,0.0,18.191265281350915,6,4,0.6666666666666666
temperature,core,2025,B0048,J,0.05,0.0,2.675294729478243,4,4,1.0
temperature,core,2025,B0055,J,0.05,0.0,13.204150298809209,6,2,0.3333333333333333
temperature,core,2025,B0007,J,0.05,0.02,48.38668792651964,9,0,0.0
temperature,core,2025,B0044,J,0.05,0.02,18.191265281350915,6,1,0.16666666666666666
temperature,core,2025,B0048,J,0.05,0.02,2.675294729478243,4,3,0.75
temperature,core,2025,B0055,J,0.05,0.02,13.204150298809209,6,0,0.0
temperature,core,2025,B0007,J,0.05,0.05,48.38668792651964,9,0,0.0
temperature,core,2025,B0044,J,0.05,0.05,18.191265281350915,6,0,0.0
temperature,core,2025,B0048,J,0.05,0.05,2.675294729478243,4,1,0.25
temperature,core,2025,B0055,J,0.05,0.05,13.204150298809209,6,0,0.0
temperature,core,2025,B0007,J,0.1,0.0,48.38668792651964,17,3,0.17647058823529413
temperature,core,2025,B0044,J,0.1,0.0,18.191265281350915,12,5,0.4166666666666667
temperature,core,2025,B0048,J,0.1,0.0,2.675294729478243,8,7,0.875
temperature,core,2025,B0055,J,0.1,0.0,13.204150298809209,11,2,0.18181818181818182
temperature,core,2025,B0007,J,0.1,0.02,48.38668792651964,17,0,0.0
temperature,core,2025,B0044,J,0.1,0.02,18.191265281350915,12,1,0.08333333333333333
temperature,core,2025,B0048,J,0.1,0.02,2.675294729478243,8,3,0.375
temperature,core,2025,B0055,J,0.1,0.02,13.204150298809209,11,0,0.0
temperature,core,2025,B0007,J,0.1,0.05,48.38668792651964,17,0,0.0
temperature,core,2025,B0044,J,0.1,0.05,18.191265281350915,12,0,0.0
temperature,core,2025,B0048,J,0.1,0.05,2.675294729478243,8,1,0.125
temperature,core,2025,B0055,J,0.1,0.05,13.204150298809209,11,0,0.0
temperature,core,2025,B0007,J,0.2,0.0,48.38668792651964,34,3,0.08823529411764706
temperature,core,2025,B0044,J,0.2,0.0,18.191265281350915,23,14,0.6086956521739131
temperature,core,2025,B0048,J,0.2,0.0,2.675294729478243,15,11,0.7333333333333333
temperature,core,2025,B0055,J,0.2,0.0,13.204150298809209,21,10,0.47619047619047616
temperature,core,2025,B0007,J,0.2,0.02,48.38668792651964,34,0,0.0
temperature,core,2025,B0044,J,0.2,0.02,18.191265281350915,23,8,0.34782608695652173
temperature,core,2025,B0048,J,0.2,0.02,2.675294729478243,15,3,0.2
temperature,core,2025,B0055,J,0.2,0.02,13.204150298809209,21,3,0.14285714285714285
temperature,core,2025,B0007,J,0.2,0.05,48.38668792651964,34,0,0.0
temperature,core,2025,B0044,J,0.2,0.05,18.191265281350915,23,3,0.13043478260869565
temperature,core,2025,B0048,J,0.2,0.05,2.675294729478243,15,1,0.06666666666666667
temperature,core,2025,B0055,J,0.2,0.05,13.204150298809209,21,0,0.0
temperature,core,2025,B0007,J_plus_1,0.05,0.0,48.38668792651964,9,3,0.3333333333333333
temperature,core,2025,B0044,J_plus_1,0.05,0.0,18.191265281350915,6,4,0.6666666666666666
temperature,core,2025,B0048,J_plus_1,0.05,0.0,2.675294729478243,4,4,1.0
temperature,core,2025,B0055,J_plus_1,0.05,0.0,13.204150298809209,6,2,0.3333333333333333
temperature,core,2025,B0007,J_plus_1,0.05,0.02,48.38668792651964,9,0,0.0
temperature,core,2025,B0044,J_plus_1,0.05,0.02,18.191265281350915,6,1,0.16666666666666666
temperature,core,2025,B0048,J_plus_1,0.05,0.02,2.675294729478243,4,3,0.75
temperature,core,2025,B0055,J_plus_1,0.05,0.02,13.204150298809209,6,0,0.0
temperature,core,2025,B0007,J_plus_1,0.05,0.05,48.38668792651964,9,0,0.0
temperature,core,2025,B0044,J_plus_1,0.05,0.05,18.191265281350915,6,0,0.0
temperature,core,2025,B0048,J_plus_1,0.05,0.05,2.675294729478243,4,0,0.0
temperature,core,2025,B0055,J_plus_1,0.05,0.05,13.204150298809209,6,0,0.0
temperature,core,2025,B0007,J_plus_1,0.1,0.0,48.38668792651964,17,3,0.17647058823529413
temperature,core,2025,B0044,J_plus_1,0.1,0.0,18.191265281350915,12,5,0.4166666666666667
temperature,core,2025,B0048,J_plus_1,0.1,0.0,2.675294729478243,8,7,0.875
temperature,core,2025,B0055,J_plus_1,0.1,0.0,13.204150298809209,11,2,0.18181818181818182
temperature,core,2025,B0007,J_plus_1,0.1,0.02,48.38668792651964,17,0,0.0
temperature,core,2025,B0044,J_plus_1,0.1,0.02,18.191265281350915,12,1,0.08333333333333333
temperature,core,2025,B0048,J_plus_1,0.1,0.02,2.675294729478243,8,3,0.375
temperature,core,2025,B0055,J_plus_1,0.1,0.02,13.204150298809209,11,0,0.0
temperature,core,2025,B0007,J_plus_1,0.1,0.05,48.38668792651964,17,0,0.0
temperature,core,2025,B0044,J_plus_1,0.1,0.05,18.191265281350915,12,0,0.0
temperature,core,2025,B0048,J_plus_1,0.1,0.05,2.675294729478243,8,0,0.0
temperature,core,2025,B0055,J_plus_1,0.1,0.05,13.204150298809209,11,0,0.0
temperature,core,2025,B0007,J_plus_1,0.2,0.0,48.38668792651964,34,3,0.08823529411764706
temperature,core,2025,B0044,J_plus_1,0.2,0.0,18.191265281350915,23,14,0.6086956521739131
temperature,core,2025,B0048,J_plus_1,0.2,0.0,2.675294729478243,15,11,0.7333333333333333
temperature,core,2025,B0055,J_plus_1,0.2,0.0,13.204150298809209,21,10,0.47619047619047616
temperature,core,2025,B0007,J_plus_1,0.2,0.02,48.38668792651964,34,0,0.0
temperature,core,2025,B0044,J_plus_1,0.2,0.02,18.191265281350915,23,8,0.34782608695652173
temperature,core,2025,B0048,J_plus_1,0.2,0.02,2.675294729478243,15,3,0.2
temperature,core,2025,B0055,J_plus_1,0.2,0.02,13.204150298809209,21,3,0.14285714285714285
temperature,core,2025,B0007,J_plus_1,0.2,0.05,48.38668792651964,34,0,0.0
temperature,core,2025,B0044,J_plus_1,0.2,0.05,18.191265281350915,23,3,0.13043478260869565
temperature,core,2025,B0048,J_plus_1,0.2,0.05,2.675294729478243,15,0,0.0
temperature,core,2025,B0055,J_plus_1,0.2,0.05,13.204150298809209,21,0,0.0
temperature,core,2026,B0007,J,0.05,0.0,48.58758288310882,9,0,0.0
temperature,core,2026,B0044,J,0.05,0.0,18.498194907996236,6,5,0.8333333333333334
temperature,core,2026,B0048,J,0.05,0.0,2.715715598110225,4,2,0.5
temperature,core,2026,B0055,J,0.05,0.0,13.822283142759277,6,0,0.0
temperature,core,2026,B0007,J,0.05,0.02,48.58758288310882,9,0,0.0
temperature,core,2026,B0044,J,0.05,0.02,18.498194907996236,6,3,0.5
temperature,core,2026,B0048,J,0.05,0.02,2.715715598110225,4,0,0.0
temperature,core,2026,B0055,J,0.05,0.02,13.822283142759277,6,0,0.0
temperature,core,2026,B0007,J,0.05,0.05,48.58758288310882,9,0,0.0
temperature,core,2026,B0044,J,0.05,0.05,18.498194907996236,6,0,0.0
temperature,core,2026,B0048,J,0.05,0.05,2.715715598110225,4,0,0.0
temperature,core,2026,B0055,J,0.05,0.05,13.822283142759277,6,0,0.0
temperature,core,2026,B0007,J,0.1,0.0,48.58758288310882,17,0,0.0
temperature,core,2026,B0044,J,0.1,0.0,18.498194907996236,12,7,0.5833333333333334
temperature,core,2026,B0048,J,0.1,0.0,2.715715598110225,8,2,0.25
temperature,core,2026,B0055,J,0.1,0.0,13.822283142759277,11,0,0.0
temperature,core,2026,B0007,J,0.1,0.02,48.58758288310882,17,0,0.0
temperature,core,2026,B0044,J,0.1,0.02,18.498194907996236,12,3,0.25
temperature,core,2026,B0048,J,0.1,0.02,2.715715598110225,8,0,0.0
temperature,core,2026,B0055,J,0.1,0.02,13.822283142759277,11,0,0.0
temperature,core,2026,B0007,J,0.1,0.05,48.58758288310882,17,0,0.0
temperature,core,2026,B0044,J,0.1,0.05,18.498194907996236,12,0,0.0
temperature,core,2026,B0048,J,0.1,0.05,2.715715598110225,8,0,0.0
temperature,core,2026,B0055,J,0.1,0.05,13.822283142759277,11,0,0.0
temperature,core,2026,B0007,J,0.2,0.0,48.58758288310882,34,0,0.0
temperature,core,2026,B0044,J,0.2,0.0,18.498194907996236,23,18,0.782608695652174
temperature,core,2026,B0048,J,0.2,0.0,2.715715598110225,15,2,0.13333333333333333
temperature,core,2026,B0055,J,0.2,0.0,13.822283142759277,21,1,0.047619047619047616
temperature,core,2026,B0007,J,0.2,0.02,48.58758288310882,34,0,0.0
temperature,core,2026,B0044,J,0.2,0.02,18.498194907996236,23,4,0.17391304347826086
temperature,core,2026,B0048,J,0.2,0.02,2.715715598110225,15,0,0.0
temperature,core,2026,B0055,J,0.2,0.02,13.822283142759277,21,0,0.0
temperature,core,2026,B0007,J,0.2,0.05,48.58758288310882,34,0,0.0
temperature,core,2026,B0044,J,0.2,0.05,18.498194907996236,23,0,0.0
temperature,core,2026,B0048,J,0.2,0.05,2.715715598110225,15,0,0.0
temperature,core,2026,B0055,J,0.2,0.05,13.822283142759277,21,0,0.0
temperature,core,2026,B0007,J_plus_1,0.05,0.0,48.58758288310882,9,0,0.0
temperature,core,2026,B0044,J_plus_1,0.05,0.0,18.498194907996236,6,5,0.8333333333333334
temperature,core,2026,B0048,J_plus_1,0.05,0.0,2.715715598110225,4,2,0.5
temperature,core,2026,B0055,J_plus_1,0.05,0.0,13.822283142759277,6,0,0.0
temperature,core,2026,B0007,J_plus_1,0.05,0.02,48.58758288310882,9,0,0.0
temperature,core,2026,B0044,J_plus_1,0.05,0.02,18.498194907996236,6,3,0.5
temperature,core,2026,B0048,J_plus_1,0.05,0.02,2.715715598110225,4,0,0.0
temperature,core,2026,B0055,J_plus_1,0.05,0.02,13.822283142759277,6,0,0.0
temperature,core,2026,B0007,J_plus_1,0.05,0.05,48.58758288310882,9,0,0.0
temperature,core,2026,B0044,J_plus_1,0.05,0.05,18.498194907996236,6,0,0.0
temperature,core,2026,B0048,J_plus_1,0.05,0.05,2.715715598110225,4,0,0.0
temperature,core,2026,B0055,J_plus_1,0.05,0.05,13.822283142759277,6,0,0.0
temperature,core,2026,B0007,J_plus_1,0.1,0.0,48.58758288310882,17,0,0.0
temperature,core,2026,B0044,J_plus_1,0.1,0.0,18.498194907996236,12,7,0.5833333333333334
temperature,core,2026,B0048,J_plus_1,0.1,0.0,2.715715598110225,8,2,0.25
temperature,core,2026,B0055,J_plus_1,0.1,0.0,13.822283142759277,11,0,0.0
temperature,core,2026,B0007,J_plus_1,0.1,0.02,48.58758288310882,17,0,0.0
temperature,core,2026,B0044,J_plus_1,0.1,0.02,18.498194907996236,12,3,0.25
temperature,core,2026,B0048,J_plus_1,0.1,0.02,2.715715598110225,8,0,0.0
temperature,core,2026,B0055,J_plus_1,0.1,0.02,13.822283142759277,11,0,0.0
temperature,core,2026,B0007,J_plus_1,0.1,0.05,48.58758288310882,17,0,0.0
temperature,core,2026,B0044,J_plus_1,0.1,0.05,18.498194907996236,12,0,0.0
temperature,core,2026,B0048,J_plus_1,0.1,0.05,2.715715598110225,8,0,0.0
temperature,core,2026,B0055,J_plus_1,0.1,0.05,13.822283142759277,11,0,0.0
temperature,core,2026,B0007,J_plus_1,0.2,0.0,48.58758288310882,34,0,0.0
temperature,core,2026,B0044,J_plus_1,0.2,0.0,18.498194907996236,23,18,0.782608695652174
temperature,core,2026,B0048,J_plus_1,0.2,0.0,2.715715598110225,15,2,0.13333333333333333
temperature,core,2026,B0055,J_plus_1,0.2,0.0,13.822283142759277,21,1,0.047619047619047616
temperature,core,2026,B0007,J_plus_1,0.2,0.02,48.58758288310882,34,0,0.0
temperature,core,2026,B0044,J_plus_1,0.2,0.02,18.498194907996236,23,4,0.17391304347826086
temperature,core,2026,B0048,J_plus_1,0.2,0.02,2.715715598110225,15,0,0.0
temperature,core,2026,B0055,J_plus_1,0.2,0.02,13.822283142759277,21,0,0.0
temperature,core,2026,B0007,J_plus_1,0.2,0.05,48.58758288310882,34,0,0.0
temperature,core,2026,B0044,J_plus_1,0.2,0.05,18.498194907996236,23,0,0.0
temperature,core,2026,B0048,J_plus_1,0.2,0.05,2.715715598110225,15,0,0.0
temperature,core,2026,B0055,J_plus_1,0.2,0.05,13.822283142759277,21,0,0.0
temperature,asym,42,B0007,J,0.05,0.0,52.0885998385651,9,9,1.0
temperature,asym,42,B0044,J,0.05,0.0,20.634193697470714,6,2,0.3333333333333333
temperature,asym,42,B0048,J,0.05,0.0,3.270524543267408,4,4,1.0
temperature,asym,42,B0055,J,0.05,0.0,15.68331418197811,6,6,1.0
temperature,asym,42,B0007,J,0.05,0.02,52.0885998385651,9,5,0.5555555555555556
temperature,asym,42,B0044,J,0.05,0.02,20.634193697470714,6,0,0.0
temperature,asym,42,B0048,J,0.05,0.02,3.270524543267408,4,0,0.0
temperature,asym,42,B0055,J,0.05,0.02,15.68331418197811,6,1,0.16666666666666666
temperature,asym,42,B0007,J,0.05,0.05,52.0885998385651,9,0,0.0
temperature,asym,42,B0044,J,0.05,0.05,20.634193697470714,6,0,0.0
temperature,asym,42,B0048,J,0.05,0.05,3.270524543267408,4,0,0.0
temperature,asym,42,B0055,J,0.05,0.05,15.68331418197811,6,0,0.0
temperature,asym,42,B0007,J,0.1,0.0,52.0885998385651,17,11,0.6470588235294118
temperature,asym,42,B0044,J,0.1,0.0,20.634193697470714,12,2,0.16666666666666666
temperature,asym,42,B0048,J,0.1,0.0,3.270524543267408,8,8,1.0
temperature,asym,42,B0055,J,0.1,0.0,15.68331418197811,11,11,1.0
temperature,asym,42,B0007,J,0.1,0.02,52.0885998385651,17,5,0.29411764705882354
temperature,asym,42,B0044,J,0.1,0.02,20.634193697470714,12,0,0.0
temperature,asym,42,B0048,J,0.1,0.02,3.270524543267408,8,0,0.0
temperature,asym,42,B0055,J,0.1,0.02,15.68331418197811,11,1,0.09090909090909091
temperature,asym,42,B0007,J,0.1,0.05,52.0885998385651,17,0,0.0
temperature,asym,42,B0044,J,0.1,0.05,20.634193697470714,12,0,0.0
temperature,asym,42,B0048,J,0.1,0.05,3.270524543267408,8,0,0.0
temperature,asym,42,B0055,J,0.1,0.05,15.68331418197811,11,0,0.0
temperature,asym,42,B0007,J,0.2,0.0,52.0885998385651,34,11,0.3235294117647059
temperature,asym,42,B0044,J,0.2,0.0,20.634193697470714,23,13,0.5652173913043478
temperature,asym,42,B0048,J,0.2,0.0,3.270524543267408,15,8,0.5333333333333333
temperature,asym,42,B0055,J,0.2,0.0,15.68331418197811,21,21,1.0
temperature,asym,42,B0007,J,0.2,0.02,52.0885998385651,34,5,0.14705882352941177
temperature,asym,42,B0044,J,0.2,0.02,20.634193697470714,23,0,0.0
temperature,asym,42,B0048,J,0.2,0.02,3.270524543267408,15,0,0.0
temperature,asym,42,B0055,J,0.2,0.02,15.68331418197811,21,11,0.5238095238095238
temperature,asym,42,B0007,J,0.2,0.05,52.0885998385651,34,0,0.0
temperature,asym,42,B0044,J,0.2,0.05,20.634193697470714,23,0,0.0
temperature,asym,42,B0048,J,0.2,0.05,3.270524543267408,15,0,0.0
temperature,asym,42,B0055,J,0.2,0.05,15.68331418197811,21,0,0.0
temperature,asym,42,B0007,J_plus_1,0.05,0.0,52.0885998385651,9,9,1.0
temperature,asym,42,B0044,J_plus_1,0.05,0.0,20.634193697470714,6,2,0.3333333333333333
temperature,asym,42,B0048,J_plus_1,0.05,0.0,3.270524543267408,4,4,1.0
temperature,asym,42,B0055,J_plus_1,0.05,0.0,15.68331418197811,6,6,1.0
temperature,asym,42,B0007,J_plus_1,0.05,0.02,52.0885998385651,9,5,0.5555555555555556
temperature,asym,42,B0044,J_plus_1,0.05,0.02,20.634193697470714,6,0,0.0
temperature,asym,42,B0048,J_plus_1,0.05,0.02,3.270524543267408,4,0,0.0
temperature,asym,42,B0055,J_plus_1,0.05,0.02,15.68331418197811,6,1,0.16666666666666666
temperature,asym,42,B0007,J_plus_1,0.05,0.05,52.0885998385651,9,0,0.0
temperature,asym,42,B0044,J_plus_1,0.05,0.05,20.634193697470714,6,0,0.0
temperature,asym,42,B0048,J_plus_1,0.05,0.05,3.270524543267408,4,0,0.0
temperature,asym,42,B0055,J_plus_1,0.05,0.05,15.68331418197811,6,0,0.0
temperature,asym,42,B0007,J_plus_1,0.1,0.0,52.0885998385651,17,11,0.6470588235294118
temperature,asym,42,B0044,J_plus_1,0.1,0.0,20.634193697470714,12,2,0.16666666666666666
temperature,asym,42,B0048,J_plus_1,0.1,0.0,3.270524543267408,8,8,1.0
temperature,asym,42,B0055,J_plus_1,0.1,0.0,15.68331418197811,11,11,1.0
temperature,asym,42,B0007,J_plus_1,0.1,0.02,52.0885998385651,17,5,0.29411764705882354
temperature,asym,42,B0044,J_plus_1,0.1,0.02,20.634193697470714,12,0,0.0
temperature,asym,42,B0048,J_plus_1,0.1,0.02,3.270524543267408,8,0,0.0
temperature,asym,42,B0055,J_plus_1,0.1,0.02,15.68331418197811,11,1,0.09090909090909091
temperature,asym,42,B0007,J_plus_1,0.1,0.05,52.0885998385651,17,0,0.0
temperature,asym,42,B0044,J_plus_1,0.1,0.05,20.634193697470714,12,0,0.0
temperature,asym,42,B0048,J_plus_1,0.1,0.05,3.270524543267408,8,0,0.0
temperature,asym,42,B0055,J_plus_1,0.1,0.05,15.68331418197811,11,0,0.0
temperature,asym,42,B0007,J_plus_1,0.2,0.0,52.0885998385651,34,11,0.3235294117647059
temperature,asym,42,B0044,J_plus_1,0.2,0.0,20.634193697470714,23,13,0.5652173913043478
temperature,asym,42,B0048,J_plus_1,0.2,0.0,3.270524543267408,15,8,0.5333333333333333
temperature,asym,42,B0055,J_plus_1,0.2,0.0,15.68331418197811,21,21,1.0
temperature,asym,42,B0007,J_plus_1,0.2,0.02,52.0885998385651,34,5,0.14705882352941177
temperature,asym,42,B0044,J_plus_1,0.2,0.02,20.634193697470714,23,0,0.0
temperature,asym,42,B0048,J_plus_1,0.2,0.02,3.270524543267408,15,0,0.0
temperature,asym,42,B0055,J_plus_1,0.2,0.02,15.68331418197811,21,11,0.5238095238095238
temperature,asym,42,B0007,J_plus_1,0.2,0.05,52.0885998385651,34,0,0.0
temperature,asym,42,B0044,J_plus_1,0.2,0.05,20.634193697470714,23,0,0.0
temperature,asym,42,B0048,J_plus_1,0.2,0.05,3.270524543267408,15,0,0.0
temperature,asym,42,B0055,J_plus_1,0.2,0.05,15.68331418197811,21,0,0.0
temperature,asym,123,B0007,J,0.05,0.0,52.12902651368914,9,9,1.0
temperature,asym,123,B0044,J,0.05,0.0,21.15201684213202,6,1,0.16666666666666666
temperature,asym,123,B0048,J,0.05,0.0,3.7203610982644837,4,4,1.0
temperature,asym,123,B0055,J,0.05,0.0,16.439621386068804,6,6,1.0
temperature,asym,123,B0007,J,0.05,0.02,52.12902651368914,9,9,1.0
temperature,asym,123,B0044,J,0.05,0.02,21.15201684213202,6,0,0.0
temperature,asym,123,B0048,J,0.05,0.02,3.7203610982644837,4,4,1.0
temperature,asym,123,B0055,J,0.05,0.02,16.439621386068804,6,6,1.0
temperature,asym,123,B0007,J,0.05,0.05,52.12902651368914,9,9,1.0
temperature,asym,123,B0044,J,0.05,0.05,21.15201684213202,6,0,0.0
temperature,asym,123,B0048,J,0.05,0.05,3.7203610982644837,4,0,0.0
temperature,asym,123,B0055,J,0.05,0.05,16.439621386068804,6,6,1.0
temperature,asym,123,B0007,J,0.1,0.0,52.12902651368914,17,17,1.0
temperature,asym,123,B0044,J,0.1,0.0,21.15201684213202,12,1,0.08333333333333333
temperature,asym,123,B0048,J,0.1,0.0,3.7203610982644837,8,8,1.0
temperature,asym,123,B0055,J,0.1,0.0,16.439621386068804,11,11,1.0
temperature,asym,123,B0007,J,0.1,0.02,52.12902651368914,17,17,1.0
temperature,asym,123,B0044,J,0.1,0.02,21.15201684213202,12,0,0.0
temperature,asym,123,B0048,J,0.1,0.02,3.7203610982644837,8,4,0.5
temperature,asym,123,B0055,J,0.1,0.02,16.439621386068804,11,11,1.0
temperature,asym,123,B0007,J,0.1,0.05,52.12902651368914,17,17,1.0
temperature,asym,123,B0044,J,0.1,0.05,21.15201684213202,12,0,0.0
temperature,asym,123,B0048,J,0.1,0.05,3.7203610982644837,8,0,0.0
temperature,asym,123,B0055,J,0.1,0.05,16.439621386068804,11,11,1.0
temperature,asym,123,B0007,J,0.2,0.0,52.12902651368914,34,31,0.9117647058823529
temperature,asym,123,B0044,J,0.2,0.0,21.15201684213202,23,6,0.2608695652173913
temperature,asym,123,B0048,J,0.2,0.0,3.7203610982644837,15,11,0.7333333333333333
temperature,asym,123,B0055,J,0.2,0.0,16.439621386068804,21,21,1.0
temperature,asym,123,B0007,J,0.2,0.02,52.12902651368914,34,29,0.8529411764705882
temperature,asym,123,B0044,J,0.2,0.02,21.15201684213202,23,0,0.0
temperature,asym,123,B0048,J,0.2,0.02,3.7203610982644837,15,4,0.26666666666666666
temperature,asym,123,B0055,J,0.2,0.02,16.439621386068804,21,21,1.0
temperature,asym,123,B0007,J,0.2,0.05,52.12902651368914,34,21,0.6176470588235294
temperature,asym,123,B0044,J,0.2,0.05,21.15201684213202,23,0,0.0
temperature,asym,123,B0048,J,0.2,0.05,3.7203610982644837,15,0,0.0
temperature,asym,123,B0055,J,0.2,0.05,16.439621386068804,21,21,1.0
temperature,asym,123,B0007,J_plus_1,0.05,0.0,52.12902651368914,9,9,1.0
temperature,asym,123,B0044,J_plus_1,0.05,0.0,21.15201684213202,6,1,0.16666666666666666
temperature,asym,123,B0048,J_plus_1,0.05,0.0,3.7203610982644837,4,4,1.0
temperature,asym,123,B0055,J_plus_1,0.05,0.0,16.439621386068804,6,6,1.0
temperature,asym,123,B0007,J_plus_1,0.05,0.02,52.12902651368914,9,9,1.0
temperature,asym,123,B0044,J_plus_1,0.05,0.02,21.15201684213202,6,0,0.0
temperature,asym,123,B0048,J_plus_1,0.05,0.02,3.7203610982644837,4,4,1.0
temperature,asym,123,B0055,J_plus_1,0.05,0.02,16.439621386068804,6,6,1.0
temperature,asym,123,B0007,J_plus_1,0.05,0.05,52.12902651368914,9,9,1.0
temperature,asym,123,B0044,J_plus_1,0.05,0.05,21.15201684213202,6,0,0.0
temperature,asym,123,B0048,J_plus_1,0.05,0.05,3.7203610982644837,4,0,0.0
temperature,asym,123,B0055,J_plus_1,0.05,0.05,16.439621386068804,6,6,1.0
temperature,asym,123,B0007,J_plus_1,0.1,0.0,52.12902651368914,17,17,1.0
temperature,asym,123,B0044,J_plus_1,0.1,0.0,21.15201684213202,12,1,0.08333333333333333
temperature,asym,123,B0048,J_plus_1,0.1,0.0,3.7203610982644837,8,8,1.0
temperature,asym,123,B0055,J_plus_1,0.1,0.0,16.439621386068804,11,11,1.0
temperature,asym,123,B0007,J_plus_1,0.1,0.02,52.12902651368914,17,17,1.0
temperature,asym,123,B0044,J_plus_1,0.1,0.02,21.15201684213202,12,0,0.0
temperature,asym,123,B0048,J_plus_1,0.1,0.02,3.7203610982644837,8,4,0.5
temperature,asym,123,B0055,J_plus_1,0.1,0.02,16.439621386068804,11,11,1.0
temperature,asym,123,B0007,J_plus_1,0.1,0.05,52.12902651368914,17,17,1.0
temperature,asym,123,B0044,J_plus_1,0.1,0.05,21.15201684213202,12,0,0.0
temperature,asym,123,B0048,J_plus_1,0.1,0.05,3.7203610982644837,8,0,0.0
temperature,asym,123,B0055,J_plus_1,0.1,0.05,16.439621386068804,11,11,1.0
temperature,asym,123,B0007,J_plus_1,0.2,0.0,52.12902651368914,34,31,0.9117647058823529
temperature,asym,123,B0044,J_plus_1,0.2,0.0,21.15201684213202,23,6,0.2608695652173913
temperature,asym,123,B0048,J_plus_1,0.2,0.0,3.7203610982644837,15,11,0.7333333333333333
temperature,asym,123,B0055,J_plus_1,0.2,0.0,16.439621386068804,21,21,1.0
temperature,asym,123,B0007,J_plus_1,0.2,0.02,52.12902651368914,34,29,0.8529411764705882
temperature,asym,123,B0044,J_plus_1,0.2,0.02,21.15201684213202,23,0,0.0
temperature,asym,123,B0048,J_plus_1,0.2,0.02,3.7203610982644837,15,4,0.26666666666666666
temperature,asym,123,B0055,J_plus_1,0.2,0.02,16.439621386068804,21,21,1.0
temperature,asym,123,B0007,J_plus_1,0.2,0.05,52.12902651368914,34,21,0.6176470588235294
temperature,asym,123,B0044,J_plus_1,0.2,0.05,21.15201684213202,23,0,0.0
temperature,asym,123,B0048,J_plus_1,0.2,0.05,3.7203610982644837,15,0,0.0
temperature,asym,123,B0055,J_plus_1,0.2,0.05,16.439621386068804,21,21,1.0
temperature,asym,2024,B0007,J,0.05,0.0,49.97622284196299,9,9,1.0
temperature,asym,2024,B0044,J,0.05,0.0,19.629495113735807,6,4,0.6666666666666666
temperature,asym,2024,B0048,J,0.05,0.0,2.8198684027627627,4,4,1.0
temperature,asym,2024,B0055,J,0.05,0.0,14.4092807879208,6,1,0.16666666666666666
temperature,asym,2024,B0007,J,0.05,0.02,49.97622284196299,9,9,1.0
temperature,asym,2024,B0044,J,0.05,0.02,19.629495113735807,6,2,0.3333333333333333
temperature,asym,2024,B0048,J,0.05,0.02,2.8198684027627627,4,4,1.0
temperature,asym,2024,B0055,J,0.05,0.02,14.4092807879208,6,0,0.0
temperature,asym,2024,B0007,J,0.05,0.05,49.97622284196299,9,1,0.1111111111111111
temperature,asym,2024,B0044,J,0.05,0.05,19.629495113735807,6,0,0.0
temperature,asym,2024,B0048,J,0.05,0.05,2.8198684027627627,4,2,0.5
temperature,asym,2024,B0055,J,0.05,0.05,14.4092807879208,6,0,0.0
temperature,asym,2024,B0007,J,0.1,0.0,49.97622284196299,17,16,0.9411764705882353
temperature,asym,2024,B0044,J,0.1,0.0,19.629495113735807,12,10,0.8333333333333334
temperature,asym,2024,B0048,J,0.1,0.0,2.8198684027627627,8,8,1.0
temperature,asym,2024,B0055,J,0.1,0.0,14.4092807879208,11,1,0.09090909090909091
temperature,asym,2024,B0007,J,0.1,0.02,49.97622284196299,17,12,0.7058823529411765
temperature,asym,2024,B0044,J,0.1,0.02,19.629495113735807,12,2,0.16666666666666666
temperature,asym,2024,B0048,J,0.1,0.02,2.8198684027627627,8,8,1.0
temperature,asym,2024,B0055,J,0.1,0.02,14.4092807879208,11,0,0.0
temperature,asym,2024,B0007,J,0.1,0.05,49.97622284196299,17,1,0.058823529411764705
temperature,asym,2024,B0044,J,0.1,0.05,19.629495113735807,12,0,0.0
temperature,asym,2024,B0048,J,0.1,0.05,2.8198684027627627,8,2,0.25
temperature,asym,2024,B0055,J,0.1,0.05,14.4092807879208,11,0,0.0
temperature,asym,2024,B0007,J,0.2,0.0,49.97622284196299,34,19,0.5588235294117647
temperature,asym,2024,B0044,J,0.2,0.0,19.629495113735807,23,21,0.9130434782608695
temperature,asym,2024,B0048,J,0.2,0.0,2.8198684027627627,15,15,1.0
temperature,asym,2024,B0055,J,0.2,0.0,14.4092807879208,21,1,0.047619047619047616
temperature,asym,2024,B0007,J,0.2,0.02,49.97622284196299,34,12,0.35294117647058826
temperature,asym,2024,B0044,J,0.2,0.02,19.629495113735807,23,11,0.4782608695652174
temperature,asym,2024,B0048,J,0.2,0.02,2.8198684027627627,15,15,1.0
temperature,asym,2024,B0055,J,0.2,0.02,14.4092807879208,21,0,0.0
temperature,asym,2024,B0007,J,0.2,0.05,49.97622284196299,34,1,0.029411764705882353
temperature,asym,2024,B0044,J,0.2,0.05,19.629495113735807,23,2,0.08695652173913043
temperature,asym,2024,B0048,J,0.2,0.05,2.8198684027627627,15,2,0.13333333333333333
temperature,asym,2024,B0055,J,0.2,0.05,14.4092807879208,21,0,0.0
temperature,asym,2024,B0007,J_plus_1,0.05,0.0,49.97622284196299,9,9,1.0
temperature,asym,2024,B0044,J_plus_1,0.05,0.0,19.629495113735807,6,4,0.6666666666666666
temperature,asym,2024,B0048,J_plus_1,0.05,0.0,2.8198684027627627,4,4,1.0
temperature,asym,2024,B0055,J_plus_1,0.05,0.0,14.4092807879208,6,1,0.16666666666666666
temperature,asym,2024,B0007,J_plus_1,0.05,0.02,49.97622284196299,9,9,1.0
temperature,asym,2024,B0044,J_plus_1,0.05,0.02,19.629495113735807,6,2,0.3333333333333333
temperature,asym,2024,B0048,J_plus_1,0.05,0.02,2.8198684027627627,4,4,1.0
temperature,asym,2024,B0055,J_plus_1,0.05,0.02,14.4092807879208,6,0,0.0
temperature,asym,2024,B0007,J_plus_1,0.05,0.05,49.97622284196299,9,1,0.1111111111111111
temperature,asym,2024,B0044,J_plus_1,0.05,0.05,19.629495113735807,6,0,0.0
temperature,asym,2024,B0048,J_plus_1,0.05,0.05,2.8198684027627627,4,2,0.5
temperature,asym,2024,B0055,J_plus_1,0.05,0.05,14.4092807879208,6,0,0.0
temperature,asym,2024,B0007,J_plus_1,0.1,0.0,49.97622284196299,17,16,0.9411764705882353
temperature,asym,2024,B0044,J_plus_1,0.1,0.0,19.629495113735807,12,10,0.8333333333333334
temperature,asym,2024,B0048,J_plus_1,0.1,0.0,2.8198684027627627,8,8,1.0
temperature,asym,2024,B0055,J_plus_1,0.1,0.0,14.4092807879208,11,1,0.09090909090909091
temperature,asym,2024,B0007,J_plus_1,0.1,0.02,49.97622284196299,17,12,0.7058823529411765
temperature,asym,2024,B0044,J_plus_1,0.1,0.02,19.629495113735807,12,2,0.16666666666666666
temperature,asym,2024,B0048,J_plus_1,0.1,0.02,2.8198684027627627,8,8,1.0
temperature,asym,2024,B0055,J_plus_1,0.1,0.02,14.4092807879208,11,0,0.0
temperature,asym,2024,B0007,J_plus_1,0.1,0.05,49.97622284196299,17,1,0.058823529411764705
temperature,asym,2024,B0044,J_plus_1,0.1,0.05,19.629495113735807,12,0,0.0
temperature,asym,2024,B0048,J_plus_1,0.1,0.05,2.8198684027627627,8,2,0.25
temperature,asym,2024,B0055,J_plus_1,0.1,0.05,14.4092807879208,11,0,0.0
temperature,asym,2024,B0007,J_plus_1,0.2,0.0,49.97622284196299,34,19,0.5588235294117647
temperature,asym,2024,B0044,J_plus_1,0.2,0.0,19.629495113735807,23,21,0.9130434782608695
temperature,asym,2024,B0048,J_plus_1,0.2,0.0,2.8198684027627627,15,15,1.0
temperature,asym,2024,B0055,J_plus_1,0.2,0.0,14.4092807879208,21,1,0.047619047619047616
temperature,asym,2024,B0007,J_plus_1,0.2,0.02,49.97622284196299,34,12,0.35294117647058826
temperature,asym,2024,B0044,J_plus_1,0.2,0.02,19.629495113735807,23,11,0.4782608695652174
temperature,asym,2024,B0048,J_plus_1,0.2,0.02,2.8198684027627627,15,15,1.0
temperature,asym,2024,B0055,J_plus_1,0.2,0.02,14.4092807879208,21,0,0.0
temperature,asym,2024,B0007,J_plus_1,0.2,0.05,49.97622284196299,34,1,0.029411764705882353
temperature,asym,2024,B0044,J_plus_1,0.2,0.05,19.629495113735807,23,2,0.08695652173913043
temperature,asym,2024,B0048,J_plus_1,0.2,0.05,2.8198684027627627,15,2,0.13333333333333333
temperature,asym,2024,B0055,J_plus_1,0.2,0.05,14.4092807879208,21,0,0.0
temperature,asym,2025,B0007,J,0.05,0.0,50.845968344124,9,7,0.7777777777777778
temperature,asym,2025,B0044,J,0.05,0.0,20.243820949596422,6,3,0.5
temperature,asym,2025,B0048,J,0.05,0.0,5.212554562243846,4,2,0.5
temperature,asym,2025,B0055,J,0.05,0.0,14.939734004189724,6,2,0.3333333333333333
temperature,asym,2025,B0007,J,0.05,0.02,50.845968344124,9,2,0.2222222222222222
temperature,asym,2025,B0044,J,0.05,0.02,20.243820949596422,6,1,0.16666666666666666
temperature,asym,2025,B0048,J,0.05,0.02,5.212554562243846,4,1,0.25
temperature,asym,2025,B0055,J,0.05,0.02,14.939734004189724,6,0,0.0
temperature,asym,2025,B0007,J,0.05,0.05,50.845968344124,9,0,0.0
temperature,asym,2025,B0044,J,0.05,0.05,20.243820949596422,6,0,0.0
temperature,asym,2025,B0048,J,0.05,0.05,5.212554562243846,4,0,0.0
temperature,asym,2025,B0055,J,0.05,0.05,14.939734004189724,6,0,0.0
temperature,asym,2025,B0007,J,0.1,0.0,50.845968344124,17,7,0.4117647058823529
temperature,asym,2025,B0044,J,0.1,0.0,20.243820949596422,12,3,0.25
temperature,asym,2025,B0048,J,0.1,0.0,5.212554562243846,8,2,0.25
temperature,asym,2025,B0055,J,0.1,0.0,14.939734004189724,11,2,0.18181818181818182
temperature,asym,2025,B0007,J,0.1,0.02,50.845968344124,17,2,0.11764705882352941
temperature,asym,2025,B0044,J,0.1,0.02,20.243820949596422,12,1,0.08333333333333333
temperature,asym,2025,B0048,J,0.1,0.02,5.212554562243846,8,1,0.125
temperature,asym,2025,B0055,J,0.1,0.02,14.939734004189724,11,0,0.0
temperature,asym,2025,B0007,J,0.1,0.05,50.845968344124,17,0,0.0
temperature,asym,2025,B0044,J,0.1,0.05,20.243820949596422,12,0,0.0
temperature,asym,2025,B0048,J,0.1,0.05,5.212554562243846,8,0,0.0
temperature,asym,2025,B0055,J,0.1,0.05,14.939734004189724,11,0,0.0
temperature,asym,2025,B0007,J,0.2,0.0,50.845968344124,34,7,0.20588235294117646
temperature,asym,2025,B0044,J,0.2,0.0,20.243820949596422,23,14,0.6086956521739131
temperature,asym,2025,B0048,J,0.2,0.0,5.212554562243846,15,2,0.13333333333333333
temperature,asym,2025,B0055,J,0.2,0.0,14.939734004189724,21,6,0.2857142857142857
temperature,asym,2025,B0007,J,0.2,0.02,50.845968344124,34,2,0.058823529411764705
temperature,asym,2025,B0044,J,0.2,0.02,20.243820949596422,23,5,0.21739130434782608
temperature,asym,2025,B0048,J,0.2,0.02,5.212554562243846,15,1,0.06666666666666667
temperature,asym,2025,B0055,J,0.2,0.02,14.939734004189724,21,1,0.047619047619047616
temperature,asym,2025,B0007,J,0.2,0.05,50.845968344124,34,0,0.0
temperature,asym,2025,B0044,J,0.2,0.05,20.243820949596422,23,0,0.0
temperature,asym,2025,B0048,J,0.2,0.05,5.212554562243846,15,0,0.0
temperature,asym,2025,B0055,J,0.2,0.05,14.939734004189724,21,0,0.0
temperature,asym,2025,B0007,J_plus_1,0.05,0.0,50.845968344124,9,7,0.7777777777777778
temperature,asym,2025,B0044,J_plus_1,0.05,0.0,20.243820949596422,6,3,0.5
temperature,asym,2025,B0048,J_plus_1,0.05,0.0,5.212554562243846,4,2,0.5
temperature,asym,2025,B0055,J_plus_1,0.05,0.0,14.939734004189724,6,2,0.3333333333333333
temperature,asym,2025,B0007,J_plus_1,0.05,0.02,50.845968344124,9,2,0.2222222222222222
temperature,asym,2025,B0044,J_plus_1,0.05,0.02,20.243820949596422,6,1,0.16666666666666666
temperature,asym,2025,B0048,J_plus_1,0.05,0.02,5.212554562243846,4,1,0.25
temperature,asym,2025,B0055,J_plus_1,0.05,0.02,14.939734004189724,6,0,0.0
temperature,asym,2025,B0007,J_plus_1,0.05,0.05,50.845968344124,9,0,0.0
temperature,asym,2025,B0044,J_plus_1,0.05,0.05,20.243820949596422,6,0,0.0
temperature,asym,2025,B0048,J_plus_1,0.05,0.05,5.212554562243846,4,0,0.0
temperature,asym,2025,B0055,J_plus_1,0.05,0.05,14.939734004189724,6,0,0.0
temperature,asym,2025,B0007,J_plus_1,0.1,0.0,50.845968344124,17,7,0.4117647058823529
temperature,asym,2025,B0044,J_plus_1,0.1,0.0,20.243820949596422,12,3,0.25
temperature,asym,2025,B0048,J_plus_1,0.1,0.0,5.212554562243846,8,2,0.25
temperature,asym,2025,B0055,J_plus_1,0.1,0.0,14.939734004189724,11,2,0.18181818181818182
temperature,asym,2025,B0007,J_plus_1,0.1,0.02,50.845968344124,17,2,0.11764705882352941
temperature,asym,2025,B0044,J_plus_1,0.1,0.02,20.243820949596422,12,1,0.08333333333333333
temperature,asym,2025,B0048,J_plus_1,0.1,0.02,5.212554562243846,8,1,0.125
temperature,asym,2025,B0055,J_plus_1,0.1,0.02,14.939734004189724,11,0,0.0
temperature,asym,2025,B0007,J_plus_1,0.1,0.05,50.845968344124,17,0,0.0
temperature,asym,2025,B0044,J_plus_1,0.1,0.05,20.243820949596422,12,0,0.0
temperature,asym,2025,B0048,J_plus_1,0.1,0.05,5.212554562243846,8,0,0.0
temperature,asym,2025,B0055,J_plus_1,0.1,0.05,14.939734004189724,11,0,0.0
temperature,asym,2025,B0007,J_plus_1,0.2,0.0,50.845968344124,34,7,0.20588235294117646
temperature,asym,2025,B0044,J_plus_1,0.2,0.0,20.243820949596422,23,14,0.6086956521739131
temperature,asym,2025,B0048,J_plus_1,0.2,0.0,5.212554562243846,15,2,0.13333333333333333
temperature,asym,2025,B0055,J_plus_1,0.2,0.0,14.939734004189724,21,6,0.2857142857142857
temperature,asym,2025,B0007,J_plus_1,0.2,0.02,50.845968344124,34,2,0.058823529411764705
temperature,asym,2025,B0044,J_plus_1,0.2,0.02,20.243820949596422,23,5,0.21739130434782608
temperature,asym,2025,B0048,J_plus_1,0.2,0.02,5.212554562243846,15,1,0.06666666666666667
temperature,asym,2025,B0055,J_plus_1,0.2,0.02,14.939734004189724,21,1,0.047619047619047616
temperature,asym,2025,B0007,J_plus_1,0.2,0.05,50.845968344124,34,0,0.0
temperature,asym,2025,B0044,J_plus_1,0.2,0.05,20.243820949596422,23,0,0.0
temperature,asym,2025,B0048,J_plus_1,0.2,0.05,5.212554562243846,15,0,0.0
temperature,asym,2025,B0055,J_plus_1,0.2,0.05,14.939734004189724,21,0,0.0
temperature,asym,2026,B0007,J,0.05,0.0,58.96043330649704,9,9,1.0
temperature,asym,2026,B0044,J,0.05,0.0,27.287531605959266,6,4,0.6666666666666666
temperature,asym,2026,B0048,J,0.05,0.0,7.0999827230844685,4,4,1.0
temperature,asym,2026,B0055,J,0.05,0.0,22.011287117877274,6,6,1.0
temperature,asym,2026,B0007,J,0.05,0.02,58.96043330649704,9,9,1.0
temperature,asym,2026,B0044,J,0.05,0.02,27.287531605959266,6,2,0.3333333333333333
temperature,asym,2026,B0048,J,0.05,0.02,7.0999827230844685,4,2,0.5
temperature,asym,2026,B0055,J,0.05,0.02,22.011287117877274,6,6,1.0
temperature,asym,2026,B0007,J,0.05,0.05,58.96043330649704,9,4,0.4444444444444444
temperature,asym,2026,B0044,J,0.05,0.05,27.287531605959266,6,0,0.0
temperature,asym,2026,B0048,J,0.05,0.05,7.0999827230844685,4,0,0.0
temperature,asym,2026,B0055,J,0.05,0.05,22.011287117877274,6,6,1.0
temperature,asym,2026,B0007,J,0.1,0.0,58.96043330649704,17,15,0.8823529411764706
temperature,asym,2026,B0044,J,0.1,0.0,27.287531605959266,12,9,0.75
temperature,asym,2026,B0048,J,0.1,0.0,7.0999827230844685,8,4,0.5
temperature,asym,2026,B0055,J,0.1,0.0,22.011287117877274,11,11,1.0
temperature,asym,2026,B0007,J,0.1,0.02,58.96043330649704,17,11,0.6470588235294118
temperature,asym,2026,B0044,J,0.1,0.02,27.287531605959266,12,2,0.16666666666666666
temperature,asym,2026,B0048,J,0.1,0.02,7.0999827230844685,8,2,0.25
temperature,asym,2026,B0055,J,0.1,0.02,22.011287117877274,11,11,1.0
temperature,asym,2026,B0007,J,0.1,0.05,58.96043330649704,17,4,0.23529411764705882
temperature,asym,2026,B0044,J,0.1,0.05,27.287531605959266,12,0,0.0
temperature,asym,2026,B0048,J,0.1,0.05,7.0999827230844685,8,0,0.0
temperature,asym,2026,B0055,J,0.1,0.05,22.011287117877274,11,6,0.5454545454545454
temperature,asym,2026,B0007,J,0.2,0.0,58.96043330649704,34,15,0.4411764705882353
temperature,asym,2026,B0044,J,0.2,0.0,27.287531605959266,23,20,0.8695652173913043
temperature,asym,2026,B0048,J,0.2,0.0,7.0999827230844685,15,4,0.26666666666666666
temperature,asym,2026,B0055,J,0.2,0.0,22.011287117877274,21,21,1.0
temperature,asym,2026,B0007,J,0.2,0.02,58.96043330649704,34,11,0.3235294117647059
temperature,asym,2026,B0044,J,0.2,0.02,27.287531605959266,23,11,0.4782608695652174
temperature,asym,2026,B0048,J,0.2,0.02,7.0999827230844685,15,2,0.13333333333333333
temperature,asym,2026,B0055,J,0.2,0.02,22.011287117877274,21,15,0.7142857142857143
temperature,asym,2026,B0007,J,0.2,0.05,58.96043330649704,34,4,0.11764705882352941
temperature,asym,2026,B0044,J,0.2,0.05,27.287531605959266,23,0,0.0
temperature,asym,2026,B0048,J,0.2,0.05,7.0999827230844685,15,0,0.0
temperature,asym,2026,B0055,J,0.2,0.05,22.011287117877274,21,6,0.2857142857142857
temperature,asym,2026,B0007,J_plus_1,0.05,0.0,58.96043330649704,9,9,1.0
temperature,asym,2026,B0044,J_plus_1,0.05,0.0,27.287531605959266,6,4,0.6666666666666666
temperature,asym,2026,B0048,J_plus_1,0.05,0.0,7.0999827230844685,4,4,1.0
temperature,asym,2026,B0055,J_plus_1,0.05,0.0,22.011287117877274,6,6,1.0
temperature,asym,2026,B0007,J_plus_1,0.05,0.02,58.96043330649704,9,9,1.0
temperature,asym,2026,B0044,J_plus_1,0.05,0.02,27.287531605959266,6,2,0.3333333333333333
temperature,asym,2026,B0048,J_plus_1,0.05,0.02,7.0999827230844685,4,2,0.5
temperature,asym,2026,B0055,J_plus_1,0.05,0.02,22.011287117877274,6,6,1.0
temperature,asym,2026,B0007,J_plus_1,0.05,0.05,58.96043330649704,9,4,0.4444444444444444
temperature,asym,2026,B0044,J_plus_1,0.05,0.05,27.287531605959266,6,0,0.0
temperature,asym,2026,B0048,J_plus_1,0.05,0.05,7.0999827230844685,4,0,0.0
temperature,asym,2026,B0055,J_plus_1,0.05,0.05,22.011287117877274,6,6,1.0
temperature,asym,2026,B0007,J_plus_1,0.1,0.0,58.96043330649704,17,15,0.8823529411764706
temperature,asym,2026,B0044,J_plus_1,0.1,0.0,27.287531605959266,12,9,0.75
temperature,asym,2026,B0048,J_plus_1,0.1,0.0,7.0999827230844685,8,4,0.5
temperature,asym,2026,B0055,J_plus_1,0.1,0.0,22.011287117877274,11,11,1.0
temperature,asym,2026,B0007,J_plus_1,0.1,0.02,58.96043330649704,17,11,0.6470588235294118
temperature,asym,2026,B0044,J_plus_1,0.1,0.02,27.287531605959266,12,2,0.16666666666666666
temperature,asym,2026,B0048,J_plus_1,0.1,0.02,7.0999827230844685,8,2,0.25
temperature,asym,2026,B0055,J_plus_1,0.1,0.02,22.011287117877274,11,11,1.0
temperature,asym,2026,B0007,J_plus_1,0.1,0.05,58.96043330649704,17,4,0.23529411764705882
temperature,asym,2026,B0044,J_plus_1,0.1,0.05,27.287531605959266,12,0,0.0
temperature,asym,2026,B0048,J_plus_1,0.1,0.05,7.0999827230844685,8,0,0.0
temperature,asym,2026,B0055,J_plus_1,0.1,0.05,22.011287117877274,11,6,0.5454545454545454
temperature,asym,2026,B0007,J_plus_1,0.2,0.0,58.96043330649704,34,15,0.4411764705882353
temperature,asym,2026,B0044,J_plus_1,0.2,0.0,27.287531605959266,23,20,0.8695652173913043
temperature,asym,2026,B0048,J_plus_1,0.2,0.0,7.0999827230844685,15,4,0.26666666666666666
temperature,asym,2026,B0055,J_plus_1,0.2,0.0,22.011287117877274,21,21,1.0
temperature,asym,2026,B0007,J_plus_1,0.2,0.02,58.96043330649704,34,11,0.3235294117647059
temperature,asym,2026,B0044,J_plus_1,0.2,0.02,27.287531605959266,23,11,0.4782608695652174
temperature,asym,2026,B0048,J_plus_1,0.2,0.02,7.0999827230844685,15,2,0.13333333333333333
temperature,asym,2026,B0055,J_plus_1,0.2,0.02,22.011287117877274,21,14,0.6666666666666666
temperature,asym,2026,B0007,J_plus_1,0.2,0.05,58.96043330649704,34,4,0.11764705882352941
temperature,asym,2026,B0044,J_plus_1,0.2,0.05,27.287531605959266,23,0,0.0
temperature,asym,2026,B0048,J_plus_1,0.2,0.05,7.0999827230844685,15,0,0.0
temperature,asym,2026,B0055,J_plus_1,0.2,0.05,22.011287117877274,21,6,0.2857142857142857
