subset,seed,left_point,right_point,maintenance_lead_cycles,late_to_early_cost_ratio,independent_unit,design_role,left_service_rate,right_service_rate,delta_service_rate,left_false_late_rate,right_false_late_rate,delta_false_late_rate,left_false_early_rate,right_false_early_rate,delta_false_early_rate,left_decision_cost_per_engine,right_decision_cost_per_engine,delta_decision_cost_per_engine,action_disagreement_rate,n_engines
FD001,42,asym,rast,10.0,2.0,test engine endpoint,post-result exploratory static maintenance-triage sensitivity,0.09,0.1,-0.010000000000000009,0.0,0.0,0.0,0.02,0.03,-0.009999999999999998,0.02,0.03,-0.009999999999999998,0.01,100
FD001,42,core,rast,10.0,2.0,test engine endpoint,post-result exploratory static maintenance-triage sensitivity,0.08,0.1,-0.020000000000000004,0.0,0.0,0.0,0.01,0.03,-0.019999999999999997,0.01,0.03,-0.019999999999999997,0.02,100
FD001,42,asym,core,10.0,2.0,test engine endpoint,post-result exploratory static maintenance-triage sensitivity,0.09,0.08,0.009999999999999995,0.0,0.0,0.0,0.02,0.01,0.01,0.02,0.01,0.01,0.01,100
FD001,42,asym,rast,10.0,5.0,test engine endpoint,post-result exploratory static maintenance-triage sensitivity,0.09,0.1,-0.010000000000000009,0.0,0.0,0.0,0.02,0.03,-0.009999999999999998,0.02,0.03,-0.009999999999999998,0.01,100
FD001,42,core,rast,10.0,5.0,test engine endpoint,post-result exploratory static maintenance-triage sensitivity,0.08,0.1,-0.020000000000000004,0.0,0.0,0.0,0.01,0.03,-0.019999999999999997,0.01,0.03,-0.019999999999999997,0.02,100
FD001,42,asym,core,10.0,5.0,test engine endpoint,post-result exploratory static maintenance-triage sensitivity,0.09,0.08,0.009999999999999995,0.0,0.0,0.0,0.02,0.01,0.01,0.02,0.01,0.01,0.01,100
FD001,42,asym,rast,10.0,10.0,test engine endpoint,post-result exploratory static maintenance-triage sensitivity,0.09,0.1,-0.010000000000000009,0.0,0.0,0.0,0.02,0.03,-0.009999999999999998,0.02,0.03,-0.009999999999999998,0.01,100
FD001,42,core,rast,10.0,10.0,test engine endpoint,post-result exploratory static maintenance-triage sensitivity,0.08,0.1,-0.020000000000000004,0.0,0.0,0.0,0.01,0.03,-0.019999999999999997,0.01,0.03,-0.019999999999999997,0.02,100
FD001,42,asym,core,10.0,10.0,test engine endpoint,post-result exploratory static maintenance-triage sensitivity,0.09,0.08,0.009999999999999995,0.0,0.0,0.0,0.02,0.01,0.01,0.02,0.01,0.01,0.01,100
FD001,42,asym,rast,20.0,2.0,test engine endpoint,post-result exploratory static maintenance-triage sensitivity,0.21,0.2,0.009999999999999981,0.0,0.0,0.0,0.05,0.04,0.010000000000000002,0.05,0.04,0.010000000000000002,0.01,100
FD001,42,core,rast,20.0,2.0,test engine endpoint,post-result exploratory static maintenance-triage sensitivity,0.18,0.2,-0.020000000000000018,0.01,0.0,0.01,0.03,0.04,-0.010000000000000002,0.05,0.04,0.010000000000000002,0.02,100
FD001,42,asym,core,20.0,2.0,test engine endpoint,post-result exploratory static maintenance-triage sensitivity,0.21,0.18,0.03,0.0,0.01,-0.01,0.05,0.03,0.020000000000000004,0.05,0.05,0.0,0.03,100
FD001,42,asym,rast,20.0,5.0,test engine endpoint,post-result exploratory static maintenance-triage sensitivity,0.21,0.2,0.009999999999999981,0.0,0.0,0.0,0.05,0.04,0.010000000000000002,0.05,0.04,0.010000000000000002,0.01,100
FD001,42,core,rast,20.0,5.0,test engine endpoint,post-result exploratory static maintenance-triage sensitivity,0.18,0.2,-0.020000000000000018,0.01,0.0,0.01,0.03,0.04,-0.010000000000000002,0.08,0.04,0.04,0.02,100
FD001,42,asym,core,20.0,5.0,test engine endpoint,post-result exploratory static maintenance-triage sensitivity,0.21,0.18,0.03,0.0,0.01,-0.01,0.05,0.03,0.020000000000000004,0.05,0.08,-0.03,0.03,100
FD001,42,asym,rast,20.0,10.0,test engine endpoint,post-result exploratory static maintenance-triage sensitivity,0.21,0.2,0.009999999999999981,0.0,0.0,0.0,0.05,0.04,0.010000000000000002,0.05,0.04,0.010000000000000002,0.01,100
FD001,42,core,rast,20.0,10.0,test engine endpoint,post-result exploratory static maintenance-triage sensitivity,0.18,0.2,-0.020000000000000018,0.01,0.0,0.01,0.03,0.04,-0.010000000000000002,0.13,0.04,0.09,0.02,100
FD001,42,asym,core,20.0,10.0,test engine endpoint,post-result exploratory static maintenance-triage sensitivity,0.21,0.18,0.03,0.0,0.01,-0.01,0.05,0.03,0.020000000000000004,0.05,0.13,-0.08,0.03,100
FD001,42,asym,rast,30.0,2.0,test engine endpoint,post-result exploratory static maintenance-triage sensitivity,0.28,0.28,0.0,0.0,0.0,0.0,0.03,0.03,0.0,0.03,0.03,0.0,0.0,100
FD001,42,core,rast,30.0,2.0,test engine endpoint,post-result exploratory static maintenance-triage sensitivity,0.25,0.28,-0.030000000000000027,0.02,0.0,0.02,0.02,0.03,-0.009999999999999998,0.06,0.03,0.03,0.03,100
FD001,42,asym,core,30.0,2.0,test engine endpoint,post-result exploratory static maintenance-triage sensitivity,0.28,0.25,0.030000000000000027,0.0,0.02,-0.02,0.03,0.02,0.009999999999999998,0.03,0.06,-0.03,0.03,100
FD001,42,asym,rast,30.0,5.0,test engine endpoint,post-result exploratory static maintenance-triage sensitivity,0.28,0.28,0.0,0.0,0.0,0.0,0.03,0.03,0.0,0.03,0.03,0.0,0.0,100
FD001,42,core,rast,30.0,5.0,test engine endpoint,post-result exploratory static maintenance-triage sensitivity,0.25,0.28,-0.030000000000000027,0.02,0.0,0.02,0.02,0.03,-0.009999999999999998,0.12,0.03,0.09,0.03,100
FD001,42,asym,core,30.0,5.0,test engine endpoint,post-result exploratory static maintenance-triage sensitivity,0.28,0.25,0.030000000000000027,0.0,0.02,-0.02,0.03,0.02,0.009999999999999998,0.03,0.12,-0.09,0.03,100
FD001,42,asym,rast,30.0,10.0,test engine endpoint,post-result exploratory static maintenance-triage sensitivity,0.28,0.28,0.0,0.0,0.0,0.0,0.03,0.03,0.0,0.03,0.03,0.0,0.0,100
FD001,42,core,rast,30.0,10.0,test engine endpoint,post-result exploratory static maintenance-triage sensitivity,0.25,0.28,-0.030000000000000027,0.02,0.0,0.02,0.02,0.03,-0.009999999999999998,0.22,0.03,0.19,0.03,100
FD001,42,asym,core,30.0,10.0,test engine endpoint,post-result exploratory static maintenance-triage sensitivity,0.28,0.25,0.030000000000000027,0.0,0.02,-0.02,0.03,0.02,0.009999999999999998,0.03,0.22,-0.19,0.03,100
FD001,123,asym,rast,10.0,2.0,test engine endpoint,post-result exploratory static maintenance-triage sensitivity,0.11,0.11,0.0,0.0,0.0,0.0,0.04,0.04,0.0,0.04,0.04,0.0,0.0,100
FD001,123,core,rast,10.0,2.0,test engine endpoint,post-result exploratory static maintenance-triage sensitivity,0.11,0.11,0.0,0.0,0.0,0.0,0.04,0.04,0.0,0.04,0.04,0.0,0.0,100
FD001,123,asym,core,10.0,2.0,test engine endpoint,post-result exploratory static maintenance-triage sensitivity,0.11,0.11,0.0,0.0,0.0,0.0,0.04,0.04,0.0,0.04,0.04,0.0,0.0,100
FD001,123,asym,rast,10.0,5.0,test engine endpoint,post-result exploratory static maintenance-triage sensitivity,0.11,0.11,0.0,0.0,0.0,0.0,0.04,0.04,0.0,0.04,0.04,0.0,0.0,100
FD001,123,core,rast,10.0,5.0,test engine endpoint,post-result exploratory static maintenance-triage sensitivity,0.11,0.11,0.0,0.0,0.0,0.0,0.04,0.04,0.0,0.04,0.04,0.0,0.0,100
FD001,123,asym,core,10.0,5.0,test engine endpoint,post-result exploratory static maintenance-triage sensitivity,0.11,0.11,0.0,0.0,0.0,0.0,0.04,0.04,0.0,0.04,0.04,0.0,0.0,100
FD001,123,asym,rast,10.0,10.0,test engine endpoint,post-result exploratory static maintenance-triage sensitivity,0.11,0.11,0.0,0.0,0.0,0.0,0.04,0.04,0.0,0.04,0.04,0.0,0.0,100
FD001,123,core,rast,10.0,10.0,test engine endpoint,post-result exploratory static maintenance-triage sensitivity,0.11,0.11,0.0,0.0,0.0,0.0,0.04,0.04,0.0,0.04,0.04,0.0,0.0,100
FD001,123,asym,core,10.0,10.0,test engine endpoint,post-result exploratory static maintenance-triage sensitivity,0.11,0.11,0.0,0.0,0.0,0.0,0.04,0.04,0.0,0.04,0.04,0.0,0.0,100
FD001,123,asym,rast,20.0,2.0,test engine endpoint,post-result exploratory static maintenance-triage sensitivity,0.22,0.21,0.010000000000000009,0.0,0.0,0.0,0.06,0.05,0.009999999999999995,0.06,0.05,0.009999999999999995,0.01,100
FD001,123,core,rast,20.0,2.0,test engine endpoint,post-result exploratory static maintenance-triage sensitivity,0.2,0.21,-0.009999999999999981,0.01,0.0,0.01,0.05,0.05,0.0,0.07,0.05,0.020000000000000004,0.03,100
FD001,123,asym,core,20.0,2.0,test engine endpoint,post-result exploratory static maintenance-triage sensitivity,0.22,0.2,0.01999999999999999,0.0,0.01,-0.01,0.06,0.05,0.009999999999999995,0.06,0.07,-0.010000000000000009,0.02,100
FD001,123,asym,rast,20.0,5.0,test engine endpoint,post-result exploratory static maintenance-triage sensitivity,0.22,0.21,0.010000000000000009,0.0,0.0,0.0,0.06,0.05,0.009999999999999995,0.06,0.05,0.009999999999999995,0.01,100
FD001,123,core,rast,20.0,5.0,test engine endpoint,post-result exploratory static maintenance-triage sensitivity,0.2,0.21,-0.009999999999999981,0.01,0.0,0.01,0.05,0.05,0.0,0.1,0.05,0.05,0.03,100
FD001,123,asym,core,20.0,5.0,test engine endpoint,post-result exploratory static maintenance-triage sensitivity,0.22,0.2,0.01999999999999999,0.0,0.01,-0.01,0.06,0.05,0.009999999999999995,0.06,0.1,-0.04000000000000001,0.02,100
FD001,123,asym,rast,20.0,10.0,test engine endpoint,post-result exploratory static maintenance-triage sensitivity,0.22,0.21,0.010000000000000009,0.0,0.0,0.0,0.06,0.05,0.009999999999999995,0.06,0.05,0.009999999999999995,0.01,100
FD001,123,core,rast,20.0,10.0,test engine endpoint,post-result exploratory static maintenance-triage sensitivity,0.2,0.21,-0.009999999999999981,0.01,0.0,0.01,0.05,0.05,0.0,0.15,0.05,0.09999999999999999,0.03,100
FD001,123,asym,core,20.0,10.0,test engine endpoint,post-result exploratory static maintenance-triage sensitivity,0.22,0.2,0.01999999999999999,0.0,0.01,-0.01,0.06,0.05,0.009999999999999995,0.06,0.15,-0.09,0.02,100
FD001,123,asym,rast,30.0,2.0,test engine endpoint,post-result exploratory static maintenance-triage sensitivity,0.27,0.27,0.0,0.0,0.0,0.0,0.02,0.02,0.0,0.02,0.02,0.0,0.0,100
FD001,123,core,rast,30.0,2.0,test engine endpoint,post-result exploratory static maintenance-triage sensitivity,0.27,0.27,0.0,0.0,0.0,0.0,0.02,0.02,0.0,0.02,0.02,0.0,0.0,100
FD001,123,asym,core,30.0,2.0,test engine endpoint,post-result exploratory static maintenance-triage sensitivity,0.27,0.27,0.0,0.0,0.0,0.0,0.02,0.02,0.0,0.02,0.02,0.0,0.0,100
FD001,123,asym,rast,30.0,5.0,test engine endpoint,post-result exploratory static maintenance-triage sensitivity,0.27,0.27,0.0,0.0,0.0,0.0,0.02,0.02,0.0,0.02,0.02,0.0,0.0,100
FD001,123,core,rast,30.0,5.0,test engine endpoint,post-result exploratory static maintenance-triage sensitivity,0.27,0.27,0.0,0.0,0.0,0.0,0.02,0.02,0.0,0.02,0.02,0.0,0.0,100
FD001,123,asym,core,30.0,5.0,test engine endpoint,post-result exploratory static maintenance-triage sensitivity,0.27,0.27,0.0,0.0,0.0,0.0,0.02,0.02,0.0,0.02,0.02,0.0,0.0,100
FD001,123,asym,rast,30.0,10.0,test engine endpoint,post-result exploratory static maintenance-triage sensitivity,0.27,0.27,0.0,0.0,0.0,0.0,0.02,0.02,0.0,0.02,0.02,0.0,0.0,100
FD001,123,core,rast,30.0,10.0,test engine endpoint,post-result exploratory static maintenance-triage sensitivity,0.27,0.27,0.0,0.0,0.0,0.0,0.02,0.02,0.0,0.02,0.02,0.0,0.0,100
FD001,123,asym,core,30.0,10.0,test engine endpoint,post-result exploratory static maintenance-triage sensitivity,0.27,0.27,0.0,0.0,0.0,0.0,0.02,0.02,0.0,0.02,0.02,0.0,0.0,100
FD001,2024,asym,rast,10.0,2.0,test engine endpoint,post-result exploratory static maintenance-triage sensitivity,0.08,0.08,0.0,0.0,0.0,0.0,0.01,0.01,0.0,0.01,0.01,0.0,0.0,100
FD001,2024,core,rast,10.0,2.0,test engine endpoint,post-result exploratory static maintenance-triage sensitivity,0.09,0.08,0.009999999999999995,0.0,0.0,0.0,0.02,0.01,0.01,0.02,0.01,0.01,0.01,100
FD001,2024,asym,core,10.0,2.0,test engine endpoint,post-result exploratory static maintenance-triage sensitivity,0.08,0.09,-0.009999999999999995,0.0,0.0,0.0,0.01,0.02,-0.01,0.01,0.02,-0.01,0.01,100
FD001,2024,asym,rast,10.0,5.0,test engine endpoint,post-result exploratory static maintenance-triage sensitivity,0.08,0.08,0.0,0.0,0.0,0.0,0.01,0.01,0.0,0.01,0.01,0.0,0.0,100
FD001,2024,core,rast,10.0,5.0,test engine endpoint,post-result exploratory static maintenance-triage sensitivity,0.09,0.08,0.009999999999999995,0.0,0.0,0.0,0.02,0.01,0.01,0.02,0.01,0.01,0.01,100
FD001,2024,asym,core,10.0,5.0,test engine endpoint,post-result exploratory static maintenance-triage sensitivity,0.08,0.09,-0.009999999999999995,0.0,0.0,0.0,0.01,0.02,-0.01,0.01,0.02,-0.01,0.01,100
FD001,2024,asym,rast,10.0,10.0,test engine endpoint,post-result exploratory static maintenance-triage sensitivity,0.08,0.08,0.0,0.0,0.0,0.0,0.01,0.01,0.0,0.01,0.01,0.0,0.0,100
FD001,2024,core,rast,10.0,10.0,test engine endpoint,post-result exploratory static maintenance-triage sensitivity,0.09,0.08,0.009999999999999995,0.0,0.0,0.0,0.02,0.01,0.01,0.02,0.01,0.01,0.01,100
FD001,2024,asym,core,10.0,10.0,test engine endpoint,post-result exploratory static maintenance-triage sensitivity,0.08,0.09,-0.009999999999999995,0.0,0.0,0.0,0.01,0.02,-0.01,0.01,0.02,-0.01,0.01,100
FD001,2024,asym,rast,20.0,2.0,test engine endpoint,post-result exploratory static maintenance-triage sensitivity,0.17,0.18,-0.009999999999999981,0.02,0.02,0.0,0.03,0.04,-0.010000000000000002,0.07,0.08,-0.009999999999999995,0.03,100
FD001,2024,core,rast,20.0,2.0,test engine endpoint,post-result exploratory static maintenance-triage sensitivity,0.2,0.18,0.020000000000000018,0.0,0.02,-0.02,0.04,0.04,0.0,0.04,0.08,-0.04,0.02,100
FD001,2024,asym,core,20.0,2.0,test engine endpoint,post-result exploratory static maintenance-triage sensitivity,0.17,0.2,-0.03,0.02,0.0,0.02,0.03,0.04,-0.010000000000000002,0.07,0.04,0.030000000000000006,0.03,100
FD001,2024,asym,rast,20.0,5.0,test engine endpoint,post-result exploratory static maintenance-triage sensitivity,0.17,0.18,-0.009999999999999981,0.02,0.02,0.0,0.03,0.04,-0.010000000000000002,0.13,0.14,-0.010000000000000009,0.03,100
FD001,2024,core,rast,20.0,5.0,test engine endpoint,post-result exploratory static maintenance-triage sensitivity,0.2,0.18,0.020000000000000018,0.0,0.02,-0.02,0.04,0.04,0.0,0.04,0.14,-0.1,0.02,100
FD001,2024,asym,core,20.0,5.0,test engine endpoint,post-result exploratory static maintenance-triage sensitivity,0.17,0.2,-0.03,0.02,0.0,0.02,0.03,0.04,-0.010000000000000002,0.13,0.04,0.09,0.03,100
FD001,2024,asym,rast,20.0,10.0,test engine endpoint,post-result exploratory static maintenance-triage sensitivity,0.17,0.18,-0.009999999999999981,0.02,0.02,0.0,0.03,0.04,-0.010000000000000002,0.23,0.24,-0.009999999999999981,0.03,100
FD001,2024,core,rast,20.0,10.0,test engine endpoint,post-result exploratory static maintenance-triage sensitivity,0.2,0.18,0.020000000000000018,0.0,0.02,-0.02,0.04,0.04,0.0,0.04,0.24,-0.19999999999999998,0.02,100
FD001,2024,asym,core,20.0,10.0,test engine endpoint,post-result exploratory static maintenance-triage sensitivity,0.17,0.2,-0.03,0.02,0.0,0.02,0.03,0.04,-0.010000000000000002,0.23,0.04,0.19,0.03,100
FD001,2024,asym,rast,30.0,2.0,test engine endpoint,post-result exploratory static maintenance-triage sensitivity,0.26,0.27,-0.010000000000000009,0.01,0.0,0.01,0.02,0.02,0.0,0.04,0.02,0.02,0.01,100
FD001,2024,core,rast,30.0,2.0,test engine endpoint,post-result exploratory static maintenance-triage sensitivity,0.27,0.27,0.0,0.0,0.0,0.0,0.02,0.02,0.0,0.02,0.02,0.0,0.0,100
FD001,2024,asym,core,30.0,2.0,test engine endpoint,post-result exploratory static maintenance-triage sensitivity,0.26,0.27,-0.010000000000000009,0.01,0.0,0.01,0.02,0.02,0.0,0.04,0.02,0.02,0.01,100
FD001,2024,asym,rast,30.0,5.0,test engine endpoint,post-result exploratory static maintenance-triage sensitivity,0.26,0.27,-0.010000000000000009,0.01,0.0,0.01,0.02,0.02,0.0,0.07,0.02,0.05,0.01,100
FD001,2024,core,rast,30.0,5.0,test engine endpoint,post-result exploratory static maintenance-triage sensitivity,0.27,0.27,0.0,0.0,0.0,0.0,0.02,0.02,0.0,0.02,0.02,0.0,0.0,100
FD001,2024,asym,core,30.0,5.0,test engine endpoint,post-result exploratory static maintenance-triage sensitivity,0.26,0.27,-0.010000000000000009,0.01,0.0,0.01,0.02,0.02,0.0,0.07,0.02,0.05,0.01,100
FD001,2024,asym,rast,30.0,10.0,test engine endpoint,post-result exploratory static maintenance-triage sensitivity,0.26,0.27,-0.010000000000000009,0.01,0.0,0.01,0.02,0.02,0.0,0.12,0.02,0.09999999999999999,0.01,100
FD001,2024,core,rast,30.0,10.0,test engine endpoint,post-result exploratory static maintenance-triage sensitivity,0.27,0.27,0.0,0.0,0.0,0.0,0.02,0.02,0.0,0.02,0.02,0.0,0.0,100
FD001,2024,asym,core,30.0,10.0,test engine endpoint,post-result exploratory static maintenance-triage sensitivity,0.26,0.27,-0.010000000000000009,0.01,0.0,0.01,0.02,0.02,0.0,0.12,0.02,0.09999999999999999,0.01,100
FD001,2025,asym,rast,10.0,2.0,test engine endpoint,post-result exploratory static maintenance-triage sensitivity,0.09,0.09,0.0,0.0,0.0,0.0,0.02,0.02,0.0,0.02,0.02,0.0,0.0,100
FD001,2025,core,rast,10.0,2.0,test engine endpoint,post-result exploratory static maintenance-triage sensitivity,0.07,0.09,-0.01999999999999999,0.0,0.0,0.0,0.0,0.02,-0.02,0.0,0.02,-0.02,0.02,100
FD001,2025,asym,core,10.0,2.0,test engine endpoint,post-result exploratory static maintenance-triage sensitivity,0.09,0.07,0.01999999999999999,0.0,0.0,0.0,0.02,0.0,0.02,0.02,0.0,0.02,0.02,100
FD001,2025,asym,rast,10.0,5.0,test engine endpoint,post-result exploratory static maintenance-triage sensitivity,0.09,0.09,0.0,0.0,0.0,0.0,0.02,0.02,0.0,0.02,0.02,0.0,0.0,100
FD001,2025,core,rast,10.0,5.0,test engine endpoint,post-result exploratory static maintenance-triage sensitivity,0.07,0.09,-0.01999999999999999,0.0,0.0,0.0,0.0,0.02,-0.02,0.0,0.02,-0.02,0.02,100
FD001,2025,asym,core,10.0,5.0,test engine endpoint,post-result exploratory static maintenance-triage sensitivity,0.09,0.07,0.01999999999999999,0.0,0.0,0.0,0.02,0.0,0.02,0.02,0.0,0.02,0.02,100
FD001,2025,asym,rast,10.0,10.0,test engine endpoint,post-result exploratory static maintenance-triage sensitivity,0.09,0.09,0.0,0.0,0.0,0.0,0.02,0.02,0.0,0.02,0.02,0.0,0.0,100
FD001,2025,core,rast,10.0,10.0,test engine endpoint,post-result exploratory static maintenance-triage sensitivity,0.07,0.09,-0.01999999999999999,0.0,0.0,0.0,0.0,0.02,-0.02,0.0,0.02,-0.02,0.02,100
FD001,2025,asym,core,10.0,10.0,test engine endpoint,post-result exploratory static maintenance-triage sensitivity,0.09,0.07,0.01999999999999999,0.0,0.0,0.0,0.02,0.0,0.02,0.02,0.0,0.02,0.02,100
FD001,2025,asym,rast,20.0,2.0,test engine endpoint,post-result exploratory static maintenance-triage sensitivity,0.18,0.19,-0.010000000000000009,0.0,0.0,0.0,0.02,0.03,-0.009999999999999998,0.02,0.03,-0.009999999999999998,0.01,100
FD001,2025,core,rast,20.0,2.0,test engine endpoint,post-result exploratory static maintenance-triage sensitivity,0.13,0.19,-0.06,0.04,0.0,0.04,0.01,0.03,-0.019999999999999997,0.09,0.03,0.06,0.06,100
FD001,2025,asym,core,20.0,2.0,test engine endpoint,post-result exploratory static maintenance-triage sensitivity,0.18,0.13,0.04999999999999999,0.0,0.04,-0.04,0.02,0.01,0.01,0.02,0.09,-0.06999999999999999,0.05,100
FD001,2025,asym,rast,20.0,5.0,test engine endpoint,post-result exploratory static maintenance-triage sensitivity,0.18,0.19,-0.010000000000000009,0.0,0.0,0.0,0.02,0.03,-0.009999999999999998,0.02,0.03,-0.009999999999999998,0.01,100
FD001,2025,core,rast,20.0,5.0,test engine endpoint,post-result exploratory static maintenance-triage sensitivity,0.13,0.19,-0.06,0.04,0.0,0.04,0.01,0.03,-0.019999999999999997,0.21,0.03,0.18,0.06,100
FD001,2025,asym,core,20.0,5.0,test engine endpoint,post-result exploratory static maintenance-triage sensitivity,0.18,0.13,0.04999999999999999,0.0,0.04,-0.04,0.02,0.01,0.01,0.02,0.21,-0.19,0.05,100
FD001,2025,asym,rast,20.0,10.0,test engine endpoint,post-result exploratory static maintenance-triage sensitivity,0.18,0.19,-0.010000000000000009,0.0,0.0,0.0,0.02,0.03,-0.009999999999999998,0.02,0.03,-0.009999999999999998,0.01,100
FD001,2025,core,rast,20.0,10.0,test engine endpoint,post-result exploratory static maintenance-triage sensitivity,0.13,0.19,-0.06,0.04,0.0,0.04,0.01,0.03,-0.019999999999999997,0.41,0.03,0.38,0.06,100
FD001,2025,asym,core,20.0,10.0,test engine endpoint,post-result exploratory static maintenance-triage sensitivity,0.18,0.13,0.04999999999999999,0.0,0.04,-0.04,0.02,0.01,0.01,0.02,0.41,-0.38999999999999996,0.05,100
FD001,2025,asym,rast,30.0,2.0,test engine endpoint,post-result exploratory static maintenance-triage sensitivity,0.27,0.27,0.0,0.0,0.0,0.0,0.02,0.02,0.0,0.02,0.02,0.0,0.0,100
FD001,2025,core,rast,30.0,2.0,test engine endpoint,post-result exploratory static maintenance-triage sensitivity,0.25,0.27,-0.020000000000000018,0.02,0.0,0.02,0.02,0.02,0.0,0.06,0.02,0.039999999999999994,0.02,100
FD001,2025,asym,core,30.0,2.0,test engine endpoint,post-result exploratory static maintenance-triage sensitivity,0.27,0.25,0.020000000000000018,0.0,0.02,-0.02,0.02,0.02,0.0,0.02,0.06,-0.039999999999999994,0.02,100
FD001,2025,asym,rast,30.0,5.0,test engine endpoint,post-result exploratory static maintenance-triage sensitivity,0.27,0.27,0.0,0.0,0.0,0.0,0.02,0.02,0.0,0.02,0.02,0.0,0.0,100
FD001,2025,core,rast,30.0,5.0,test engine endpoint,post-result exploratory static maintenance-triage sensitivity,0.25,0.27,-0.020000000000000018,0.02,0.0,0.02,0.02,0.02,0.0,0.12,0.02,0.09999999999999999,0.02,100
FD001,2025,asym,core,30.0,5.0,test engine endpoint,post-result exploratory static maintenance-triage sensitivity,0.27,0.25,0.020000000000000018,0.0,0.02,-0.02,0.02,0.02,0.0,0.02,0.12,-0.09999999999999999,0.02,100
FD001,2025,asym,rast,30.0,10.0,test engine endpoint,post-result exploratory static maintenance-triage sensitivity,0.27,0.27,0.0,0.0,0.0,0.0,0.02,0.02,0.0,0.02,0.02,0.0,0.0,100
FD001,2025,core,rast,30.0,10.0,test engine endpoint,post-result exploratory static maintenance-triage sensitivity,0.25,0.27,-0.020000000000000018,0.02,0.0,0.02,0.02,0.02,0.0,0.22,0.02,0.2,0.02,100
FD001,2025,asym,core,30.0,10.0,test engine endpoint,post-result exploratory static maintenance-triage sensitivity,0.27,0.25,0.020000000000000018,0.0,0.02,-0.02,0.02,0.02,0.0,0.02,0.22,-0.2,0.02,100
FD001,2026,asym,rast,10.0,2.0,test engine endpoint,post-result exploratory static maintenance-triage sensitivity,0.11,0.06,0.05,0.0,0.01,-0.01,0.04,0.0,0.04,0.04,0.02,0.02,0.05,100
FD001,2026,core,rast,10.0,2.0,test engine endpoint,post-result exploratory static maintenance-triage sensitivity,0.09,0.06,0.03,0.0,0.01,-0.01,0.02,0.0,0.02,0.02,0.02,0.0,0.03,100
FD001,2026,asym,core,10.0,2.0,test engine endpoint,post-result exploratory static maintenance-triage sensitivity,0.11,0.09,0.020000000000000004,0.0,0.0,0.0,0.04,0.02,0.02,0.04,0.02,0.02,0.02,100
FD001,2026,asym,rast,10.0,5.0,test engine endpoint,post-result exploratory static maintenance-triage sensitivity,0.11,0.06,0.05,0.0,0.01,-0.01,0.04,0.0,0.04,0.04,0.05,-0.010000000000000002,0.05,100
FD001,2026,core,rast,10.0,5.0,test engine endpoint,post-result exploratory static maintenance-triage sensitivity,0.09,0.06,0.03,0.0,0.01,-0.01,0.02,0.0,0.02,0.02,0.05,-0.030000000000000002,0.03,100
FD001,2026,asym,core,10.0,5.0,test engine endpoint,post-result exploratory static maintenance-triage sensitivity,0.11,0.09,0.020000000000000004,0.0,0.0,0.0,0.04,0.02,0.02,0.04,0.02,0.02,0.02,100
FD001,2026,asym,rast,10.0,10.0,test engine endpoint,post-result exploratory static maintenance-triage sensitivity,0.11,0.06,0.05,0.0,0.01,-0.01,0.04,0.0,0.04,0.04,0.1,-0.060000000000000005,0.05,100
FD001,2026,core,rast,10.0,10.0,test engine endpoint,post-result exploratory static maintenance-triage sensitivity,0.09,0.06,0.03,0.0,0.01,-0.01,0.02,0.0,0.02,0.02,0.1,-0.08,0.03,100
FD001,2026,asym,core,10.0,10.0,test engine endpoint,post-result exploratory static maintenance-triage sensitivity,0.11,0.09,0.020000000000000004,0.0,0.0,0.0,0.04,0.02,0.02,0.04,0.02,0.02,0.02,100
FD001,2026,asym,rast,20.0,2.0,test engine endpoint,post-result exploratory static maintenance-triage sensitivity,0.21,0.19,0.01999999999999999,0.0,0.0,0.0,0.05,0.03,0.020000000000000004,0.05,0.03,0.020000000000000004,0.02,100
FD001,2026,core,rast,20.0,2.0,test engine endpoint,post-result exploratory static maintenance-triage sensitivity,0.19,0.19,0.0,0.01,0.0,0.01,0.04,0.03,0.010000000000000002,0.06,0.03,0.03,0.04,100
FD001,2026,asym,core,20.0,2.0,test engine endpoint,post-result exploratory static maintenance-triage sensitivity,0.21,0.19,0.01999999999999999,0.0,0.01,-0.01,0.05,0.04,0.010000000000000002,0.05,0.06,-0.009999999999999995,0.04,100
FD001,2026,asym,rast,20.0,5.0,test engine endpoint,post-result exploratory static maintenance-triage sensitivity,0.21,0.19,0.01999999999999999,0.0,0.0,0.0,0.05,0.03,0.020000000000000004,0.05,0.03,0.020000000000000004,0.02,100
FD001,2026,core,rast,20.0,5.0,test engine endpoint,post-result exploratory static maintenance-triage sensitivity,0.19,0.19,0.0,0.01,0.0,0.01,0.04,0.03,0.010000000000000002,0.09,0.03,0.06,0.04,100
FD001,2026,asym,core,20.0,5.0,test engine endpoint,post-result exploratory static maintenance-triage sensitivity,0.21,0.19,0.01999999999999999,0.0,0.01,-0.01,0.05,0.04,0.010000000000000002,0.05,0.09,-0.039999999999999994,0.04,100
FD001,2026,asym,rast,20.0,10.0,test engine endpoint,post-result exploratory static maintenance-triage sensitivity,0.21,0.19,0.01999999999999999,0.0,0.0,0.0,0.05,0.03,0.020000000000000004,0.05,0.03,0.020000000000000004,0.02,100
FD001,2026,core,rast,20.0,10.0,test engine endpoint,post-result exploratory static maintenance-triage sensitivity,0.19,0.19,0.0,0.01,0.0,0.01,0.04,0.03,0.010000000000000002,0.14,0.03,0.11000000000000001,0.04,100
FD001,2026,asym,core,20.0,10.0,test engine endpoint,post-result exploratory static maintenance-triage sensitivity,0.21,0.19,0.01999999999999999,0.0,0.01,-0.01,0.05,0.04,0.010000000000000002,0.05,0.14,-0.09000000000000001,0.04,100
FD001,2026,asym,rast,30.0,2.0,test engine endpoint,post-result exploratory static maintenance-triage sensitivity,0.28,0.26,0.020000000000000018,0.0,0.01,-0.01,0.03,0.02,0.009999999999999998,0.03,0.04,-0.010000000000000002,0.02,100
FD001,2026,core,rast,30.0,2.0,test engine endpoint,post-result exploratory static maintenance-triage sensitivity,0.27,0.26,0.010000000000000009,0.0,0.01,-0.01,0.02,0.02,0.0,0.02,0.04,-0.02,0.01,100
FD001,2026,asym,core,30.0,2.0,test engine endpoint,post-result exploratory static maintenance-triage sensitivity,0.28,0.27,0.010000000000000009,0.0,0.0,0.0,0.03,0.02,0.009999999999999998,0.03,0.02,0.009999999999999998,0.01,100
FD001,2026,asym,rast,30.0,5.0,test engine endpoint,post-result exploratory static maintenance-triage sensitivity,0.28,0.26,0.020000000000000018,0.0,0.01,-0.01,0.03,0.02,0.009999999999999998,0.03,0.07,-0.04000000000000001,0.02,100
FD001,2026,core,rast,30.0,5.0,test engine endpoint,post-result exploratory static maintenance-triage sensitivity,0.27,0.26,0.010000000000000009,0.0,0.01,-0.01,0.02,0.02,0.0,0.02,0.07,-0.05,0.01,100
FD001,2026,asym,core,30.0,5.0,test engine endpoint,post-result exploratory static maintenance-triage sensitivity,0.28,0.27,0.010000000000000009,0.0,0.0,0.0,0.03,0.02,0.009999999999999998,0.03,0.02,0.009999999999999998,0.01,100
FD001,2026,asym,rast,30.0,10.0,test engine endpoint,post-result exploratory static maintenance-triage sensitivity,0.28,0.26,0.020000000000000018,0.0,0.01,-0.01,0.03,0.02,0.009999999999999998,0.03,0.12,-0.09,0.02,100
FD001,2026,core,rast,30.0,10.0,test engine endpoint,post-result exploratory static maintenance-triage sensitivity,0.27,0.26,0.010000000000000009,0.0,0.01,-0.01,0.02,0.02,0.0,0.02,0.12,-0.09999999999999999,0.01,100
FD001,2026,asym,core,30.0,10.0,test engine endpoint,post-result exploratory static maintenance-triage sensitivity,0.28,0.27,0.010000000000000009,0.0,0.0,0.0,0.03,0.02,0.009999999999999998,0.03,0.02,0.009999999999999998,0.01,100
FD002,42,asym,rast,10.0,2.0,test engine endpoint,post-result exploratory static maintenance-triage sensitivity,0.14671814671814673,0.1583011583011583,-0.01158301158301156,0.007722007722007722,0.0,0.007722007722007722,0.0694980694980695,0.07335907335907337,-0.003861003861003867,0.08494208494208494,0.07335907335907337,0.011583011583011574,0.019305019305019305,259
FD002,42,core,rast,10.0,2.0,test engine endpoint,post-result exploratory static maintenance-triage sensitivity,0.17374517374517376,0.1583011583011583,0.015444015444015469,0.0,0.0,0.0,0.0888030888030888,0.07335907335907337,0.015444015444015441,0.0888030888030888,0.07335907335907337,0.015444015444015441,0.03088803088803089,259
FD002,42,asym,core,10.0,2.0,test engine endpoint,post-result exploratory static maintenance-triage sensitivity,0.14671814671814673,0.17374517374517376,-0.02702702702702703,0.007722007722007722,0.0,0.007722007722007722,0.0694980694980695,0.0888030888030888,-0.019305019305019308,0.08494208494208494,0.0888030888030888,-0.003861003861003867,0.05019305019305019,259
FD002,42,asym,rast,10.0,5.0,test engine endpoint,post-result exploratory static maintenance-triage sensitivity,0.14671814671814673,0.1583011583011583,-0.01158301158301156,0.007722007722007722,0.0,0.007722007722007722,0.0694980694980695,0.07335907335907337,-0.003861003861003867,0.10810810810810811,0.07335907335907337,0.03474903474903475,0.019305019305019305,259
FD002,42,core,rast,10.0,5.0,test engine endpoint,post-result exploratory static maintenance-triage sensitivity,0.17374517374517376,0.1583011583011583,0.015444015444015469,0.0,0.0,0.0,0.0888030888030888,0.07335907335907337,0.015444015444015441,0.0888030888030888,0.07335907335907337,0.015444015444015441,0.03088803088803089,259
FD002,42,asym,core,10.0,5.0,test engine endpoint,post-result exploratory static maintenance-triage sensitivity,0.14671814671814673,0.17374517374517376,-0.02702702702702703,0.007722007722007722,0.0,0.007722007722007722,0.0694980694980695,0.0888030888030888,-0.019305019305019308,0.10810810810810811,0.0888030888030888,0.019305019305019308,0.05019305019305019,259
FD002,42,asym,rast,10.0,10.0,test engine endpoint,post-result exploratory static maintenance-triage sensitivity,0.14671814671814673,0.1583011583011583,-0.01158301158301156,0.007722007722007722,0.0,0.007722007722007722,0.0694980694980695,0.07335907335907337,-0.003861003861003867,0.14671814671814673,0.07335907335907337,0.07335907335907337,0.019305019305019305,259
FD002,42,core,rast,10.0,10.0,test engine endpoint,post-result exploratory static maintenance-triage sensitivity,0.17374517374517376,0.1583011583011583,0.015444015444015469,0.0,0.0,0.0,0.0888030888030888,0.07335907335907337,0.015444015444015441,0.0888030888030888,0.07335907335907337,0.015444015444015441,0.03088803088803089,259
FD002,42,asym,core,10.0,10.0,test engine endpoint,post-result exploratory static maintenance-triage sensitivity,0.14671814671814673,0.17374517374517376,-0.02702702702702703,0.007722007722007722,0.0,0.007722007722007722,0.0694980694980695,0.0888030888030888,-0.019305019305019308,0.14671814671814673,0.0888030888030888,0.057915057915057924,0.05019305019305019,259
FD002,42,asym,rast,20.0,2.0,test engine endpoint,post-result exploratory static maintenance-triage sensitivity,0.22393822393822393,0.2277992277992278,-0.0038610038610038533,0.0,0.0,0.0,0.019305019305019305,0.023166023166023165,-0.0038610038610038602,0.019305019305019305,0.023166023166023165,-0.0038610038610038602,0.003861003861003861,259
FD002,42,core,rast,20.0,2.0,test engine endpoint,post-result exploratory static maintenance-triage sensitivity,0.22393822393822393,0.2277992277992278,-0.0038610038610038533,0.0,0.0,0.0,0.019305019305019305,0.023166023166023165,-0.0038610038610038602,0.019305019305019305,0.023166023166023165,-0.0038610038610038602,0.011583011583011582,259
FD002,42,asym,core,20.0,2.0,test engine endpoint,post-result exploratory static maintenance-triage sensitivity,0.22393822393822393,0.22393822393822393,0.0,0.0,0.0,0.0,0.019305019305019305,0.019305019305019305,0.0,0.019305019305019305,0.019305019305019305,0.0,0.007722007722007722,259
FD002,42,asym,rast,20.0,5.0,test engine endpoint,post-result exploratory static maintenance-triage sensitivity,0.22393822393822393,0.2277992277992278,-0.0038610038610038533,0.0,0.0,0.0,0.019305019305019305,0.023166023166023165,-0.0038610038610038602,0.019305019305019305,0.023166023166023165,-0.0038610038610038602,0.003861003861003861,259
FD002,42,core,rast,20.0,5.0,test engine endpoint,post-result exploratory static maintenance-triage sensitivity,0.22393822393822393,0.2277992277992278,-0.0038610038610038533,0.0,0.0,0.0,0.019305019305019305,0.023166023166023165,-0.0038610038610038602,0.019305019305019305,0.023166023166023165,-0.0038610038610038602,0.011583011583011582,259
FD002,42,asym,core,20.0,5.0,test engine endpoint,post-result exploratory static maintenance-triage sensitivity,0.22393822393822393,0.22393822393822393,0.0,0.0,0.0,0.0,0.019305019305019305,0.019305019305019305,0.0,0.019305019305019305,0.019305019305019305,0.0,0.007722007722007722,259
FD002,42,asym,rast,20.0,10.0,test engine endpoint,post-result exploratory static maintenance-triage sensitivity,0.22393822393822393,0.2277992277992278,-0.0038610038610038533,0.0,0.0,0.0,0.019305019305019305,0.023166023166023165,-0.0038610038610038602,0.019305019305019305,0.023166023166023165,-0.0038610038610038602,0.003861003861003861,259
FD002,42,core,rast,20.0,10.0,test engine endpoint,post-result exploratory static maintenance-triage sensitivity,0.22393822393822393,0.2277992277992278,-0.0038610038610038533,0.0,0.0,0.0,0.019305019305019305,0.023166023166023165,-0.0038610038610038602,0.019305019305019305,0.023166023166023165,-0.0038610038610038602,0.011583011583011582,259
FD002,42,asym,core,20.0,10.0,test engine endpoint,post-result exploratory static maintenance-triage sensitivity,0.22393822393822393,0.22393822393822393,0.0,0.0,0.0,0.0,0.019305019305019305,0.019305019305019305,0.0,0.019305019305019305,0.019305019305019305,0.0,0.007722007722007722,259
FD002,42,asym,rast,30.0,2.0,test engine endpoint,post-result exploratory static maintenance-triage sensitivity,0.27413127413127414,0.26640926640926643,0.007722007722007707,0.0,0.0,0.0,0.03861003861003861,0.03088803088803089,0.0077220077220077205,0.03861003861003861,0.03088803088803089,0.0077220077220077205,0.015444015444015444,259
FD002,42,core,rast,30.0,2.0,test engine endpoint,post-result exploratory static maintenance-triage sensitivity,0.2702702702702703,0.26640926640926643,0.0038610038610038533,0.0,0.0,0.0,0.03474903474903475,0.03088803088803089,0.0038610038610038602,0.03474903474903475,0.03088803088803089,0.0038610038610038602,0.011583011583011582,259
FD002,42,asym,core,30.0,2.0,test engine endpoint,post-result exploratory static maintenance-triage sensitivity,0.27413127413127414,0.2702702702702703,0.0038610038610038533,0.0,0.0,0.0,0.03861003861003861,0.03474903474903475,0.0038610038610038602,0.03861003861003861,0.03474903474903475,0.0038610038610038602,0.011583011583011582,259
FD002,42,asym,rast,30.0,5.0,test engine endpoint,post-result exploratory static maintenance-triage sensitivity,0.27413127413127414,0.26640926640926643,0.007722007722007707,0.0,0.0,0.0,0.03861003861003861,0.03088803088803089,0.0077220077220077205,0.03861003861003861,0.03088803088803089,0.0077220077220077205,0.015444015444015444,259
FD002,42,core,rast,30.0,5.0,test engine endpoint,post-result exploratory static maintenance-triage sensitivity,0.2702702702702703,0.26640926640926643,0.0038610038610038533,0.0,0.0,0.0,0.03474903474903475,0.03088803088803089,0.0038610038610038602,0.03474903474903475,0.03088803088803089,0.0038610038610038602,0.011583011583011582,259
FD002,42,asym,core,30.0,5.0,test engine endpoint,post-result exploratory static maintenance-triage sensitivity,0.27413127413127414,0.2702702702702703,0.0038610038610038533,0.0,0.0,0.0,0.03861003861003861,0.03474903474903475,0.0038610038610038602,0.03861003861003861,0.03474903474903475,0.0038610038610038602,0.011583011583011582,259
FD002,42,asym,rast,30.0,10.0,test engine endpoint,post-result exploratory static maintenance-triage sensitivity,0.27413127413127414,0.26640926640926643,0.007722007722007707,0.0,0.0,0.0,0.03861003861003861,0.03088803088803089,0.0077220077220077205,0.03861003861003861,0.03088803088803089,0.0077220077220077205,0.015444015444015444,259
FD002,42,core,rast,30.0,10.0,test engine endpoint,post-result exploratory static maintenance-triage sensitivity,0.2702702702702703,0.26640926640926643,0.0038610038610038533,0.0,0.0,0.0,0.03474903474903475,0.03088803088803089,0.0038610038610038602,0.03474903474903475,0.03088803088803089,0.0038610038610038602,0.011583011583011582,259
FD002,42,asym,core,30.0,10.0,test engine endpoint,post-result exploratory static maintenance-triage sensitivity,0.27413127413127414,0.2702702702702703,0.0038610038610038533,0.0,0.0,0.0,0.03861003861003861,0.03474903474903475,0.0038610038610038602,0.03861003861003861,0.03474903474903475,0.0038610038610038602,0.011583011583011582,259
FD002,123,asym,rast,10.0,2.0,test engine endpoint,post-result exploratory static maintenance-triage sensitivity,0.1583011583011583,0.14671814671814673,0.01158301158301156,0.003861003861003861,0.0,0.003861003861003861,0.07722007722007722,0.06177606177606178,0.015444015444015441,0.08494208494208494,0.06177606177606178,0.02316602316602316,0.019305019305019305,259
FD002,123,core,rast,10.0,2.0,test engine endpoint,post-result exploratory static maintenance-triage sensitivity,0.18146718146718147,0.14671814671814673,0.034749034749034735,0.0,0.0,0.0,0.09652509652509653,0.06177606177606178,0.03474903474903475,0.09652509652509653,0.06177606177606178,0.03474903474903475,0.03474903474903475,259
FD002,123,asym,core,10.0,2.0,test engine endpoint,post-result exploratory static maintenance-triage sensitivity,0.1583011583011583,0.18146718146718147,-0.023166023166023175,0.003861003861003861,0.0,0.003861003861003861,0.07722007722007722,0.09652509652509653,-0.019305019305019308,0.08494208494208494,0.09652509652509653,-0.011583011583011588,0.023166023166023165,259
FD002,123,asym,rast,10.0,5.0,test engine endpoint,post-result exploratory static maintenance-triage sensitivity,0.1583011583011583,0.14671814671814673,0.01158301158301156,0.003861003861003861,0.0,0.003861003861003861,0.07722007722007722,0.06177606177606178,0.015444015444015441,0.09652509652509653,0.06177606177606178,0.03474903474903475,0.019305019305019305,259
FD002,123,core,rast,10.0,5.0,test engine endpoint,post-result exploratory static maintenance-triage sensitivity,0.18146718146718147,0.14671814671814673,0.034749034749034735,0.0,0.0,0.0,0.09652509652509653,0.06177606177606178,0.03474903474903475,0.09652509652509653,0.06177606177606178,0.03474903474903475,0.03474903474903475,259
FD002,123,asym,core,10.0,5.0,test engine endpoint,post-result exploratory static maintenance-triage sensitivity,0.1583011583011583,0.18146718146718147,-0.023166023166023175,0.003861003861003861,0.0,0.003861003861003861,0.07722007722007722,0.09652509652509653,-0.019305019305019308,0.09652509652509653,0.09652509652509653,0.0,0.023166023166023165,259
FD002,123,asym,rast,10.0,10.0,test engine endpoint,post-result exploratory static maintenance-triage sensitivity,0.1583011583011583,0.14671814671814673,0.01158301158301156,0.003861003861003861,0.0,0.003861003861003861,0.07722007722007722,0.06177606177606178,0.015444015444015441,0.11583011583011583,0.06177606177606178,0.05405405405405406,0.019305019305019305,259
FD002,123,core,rast,10.0,10.0,test engine endpoint,post-result exploratory static maintenance-triage sensitivity,0.18146718146718147,0.14671814671814673,0.034749034749034735,0.0,0.0,0.0,0.09652509652509653,0.06177606177606178,0.03474903474903475,0.09652509652509653,0.06177606177606178,0.03474903474903475,0.03474903474903475,259
FD002,123,asym,core,10.0,10.0,test engine endpoint,post-result exploratory static maintenance-triage sensitivity,0.1583011583011583,0.18146718146718147,-0.023166023166023175,0.003861003861003861,0.0,0.003861003861003861,0.07722007722007722,0.09652509652509653,-0.019305019305019308,0.11583011583011583,0.09652509652509653,0.019305019305019308,0.023166023166023165,259
FD002,123,asym,rast,20.0,2.0,test engine endpoint,post-result exploratory static maintenance-triage sensitivity,0.2277992277992278,0.22393822393822393,0.0038610038610038533,0.0,0.0,0.0,0.023166023166023165,0.019305019305019305,0.0038610038610038602,0.023166023166023165,0.019305019305019305,0.0038610038610038602,0.003861003861003861,259
FD002,123,core,rast,20.0,2.0,test engine endpoint,post-result exploratory static maintenance-triage sensitivity,0.2277992277992278,0.22393822393822393,0.0038610038610038533,0.0,0.0,0.0,0.023166023166023165,0.019305019305019305,0.0038610038610038602,0.023166023166023165,0.019305019305019305,0.0038610038610038602,0.003861003861003861,259
FD002,123,asym,core,20.0,2.0,test engine endpoint,post-result exploratory static maintenance-triage sensitivity,0.2277992277992278,0.2277992277992278,0.0,0.0,0.0,0.0,0.023166023166023165,0.023166023166023165,0.0,0.023166023166023165,0.023166023166023165,0.0,0.0,259
FD002,123,asym,rast,20.0,5.0,test engine endpoint,post-result exploratory static maintenance-triage sensitivity,0.2277992277992278,0.22393822393822393,0.0038610038610038533,0.0,0.0,0.0,0.023166023166023165,0.019305019305019305,0.0038610038610038602,0.023166023166023165,0.019305019305019305,0.0038610038610038602,0.003861003861003861,259
FD002,123,core,rast,20.0,5.0,test engine endpoint,post-result exploratory static maintenance-triage sensitivity,0.2277992277992278,0.22393822393822393,0.0038610038610038533,0.0,0.0,0.0,0.023166023166023165,0.019305019305019305,0.0038610038610038602,0.023166023166023165,0.019305019305019305,0.0038610038610038602,0.003861003861003861,259
FD002,123,asym,core,20.0,5.0,test engine endpoint,post-result exploratory static maintenance-triage sensitivity,0.2277992277992278,0.2277992277992278,0.0,0.0,0.0,0.0,0.023166023166023165,0.023166023166023165,0.0,0.023166023166023165,0.023166023166023165,0.0,0.0,259
FD002,123,asym,rast,20.0,10.0,test engine endpoint,post-result exploratory static maintenance-triage sensitivity,0.2277992277992278,0.22393822393822393,0.0038610038610038533,0.0,0.0,0.0,0.023166023166023165,0.019305019305019305,0.0038610038610038602,0.023166023166023165,0.019305019305019305,0.0038610038610038602,0.003861003861003861,259
FD002,123,core,rast,20.0,10.0,test engine endpoint,post-result exploratory static maintenance-triage sensitivity,0.2277992277992278,0.22393822393822393,0.0038610038610038533,0.0,0.0,0.0,0.023166023166023165,0.019305019305019305,0.0038610038610038602,0.023166023166023165,0.019305019305019305,0.0038610038610038602,0.003861003861003861,259
FD002,123,asym,core,20.0,10.0,test engine endpoint,post-result exploratory static maintenance-triage sensitivity,0.2277992277992278,0.2277992277992278,0.0,0.0,0.0,0.0,0.023166023166023165,0.023166023166023165,0.0,0.023166023166023165,0.023166023166023165,0.0,0.0,259
FD002,123,asym,rast,30.0,2.0,test engine endpoint,post-result exploratory static maintenance-triage sensitivity,0.26640926640926643,0.27413127413127414,-0.007722007722007707,0.0,0.0,0.0,0.03088803088803089,0.03861003861003861,-0.0077220077220077205,0.03088803088803089,0.03861003861003861,-0.0077220077220077205,0.015444015444015444,259
FD002,123,core,rast,30.0,2.0,test engine endpoint,post-result exploratory static maintenance-triage sensitivity,0.27413127413127414,0.27413127413127414,0.0,0.0,0.0,0.0,0.03861003861003861,0.03861003861003861,0.0,0.03861003861003861,0.03861003861003861,0.0,0.015444015444015444,259
FD002,123,asym,core,30.0,2.0,test engine endpoint,post-result exploratory static maintenance-triage sensitivity,0.26640926640926643,0.27413127413127414,-0.007722007722007707,0.0,0.0,0.0,0.03088803088803089,0.03861003861003861,-0.0077220077220077205,0.03088803088803089,0.03861003861003861,-0.0077220077220077205,0.023166023166023165,259
FD002,123,asym,rast,30.0,5.0,test engine endpoint,post-result exploratory static maintenance-triage sensitivity,0.26640926640926643,0.27413127413127414,-0.007722007722007707,0.0,0.0,0.0,0.03088803088803089,0.03861003861003861,-0.0077220077220077205,0.03088803088803089,0.03861003861003861,-0.0077220077220077205,0.015444015444015444,259
FD002,123,core,rast,30.0,5.0,test engine endpoint,post-result exploratory static maintenance-triage sensitivity,0.27413127413127414,0.27413127413127414,0.0,0.0,0.0,0.0,0.03861003861003861,0.03861003861003861,0.0,0.03861003861003861,0.03861003861003861,0.0,0.015444015444015444,259
FD002,123,asym,core,30.0,5.0,test engine endpoint,post-result exploratory static maintenance-triage sensitivity,0.26640926640926643,0.27413127413127414,-0.007722007722007707,0.0,0.0,0.0,0.03088803088803089,0.03861003861003861,-0.0077220077220077205,0.03088803088803089,0.03861003861003861,-0.0077220077220077205,0.023166023166023165,259
FD002,123,asym,rast,30.0,10.0,test engine endpoint,post-result exploratory static maintenance-triage sensitivity,0.26640926640926643,0.27413127413127414,-0.007722007722007707,0.0,0.0,0.0,0.03088803088803089,0.03861003861003861,-0.0077220077220077205,0.03088803088803089,0.03861003861003861,-0.0077220077220077205,0.015444015444015444,259
FD002,123,core,rast,30.0,10.0,test engine endpoint,post-result exploratory static maintenance-triage sensitivity,0.27413127413127414,0.27413127413127414,0.0,0.0,0.0,0.0,0.03861003861003861,0.03861003861003861,0.0,0.03861003861003861,0.03861003861003861,0.0,0.015444015444015444,259
FD002,123,asym,core,30.0,10.0,test engine endpoint,post-result exploratory static maintenance-triage sensitivity,0.26640926640926643,0.27413127413127414,-0.007722007722007707,0.0,0.0,0.0,0.03088803088803089,0.03861003861003861,-0.0077220077220077205,0.03088803088803089,0.03861003861003861,-0.0077220077220077205,0.023166023166023165,259
FD002,2024,asym,rast,10.0,2.0,test engine endpoint,post-result exploratory static maintenance-triage sensitivity,0.1274131274131274,0.13127413127413126,-0.0038610038610038533,0.003861003861003861,0.007722007722007722,-0.003861003861003861,0.04633204633204633,0.05405405405405406,-0.007722007722007727,0.05405405405405406,0.0694980694980695,-0.015444015444015441,0.019305019305019305,259
FD002,2024,core,rast,10.0,2.0,test engine endpoint,post-result exploratory static maintenance-triage sensitivity,0.16216216216216217,0.13127413127413126,0.03088803088803091,0.003861003861003861,0.007722007722007722,-0.003861003861003861,0.08108108108108109,0.05405405405405406,0.02702702702702703,0.0888030888030888,0.0694980694980695,0.019305019305019308,0.03861003861003861,259
FD002,2024,asym,core,10.0,2.0,test engine endpoint,post-result exploratory static maintenance-triage sensitivity,0.1274131274131274,0.16216216216216217,-0.03474903474903476,0.003861003861003861,0.003861003861003861,0.0,0.04633204633204633,0.08108108108108109,-0.034749034749034756,0.05405405405405406,0.0888030888030888,-0.03474903474903475,0.04247104247104247,259
FD002,2024,asym,rast,10.0,5.0,test engine endpoint,post-result exploratory static maintenance-triage sensitivity,0.1274131274131274,0.13127413127413126,-0.0038610038610038533,0.003861003861003861,0.007722007722007722,-0.003861003861003861,0.04633204633204633,0.05405405405405406,-0.007722007722007727,0.06563706563706563,0.09266409266409266,-0.02702702702702703,0.019305019305019305,259
FD002,2024,core,rast,10.0,5.0,test engine endpoint,post-result exploratory static maintenance-triage sensitivity,0.16216216216216217,0.13127413127413126,0.03088803088803091,0.003861003861003861,0.007722007722007722,-0.003861003861003861,0.08108108108108109,0.05405405405405406,0.02702702702702703,0.10038610038610038,0.09266409266409266,0.0077220077220077205,0.03861003861003861,259
FD002,2024,asym,core,10.0,5.0,test engine endpoint,post-result exploratory static maintenance-triage sensitivity,0.1274131274131274,0.16216216216216217,-0.03474903474903476,0.003861003861003861,0.003861003861003861,0.0,0.04633204633204633,0.08108108108108109,-0.034749034749034756,0.06563706563706563,0.10038610038610038,-0.03474903474903475,0.04247104247104247,259
FD002,2024,asym,rast,10.0,10.0,test engine endpoint,post-result exploratory static maintenance-triage sensitivity,0.1274131274131274,0.13127413127413126,-0.0038610038610038533,0.003861003861003861,0.007722007722007722,-0.003861003861003861,0.04633204633204633,0.05405405405405406,-0.007722007722007727,0.08494208494208494,0.13127413127413126,-0.04633204633204632,0.019305019305019305,259
FD002,2024,core,rast,10.0,10.0,test engine endpoint,post-result exploratory static maintenance-triage sensitivity,0.16216216216216217,0.13127413127413126,0.03088803088803091,0.003861003861003861,0.007722007722007722,-0.003861003861003861,0.08108108108108109,0.05405405405405406,0.02702702702702703,0.11969111969111969,0.13127413127413126,-0.011583011583011574,0.03861003861003861,259
FD002,2024,asym,core,10.0,10.0,test engine endpoint,post-result exploratory static maintenance-triage sensitivity,0.1274131274131274,0.16216216216216217,-0.03474903474903476,0.003861003861003861,0.003861003861003861,0.0,0.04633204633204633,0.08108108108108109,-0.034749034749034756,0.08494208494208494,0.11969111969111969,-0.03474903474903475,0.04247104247104247,259
FD002,2024,asym,rast,20.0,2.0,test engine endpoint,post-result exploratory static maintenance-triage sensitivity,0.22007722007722008,0.22007722007722008,0.0,0.0,0.003861003861003861,-0.003861003861003861,0.015444015444015444,0.019305019305019305,-0.0038610038610038602,0.015444015444015444,0.02702702702702703,-0.011583011583011584,0.007722007722007722,259
FD002,2024,core,rast,20.0,2.0,test engine endpoint,post-result exploratory static maintenance-triage sensitivity,0.23166023166023167,0.22007722007722008,0.011583011583011588,0.0,0.003861003861003861,-0.003861003861003861,0.02702702702702703,0.019305019305019305,0.007722007722007724,0.02702702702702703,0.02702702702702703,0.0,0.011583011583011582,259
FD002,2024,asym,core,20.0,2.0,test engine endpoint,post-result exploratory static maintenance-triage sensitivity,0.22007722007722008,0.23166023166023167,-0.011583011583011588,0.0,0.0,0.0,0.015444015444015444,0.02702702702702703,-0.011583011583011584,0.015444015444015444,0.02702702702702703,-0.011583011583011584,0.011583011583011582,259
FD002,2024,asym,rast,20.0,5.0,test engine endpoint,post-result exploratory static maintenance-triage sensitivity,0.22007722007722008,0.22007722007722008,0.0,0.0,0.003861003861003861,-0.003861003861003861,0.015444015444015444,0.019305019305019305,-0.0038610038610038602,0.015444015444015444,0.03861003861003861,-0.023166023166023165,0.007722007722007722,259
FD002,2024,core,rast,20.0,5.0,test engine endpoint,post-result exploratory static maintenance-triage sensitivity,0.23166023166023167,0.22007722007722008,0.011583011583011588,0.0,0.003861003861003861,-0.003861003861003861,0.02702702702702703,0.019305019305019305,0.007722007722007724,0.02702702702702703,0.03861003861003861,-0.01158301158301158,0.011583011583011582,259
FD002,2024,asym,core,20.0,5.0,test engine endpoint,post-result exploratory static maintenance-triage sensitivity,0.22007722007722008,0.23166023166023167,-0.011583011583011588,0.0,0.0,0.0,0.015444015444015444,0.02702702702702703,-0.011583011583011584,0.015444015444015444,0.02702702702702703,-0.011583011583011584,0.011583011583011582,259
FD002,2024,asym,rast,20.0,10.0,test engine endpoint,post-result exploratory static maintenance-triage sensitivity,0.22007722007722008,0.22007722007722008,0.0,0.0,0.003861003861003861,-0.003861003861003861,0.015444015444015444,0.019305019305019305,-0.0038610038610038602,0.015444015444015444,0.05791505791505792,-0.04247104247104247,0.007722007722007722,259
FD002,2024,core,rast,20.0,10.0,test engine endpoint,post-result exploratory static maintenance-triage sensitivity,0.23166023166023167,0.22007722007722008,0.011583011583011588,0.0,0.003861003861003861,-0.003861003861003861,0.02702702702702703,0.019305019305019305,0.007722007722007724,0.02702702702702703,0.05791505791505792,-0.03088803088803089,0.011583011583011582,259
FD002,2024,asym,core,20.0,10.0,test engine endpoint,post-result exploratory static maintenance-triage sensitivity,0.22007722007722008,0.23166023166023167,-0.011583011583011588,0.0,0.0,0.0,0.015444015444015444,0.02702702702702703,-0.011583011583011584,0.015444015444015444,0.02702702702702703,-0.011583011583011584,0.011583011583011582,259
FD002,2024,asym,rast,30.0,2.0,test engine endpoint,post-result exploratory static maintenance-triage sensitivity,0.26640926640926643,0.2548262548262548,0.011583011583011615,0.0,0.0,0.0,0.03088803088803089,0.019305019305019305,0.011583011583011584,0.03088803088803089,0.019305019305019305,0.011583011583011584,0.011583011583011582,259
FD002,2024,core,rast,30.0,2.0,test engine endpoint,post-result exploratory static maintenance-triage sensitivity,0.26640926640926643,0.2548262548262548,0.011583011583011615,0.0,0.0,0.0,0.03088803088803089,0.019305019305019305,0.011583011583011584,0.03088803088803089,0.019305019305019305,0.011583011583011584,0.011583011583011582,259
FD002,2024,asym,core,30.0,2.0,test engine endpoint,post-result exploratory static maintenance-triage sensitivity,0.26640926640926643,0.26640926640926643,0.0,0.0,0.0,0.0,0.03088803088803089,0.03088803088803089,0.0,0.03088803088803089,0.03088803088803089,0.0,0.007722007722007722,259
FD002,2024,asym,rast,30.0,5.0,test engine endpoint,post-result exploratory static maintenance-triage sensitivity,0.26640926640926643,0.2548262548262548,0.011583011583011615,0.0,0.0,0.0,0.03088803088803089,0.019305019305019305,0.011583011583011584,0.03088803088803089,0.019305019305019305,0.011583011583011584,0.011583011583011582,259
FD002,2024,core,rast,30.0,5.0,test engine endpoint,post-result exploratory static maintenance-triage sensitivity,0.26640926640926643,0.2548262548262548,0.011583011583011615,0.0,0.0,0.0,0.03088803088803089,0.019305019305019305,0.011583011583011584,0.03088803088803089,0.019305019305019305,0.011583011583011584,0.011583011583011582,259
FD002,2024,asym,core,30.0,5.0,test engine endpoint,post-result exploratory static maintenance-triage sensitivity,0.26640926640926643,0.26640926640926643,0.0,0.0,0.0,0.0,0.03088803088803089,0.03088803088803089,0.0,0.03088803088803089,0.03088803088803089,0.0,0.007722007722007722,259
FD002,2024,asym,rast,30.0,10.0,test engine endpoint,post-result exploratory static maintenance-triage sensitivity,0.26640926640926643,0.2548262548262548,0.011583011583011615,0.0,0.0,0.0,0.03088803088803089,0.019305019305019305,0.011583011583011584,0.03088803088803089,0.019305019305019305,0.011583011583011584,0.011583011583011582,259
FD002,2024,core,rast,30.0,10.0,test engine endpoint,post-result exploratory static maintenance-triage sensitivity,0.26640926640926643,0.2548262548262548,0.011583011583011615,0.0,0.0,0.0,0.03088803088803089,0.019305019305019305,0.011583011583011584,0.03088803088803089,0.019305019305019305,0.011583011583011584,0.011583011583011582,259
FD002,2024,asym,core,30.0,10.0,test engine endpoint,post-result exploratory static maintenance-triage sensitivity,0.26640926640926643,0.26640926640926643,0.0,0.0,0.0,0.0,0.03088803088803089,0.03088803088803089,0.0,0.03088803088803089,0.03088803088803089,0.0,0.007722007722007722,259
FD002,2025,asym,rast,10.0,2.0,test engine endpoint,post-result exploratory static maintenance-triage sensitivity,0.16602316602316602,0.16216216216216217,0.0038610038610038533,0.003861003861003861,0.0,0.003861003861003861,0.08494208494208494,0.07722007722007722,0.0077220077220077205,0.09266409266409266,0.07722007722007722,0.015444015444015441,0.011583011583011582,259
FD002,2025,core,rast,10.0,2.0,test engine endpoint,post-result exploratory static maintenance-triage sensitivity,0.16216216216216217,0.16216216216216217,0.0,0.003861003861003861,0.0,0.003861003861003861,0.08108108108108109,0.07722007722007722,0.003861003861003867,0.0888030888030888,0.07722007722007722,0.011583011583011588,0.007722007722007722,259
FD002,2025,asym,core,10.0,2.0,test engine endpoint,post-result exploratory static maintenance-triage sensitivity,0.16602316602316602,0.16216216216216217,0.0038610038610038533,0.003861003861003861,0.003861003861003861,0.0,0.08494208494208494,0.08108108108108109,0.0038610038610038533,0.09266409266409266,0.0888030888030888,0.0038610038610038533,0.011583011583011582,259
FD002,2025,asym,rast,10.0,5.0,test engine endpoint,post-result exploratory static maintenance-triage sensitivity,0.16602316602316602,0.16216216216216217,0.0038610038610038533,0.003861003861003861,0.0,0.003861003861003861,0.08494208494208494,0.07722007722007722,0.0077220077220077205,0.10424710424710425,0.07722007722007722,0.02702702702702703,0.011583011583011582,259
FD002,2025,core,rast,10.0,5.0,test engine endpoint,post-result exploratory static maintenance-triage sensitivity,0.16216216216216217,0.16216216216216217,0.0,0.003861003861003861,0.0,0.003861003861003861,0.08108108108108109,0.07722007722007722,0.003861003861003867,0.10038610038610038,0.07722007722007722,0.02316602316602316,0.007722007722007722,259
FD002,2025,asym,core,10.0,5.0,test engine endpoint,post-result exploratory static maintenance-triage sensitivity,0.16602316602316602,0.16216216216216217,0.0038610038610038533,0.003861003861003861,0.003861003861003861,0.0,0.08494208494208494,0.08108108108108109,0.0038610038610038533,0.10424710424710425,0.10038610038610038,0.003861003861003867,0.011583011583011582,259
FD002,2025,asym,rast,10.0,10.0,test engine endpoint,post-result exploratory static maintenance-triage sensitivity,0.16602316602316602,0.16216216216216217,0.0038610038610038533,0.003861003861003861,0.0,0.003861003861003861,0.08494208494208494,0.07722007722007722,0.0077220077220077205,0.12355212355212356,0.07722007722007722,0.04633204633204634,0.011583011583011582,259
FD002,2025,core,rast,10.0,10.0,test engine endpoint,post-result exploratory static maintenance-triage sensitivity,0.16216216216216217,0.16216216216216217,0.0,0.003861003861003861,0.0,0.003861003861003861,0.08108108108108109,0.07722007722007722,0.003861003861003867,0.11969111969111969,0.07722007722007722,0.04247104247104247,0.007722007722007722,259
FD002,2025,asym,core,10.0,10.0,test engine endpoint,post-result exploratory static maintenance-triage sensitivity,0.16602316602316602,0.16216216216216217,0.0038610038610038533,0.003861003861003861,0.003861003861003861,0.0,0.08494208494208494,0.08108108108108109,0.0038610038610038533,0.12355212355212356,0.11969111969111969,0.003861003861003867,0.011583011583011582,259
FD002,2025,asym,rast,20.0,2.0,test engine endpoint,post-result exploratory static maintenance-triage sensitivity,0.2277992277992278,0.23166023166023167,-0.003861003861003881,0.0,0.0,0.0,0.023166023166023165,0.02702702702702703,-0.0038610038610038637,0.023166023166023165,0.02702702702702703,-0.0038610038610038637,0.003861003861003861,259
FD002,2025,core,rast,20.0,2.0,test engine endpoint,post-result exploratory static maintenance-triage sensitivity,0.2277992277992278,0.23166023166023167,-0.003861003861003881,0.0,0.0,0.0,0.023166023166023165,0.02702702702702703,-0.0038610038610038637,0.023166023166023165,0.02702702702702703,-0.0038610038610038637,0.003861003861003861,259
FD002,2025,asym,core,20.0,2.0,test engine endpoint,post-result exploratory static maintenance-triage sensitivity,0.2277992277992278,0.2277992277992278,0.0,0.0,0.0,0.0,0.023166023166023165,0.023166023166023165,0.0,0.023166023166023165,0.023166023166023165,0.0,0.0,259
FD002,2025,asym,rast,20.0,5.0,test engine endpoint,post-result exploratory static maintenance-triage sensitivity,0.2277992277992278,0.23166023166023167,-0.003861003861003881,0.0,0.0,0.0,0.023166023166023165,0.02702702702702703,-0.0038610038610038637,0.023166023166023165,0.02702702702702703,-0.0038610038610038637,0.003861003861003861,259
FD002,2025,core,rast,20.0,5.0,test engine endpoint,post-result exploratory static maintenance-triage sensitivity,0.2277992277992278,0.23166023166023167,-0.003861003861003881,0.0,0.0,0.0,0.023166023166023165,0.02702702702702703,-0.0038610038610038637,0.023166023166023165,0.02702702702702703,-0.0038610038610038637,0.003861003861003861,259
FD002,2025,asym,core,20.0,5.0,test engine endpoint,post-result exploratory static maintenance-triage sensitivity,0.2277992277992278,0.2277992277992278,0.0,0.0,0.0,0.0,0.023166023166023165,0.023166023166023165,0.0,0.023166023166023165,0.023166023166023165,0.0,0.0,259
FD002,2025,asym,rast,20.0,10.0,test engine endpoint,post-result exploratory static maintenance-triage sensitivity,0.2277992277992278,0.23166023166023167,-0.003861003861003881,0.0,0.0,0.0,0.023166023166023165,0.02702702702702703,-0.0038610038610038637,0.023166023166023165,0.02702702702702703,-0.0038610038610038637,0.003861003861003861,259
FD002,2025,core,rast,20.0,10.0,test engine endpoint,post-result exploratory static maintenance-triage sensitivity,0.2277992277992278,0.23166023166023167,-0.003861003861003881,0.0,0.0,0.0,0.023166023166023165,0.02702702702702703,-0.0038610038610038637,0.023166023166023165,0.02702702702702703,-0.0038610038610038637,0.003861003861003861,259
FD002,2025,asym,core,20.0,10.0,test engine endpoint,post-result exploratory static maintenance-triage sensitivity,0.2277992277992278,0.2277992277992278,0.0,0.0,0.0,0.0,0.023166023166023165,0.023166023166023165,0.0,0.023166023166023165,0.023166023166023165,0.0,0.0,259
FD002,2025,asym,rast,30.0,2.0,test engine endpoint,post-result exploratory static maintenance-triage sensitivity,0.2702702702702703,0.27413127413127414,-0.0038610038610038533,0.0,0.0,0.0,0.03474903474903475,0.03861003861003861,-0.0038610038610038602,0.03474903474903475,0.03861003861003861,-0.0038610038610038602,0.011583011583011582,259
FD002,2025,core,rast,30.0,2.0,test engine endpoint,post-result exploratory static maintenance-triage sensitivity,0.2702702702702703,0.27413127413127414,-0.0038610038610038533,0.0,0.0,0.0,0.03474903474903475,0.03861003861003861,-0.0038610038610038602,0.03474903474903475,0.03861003861003861,-0.0038610038610038602,0.011583011583011582,259
FD002,2025,asym,core,30.0,2.0,test engine endpoint,post-result exploratory static maintenance-triage sensitivity,0.2702702702702703,0.2702702702702703,0.0,0.0,0.0,0.0,0.03474903474903475,0.03474903474903475,0.0,0.03474903474903475,0.03474903474903475,0.0,0.0,259
FD002,2025,asym,rast,30.0,5.0,test engine endpoint,post-result exploratory static maintenance-triage sensitivity,0.2702702702702703,0.27413127413127414,-0.0038610038610038533,0.0,0.0,0.0,0.03474903474903475,0.03861003861003861,-0.0038610038610038602,0.03474903474903475,0.03861003861003861,-0.0038610038610038602,0.011583011583011582,259
FD002,2025,core,rast,30.0,5.0,test engine endpoint,post-result exploratory static maintenance-triage sensitivity,0.2702702702702703,0.27413127413127414,-0.0038610038610038533,0.0,0.0,0.0,0.03474903474903475,0.03861003861003861,-0.0038610038610038602,0.03474903474903475,0.03861003861003861,-0.0038610038610038602,0.011583011583011582,259
FD002,2025,asym,core,30.0,5.0,test engine endpoint,post-result exploratory static maintenance-triage sensitivity,0.2702702702702703,0.2702702702702703,0.0,0.0,0.0,0.0,0.03474903474903475,0.03474903474903475,0.0,0.03474903474903475,0.03474903474903475,0.0,0.0,259
FD002,2025,asym,rast,30.0,10.0,test engine endpoint,post-result exploratory static maintenance-triage sensitivity,0.2702702702702703,0.27413127413127414,-0.0038610038610038533,0.0,0.0,0.0,0.03474903474903475,0.03861003861003861,-0.0038610038610038602,0.03474903474903475,0.03861003861003861,-0.0038610038610038602,0.011583011583011582,259
FD002,2025,core,rast,30.0,10.0,test engine endpoint,post-result exploratory static maintenance-triage sensitivity,0.2702702702702703,0.27413127413127414,-0.0038610038610038533,0.0,0.0,0.0,0.03474903474903475,0.03861003861003861,-0.0038610038610038602,0.03474903474903475,0.03861003861003861,-0.0038610038610038602,0.011583011583011582,259
FD002,2025,asym,core,30.0,10.0,test engine endpoint,post-result exploratory static maintenance-triage sensitivity,0.2702702702702703,0.2702702702702703,0.0,0.0,0.0,0.0,0.03474903474903475,0.03474903474903475,0.0,0.03474903474903475,0.03474903474903475,0.0,0.0,259
FD002,2026,asym,rast,10.0,2.0,test engine endpoint,post-result exploratory static maintenance-triage sensitivity,0.16602316602316602,0.11969111969111969,0.04633204633204634,0.003861003861003861,0.007722007722007722,-0.003861003861003861,0.08494208494208494,0.04247104247104247,0.04247104247104247,0.09266409266409266,0.05791505791505792,0.03474903474903474,0.04633204633204633,259
FD002,2026,core,rast,10.0,2.0,test engine endpoint,post-result exploratory static maintenance-triage sensitivity,0.16988416988416988,0.11969111969111969,0.05019305019305019,0.0,0.007722007722007722,-0.007722007722007722,0.08494208494208494,0.04247104247104247,0.04247104247104247,0.08494208494208494,0.05791505791505792,0.02702702702702702,0.05019305019305019,259
FD002,2026,asym,core,10.0,2.0,test engine endpoint,post-result exploratory static maintenance-triage sensitivity,0.16602316602316602,0.16988416988416988,-0.0038610038610038533,0.003861003861003861,0.0,0.003861003861003861,0.08494208494208494,0.08494208494208494,0.0,0.09266409266409266,0.08494208494208494,0.0077220077220077205,0.011583011583011582,259
FD002,2026,asym,rast,10.0,5.0,test engine endpoint,post-result exploratory static maintenance-triage sensitivity,0.16602316602316602,0.11969111969111969,0.04633204633204634,0.003861003861003861,0.007722007722007722,-0.003861003861003861,0.08494208494208494,0.04247104247104247,0.04247104247104247,0.10424710424710425,0.08108108108108109,0.02316602316602316,0.04633204633204633,259
FD002,2026,core,rast,10.0,5.0,test engine endpoint,post-result exploratory static maintenance-triage sensitivity,0.16988416988416988,0.11969111969111969,0.05019305019305019,0.0,0.007722007722007722,-0.007722007722007722,0.08494208494208494,0.04247104247104247,0.04247104247104247,0.08494208494208494,0.08108108108108109,0.0038610038610038533,0.05019305019305019,259
FD002,2026,asym,core,10.0,5.0,test engine endpoint,post-result exploratory static maintenance-triage sensitivity,0.16602316602316602,0.16988416988416988,-0.0038610038610038533,0.003861003861003861,0.0,0.003861003861003861,0.08494208494208494,0.08494208494208494,0.0,0.10424710424710425,0.08494208494208494,0.019305019305019308,0.011583011583011582,259
FD002,2026,asym,rast,10.0,10.0,test engine endpoint,post-result exploratory static maintenance-triage sensitivity,0.16602316602316602,0.11969111969111969,0.04633204633204634,0.003861003861003861,0.007722007722007722,-0.003861003861003861,0.08494208494208494,0.04247104247104247,0.04247104247104247,0.12355212355212356,0.11969111969111969,0.003861003861003867,0.04633204633204633,259
FD002,2026,core,rast,10.0,10.0,test engine endpoint,post-result exploratory static maintenance-triage sensitivity,0.16988416988416988,0.11969111969111969,0.05019305019305019,0.0,0.007722007722007722,-0.007722007722007722,0.08494208494208494,0.04247104247104247,0.04247104247104247,0.08494208494208494,0.11969111969111969,-0.03474903474903475,0.05019305019305019,259
FD002,2026,asym,core,10.0,10.0,test engine endpoint,post-result exploratory static maintenance-triage sensitivity,0.16602316602316602,0.16988416988416988,-0.0038610038610038533,0.003861003861003861,0.0,0.003861003861003861,0.08494208494208494,0.08494208494208494,0.0,0.12355212355212356,0.08494208494208494,0.038610038610038616,0.011583011583011582,259
FD002,2026,asym,rast,20.0,2.0,test engine endpoint,post-result exploratory static maintenance-triage sensitivity,0.23552123552123552,0.22393822393822393,0.011583011583011588,0.0,0.0,0.0,0.03088803088803089,0.019305019305019305,0.011583011583011584,0.03088803088803089,0.019305019305019305,0.011583011583011584,0.011583011583011582,259
FD002,2026,core,rast,20.0,2.0,test engine endpoint,post-result exploratory static maintenance-triage sensitivity,0.24324324324324326,0.22393822393822393,0.019305019305019322,0.0,0.0,0.0,0.03861003861003861,0.019305019305019305,0.019305019305019305,0.03861003861003861,0.019305019305019305,0.019305019305019305,0.019305019305019305,259
FD002,2026,asym,core,20.0,2.0,test engine endpoint,post-result exploratory static maintenance-triage sensitivity,0.23552123552123552,0.24324324324324326,-0.007722007722007734,0.0,0.0,0.0,0.03088803088803089,0.03861003861003861,-0.0077220077220077205,0.03088803088803089,0.03861003861003861,-0.0077220077220077205,0.007722007722007722,259
FD002,2026,asym,rast,20.0,5.0,test engine endpoint,post-result exploratory static maintenance-triage sensitivity,0.23552123552123552,0.22393822393822393,0.011583011583011588,0.0,0.0,0.0,0.03088803088803089,0.019305019305019305,0.011583011583011584,0.03088803088803089,0.019305019305019305,0.011583011583011584,0.011583011583011582,259
FD002,2026,core,rast,20.0,5.0,test engine endpoint,post-result exploratory static maintenance-triage sensitivity,0.24324324324324326,0.22393822393822393,0.019305019305019322,0.0,0.0,0.0,0.03861003861003861,0.019305019305019305,0.019305019305019305,0.03861003861003861,0.019305019305019305,0.019305019305019305,0.019305019305019305,259
FD002,2026,asym,core,20.0,5.0,test engine endpoint,post-result exploratory static maintenance-triage sensitivity,0.23552123552123552,0.24324324324324326,-0.007722007722007734,0.0,0.0,0.0,0.03088803088803089,0.03861003861003861,-0.0077220077220077205,0.03088803088803089,0.03861003861003861,-0.0077220077220077205,0.007722007722007722,259
FD002,2026,asym,rast,20.0,10.0,test engine endpoint,post-result exploratory static maintenance-triage sensitivity,0.23552123552123552,0.22393822393822393,0.011583011583011588,0.0,0.0,0.0,0.03088803088803089,0.019305019305019305,0.011583011583011584,0.03088803088803089,0.019305019305019305,0.011583011583011584,0.011583011583011582,259
FD002,2026,core,rast,20.0,10.0,test engine endpoint,post-result exploratory static maintenance-triage sensitivity,0.24324324324324326,0.22393822393822393,0.019305019305019322,0.0,0.0,0.0,0.03861003861003861,0.019305019305019305,0.019305019305019305,0.03861003861003861,0.019305019305019305,0.019305019305019305,0.019305019305019305,259
FD002,2026,asym,core,20.0,10.0,test engine endpoint,post-result exploratory static maintenance-triage sensitivity,0.23552123552123552,0.24324324324324326,-0.007722007722007734,0.0,0.0,0.0,0.03088803088803089,0.03861003861003861,-0.0077220077220077205,0.03088803088803089,0.03861003861003861,-0.0077220077220077205,0.007722007722007722,259
FD002,2026,asym,rast,30.0,2.0,test engine endpoint,post-result exploratory static maintenance-triage sensitivity,0.27413127413127414,0.2625482625482625,0.011583011583011615,0.0,0.0,0.0,0.03861003861003861,0.02702702702702703,0.01158301158301158,0.03861003861003861,0.02702702702702703,0.01158301158301158,0.011583011583011582,259
FD002,2026,core,rast,30.0,2.0,test engine endpoint,post-result exploratory static maintenance-triage sensitivity,0.28957528957528955,0.2625482625482625,0.02702702702702703,0.0,0.0,0.0,0.05405405405405406,0.02702702702702703,0.02702702702702703,0.05405405405405406,0.02702702702702703,0.02702702702702703,0.02702702702702703,259
FD002,2026,asym,core,30.0,2.0,test engine endpoint,post-result exploratory static maintenance-triage sensitivity,0.27413127413127414,0.28957528957528955,-0.015444015444015413,0.0,0.0,0.0,0.03861003861003861,0.05405405405405406,-0.015444015444015448,0.03861003861003861,0.05405405405405406,-0.015444015444015448,0.015444015444015444,259
FD002,2026,asym,rast,30.0,5.0,test engine endpoint,post-result exploratory static maintenance-triage sensitivity,0.27413127413127414,0.2625482625482625,0.011583011583011615,0.0,0.0,0.0,0.03861003861003861,0.02702702702702703,0.01158301158301158,0.03861003861003861,0.02702702702702703,0.01158301158301158,0.011583011583011582,259
FD002,2026,core,rast,30.0,5.0,test engine endpoint,post-result exploratory static maintenance-triage sensitivity,0.28957528957528955,0.2625482625482625,0.02702702702702703,0.0,0.0,0.0,0.05405405405405406,0.02702702702702703,0.02702702702702703,0.05405405405405406,0.02702702702702703,0.02702702702702703,0.02702702702702703,259
FD002,2026,asym,core,30.0,5.0,test engine endpoint,post-result exploratory static maintenance-triage sensitivity,0.27413127413127414,0.28957528957528955,-0.015444015444015413,0.0,0.0,0.0,0.03861003861003861,0.05405405405405406,-0.015444015444015448,0.03861003861003861,0.05405405405405406,-0.015444015444015448,0.015444015444015444,259
FD002,2026,asym,rast,30.0,10.0,test engine endpoint,post-result exploratory static maintenance-triage sensitivity,0.27413127413127414,0.2625482625482625,0.011583011583011615,0.0,0.0,0.0,0.03861003861003861,0.02702702702702703,0.01158301158301158,0.03861003861003861,0.02702702702702703,0.01158301158301158,0.011583011583011582,259
FD002,2026,core,rast,30.0,10.0,test engine endpoint,post-result exploratory static maintenance-triage sensitivity,0.28957528957528955,0.2625482625482625,0.02702702702702703,0.0,0.0,0.0,0.05405405405405406,0.02702702702702703,0.02702702702702703,0.05405405405405406,0.02702702702702703,0.02702702702702703,0.02702702702702703,259
FD002,2026,asym,core,30.0,10.0,test engine endpoint,post-result exploratory static maintenance-triage sensitivity,0.27413127413127414,0.28957528957528955,-0.015444015444015413,0.0,0.0,0.0,0.03861003861003861,0.05405405405405406,-0.015444015444015448,0.03861003861003861,0.05405405405405406,-0.015444015444015448,0.015444015444015444,259
FD003,42,asym,rast,10.0,2.0,test engine endpoint,post-result exploratory static maintenance-triage sensitivity,0.06,0.08,-0.020000000000000004,0.0,0.0,0.0,0.0,0.02,-0.02,0.0,0.02,-0.02,0.02,100
FD003,42,core,rast,10.0,2.0,test engine endpoint,post-result exploratory static maintenance-triage sensitivity,0.08,0.08,0.0,0.0,0.0,0.0,0.02,0.02,0.0,0.02,0.02,0.0,0.02,100
FD003,42,asym,core,10.0,2.0,test engine endpoint,post-result exploratory static maintenance-triage sensitivity,0.06,0.08,-0.020000000000000004,0.0,0.0,0.0,0.0,0.02,-0.02,0.0,0.02,-0.02,0.02,100
FD003,42,asym,rast,10.0,5.0,test engine endpoint,post-result exploratory static maintenance-triage sensitivity,0.06,0.08,-0.020000000000000004,0.0,0.0,0.0,0.0,0.02,-0.02,0.0,0.02,-0.02,0.02,100
FD003,42,core,rast,10.0,5.0,test engine endpoint,post-result exploratory static maintenance-triage sensitivity,0.08,0.08,0.0,0.0,0.0,0.0,0.02,0.02,0.0,0.02,0.02,0.0,0.02,100
FD003,42,asym,core,10.0,5.0,test engine endpoint,post-result exploratory static maintenance-triage sensitivity,0.06,0.08,-0.020000000000000004,0.0,0.0,0.0,0.0,0.02,-0.02,0.0,0.02,-0.02,0.02,100
FD003,42,asym,rast,10.0,10.0,test engine endpoint,post-result exploratory static maintenance-triage sensitivity,0.06,0.08,-0.020000000000000004,0.0,0.0,0.0,0.0,0.02,-0.02,0.0,0.02,-0.02,0.02,100
FD003,42,core,rast,10.0,10.0,test engine endpoint,post-result exploratory static maintenance-triage sensitivity,0.08,0.08,0.0,0.0,0.0,0.0,0.02,0.02,0.0,0.02,0.02,0.0,0.02,100
FD003,42,asym,core,10.0,10.0,test engine endpoint,post-result exploratory static maintenance-triage sensitivity,0.06,0.08,-0.020000000000000004,0.0,0.0,0.0,0.0,0.02,-0.02,0.0,0.02,-0.02,0.02,100
FD003,42,asym,rast,20.0,2.0,test engine endpoint,post-result exploratory static maintenance-triage sensitivity,0.14,0.15,-0.009999999999999981,0.0,0.01,-0.01,0.0,0.02,-0.02,0.0,0.04,-0.04,0.03,100
FD003,42,core,rast,20.0,2.0,test engine endpoint,post-result exploratory static maintenance-triage sensitivity,0.14,0.15,-0.009999999999999981,0.0,0.01,-0.01,0.0,0.02,-0.02,0.0,0.04,-0.04,0.03,100
FD003,42,asym,core,20.0,2.0,test engine endpoint,post-result exploratory static maintenance-triage sensitivity,0.14,0.14,0.0,0.0,0.0,0.0,0.0,0.0,0.0,0.0,0.0,0.0,0.0,100
FD003,42,asym,rast,20.0,5.0,test engine endpoint,post-result exploratory static maintenance-triage sensitivity,0.14,0.15,-0.009999999999999981,0.0,0.01,-0.01,0.0,0.02,-0.02,0.0,0.07,-0.07,0.03,100
FD003,42,core,rast,20.0,5.0,test engine endpoint,post-result exploratory static maintenance-triage sensitivity,0.14,0.15,-0.009999999999999981,0.0,0.01,-0.01,0.0,0.02,-0.02,0.0,0.07,-0.07,0.03,100
FD003,42,asym,core,20.0,5.0,test engine endpoint,post-result exploratory static maintenance-triage sensitivity,0.14,0.14,0.0,0.0,0.0,0.0,0.0,0.0,0.0,0.0,0.0,0.0,0.0,100
FD003,42,asym,rast,20.0,10.0,test engine endpoint,post-result exploratory static maintenance-triage sensitivity,0.14,0.15,-0.009999999999999981,0.0,0.01,-0.01,0.0,0.02,-0.02,0.0,0.12,-0.12,0.03,100
FD003,42,core,rast,20.0,10.0,test engine endpoint,post-result exploratory static maintenance-triage sensitivity,0.14,0.15,-0.009999999999999981,0.0,0.01,-0.01,0.0,0.02,-0.02,0.0,0.12,-0.12,0.03,100
FD003,42,asym,core,20.0,10.0,test engine endpoint,post-result exploratory static maintenance-triage sensitivity,0.14,0.14,0.0,0.0,0.0,0.0,0.0,0.0,0.0,0.0,0.0,0.0,0.0,100
FD003,42,asym,rast,30.0,2.0,test engine endpoint,post-result exploratory static maintenance-triage sensitivity,0.2,0.22,-0.01999999999999999,0.01,0.0,0.01,0.01,0.02,-0.01,0.03,0.02,0.009999999999999998,0.02,100
FD003,42,core,rast,30.0,2.0,test engine endpoint,post-result exploratory static maintenance-triage sensitivity,0.2,0.22,-0.01999999999999999,0.01,0.0,0.01,0.01,0.02,-0.01,0.03,0.02,0.009999999999999998,0.02,100
FD003,42,asym,core,30.0,2.0,test engine endpoint,post-result exploratory static maintenance-triage sensitivity,0.2,0.2,0.0,0.01,0.01,0.0,0.01,0.01,0.0,0.03,0.03,0.0,0.02,100
FD003,42,asym,rast,30.0,5.0,test engine endpoint,post-result exploratory static maintenance-triage sensitivity,0.2,0.22,-0.01999999999999999,0.01,0.0,0.01,0.01,0.02,-0.01,0.06,0.02,0.039999999999999994,0.02,100
FD003,42,core,rast,30.0,5.0,test engine endpoint,post-result exploratory static maintenance-triage sensitivity,0.2,0.22,-0.01999999999999999,0.01,0.0,0.01,0.01,0.02,-0.01,0.06,0.02,0.039999999999999994,0.02,100
FD003,42,asym,core,30.0,5.0,test engine endpoint,post-result exploratory static maintenance-triage sensitivity,0.2,0.2,0.0,0.01,0.01,0.0,0.01,0.01,0.0,0.06,0.06,0.0,0.02,100
FD003,42,asym,rast,30.0,10.0,test engine endpoint,post-result exploratory static maintenance-triage sensitivity,0.2,0.22,-0.01999999999999999,0.01,0.0,0.01,0.01,0.02,-0.01,0.11,0.02,0.09,0.02,100
FD003,42,core,rast,30.0,10.0,test engine endpoint,post-result exploratory static maintenance-triage sensitivity,0.2,0.22,-0.01999999999999999,0.01,0.0,0.01,0.01,0.02,-0.01,0.11,0.02,0.09,0.02,100
FD003,42,asym,core,30.0,10.0,test engine endpoint,post-result exploratory static maintenance-triage sensitivity,0.2,0.2,0.0,0.01,0.01,0.0,0.01,0.01,0.0,0.11,0.11,0.0,0.02,100
FD003,123,asym,rast,10.0,2.0,test engine endpoint,post-result exploratory static maintenance-triage sensitivity,0.07,0.1,-0.03,0.0,0.0,0.0,0.01,0.04,-0.03,0.01,0.04,-0.03,0.03,100
FD003,123,core,rast,10.0,2.0,test engine endpoint,post-result exploratory static maintenance-triage sensitivity,0.09,0.1,-0.010000000000000009,0.0,0.0,0.0,0.03,0.04,-0.010000000000000002,0.03,0.04,-0.010000000000000002,0.01,100
FD003,123,asym,core,10.0,2.0,test engine endpoint,post-result exploratory static maintenance-triage sensitivity,0.07,0.09,-0.01999999999999999,0.0,0.0,0.0,0.01,0.03,-0.019999999999999997,0.01,0.03,-0.019999999999999997,0.02,100
FD003,123,asym,rast,10.0,5.0,test engine endpoint,post-result exploratory static maintenance-triage sensitivity,0.07,0.1,-0.03,0.0,0.0,0.0,0.01,0.04,-0.03,0.01,0.04,-0.03,0.03,100
FD003,123,core,rast,10.0,5.0,test engine endpoint,post-result exploratory static maintenance-triage sensitivity,0.09,0.1,-0.010000000000000009,0.0,0.0,0.0,0.03,0.04,-0.010000000000000002,0.03,0.04,-0.010000000000000002,0.01,100
FD003,123,asym,core,10.0,5.0,test engine endpoint,post-result exploratory static maintenance-triage sensitivity,0.07,0.09,-0.01999999999999999,0.0,0.0,0.0,0.01,0.03,-0.019999999999999997,0.01,0.03,-0.019999999999999997,0.02,100
FD003,123,asym,rast,10.0,10.0,test engine endpoint,post-result exploratory static maintenance-triage sensitivity,0.07,0.1,-0.03,0.0,0.0,0.0,0.01,0.04,-0.03,0.01,0.04,-0.03,0.03,100
FD003,123,core,rast,10.0,10.0,test engine endpoint,post-result exploratory static maintenance-triage sensitivity,0.09,0.1,-0.010000000000000009,0.0,0.0,0.0,0.03,0.04,-0.010000000000000002,0.03,0.04,-0.010000000000000002,0.01,100
FD003,123,asym,core,10.0,10.0,test engine endpoint,post-result exploratory static maintenance-triage sensitivity,0.07,0.09,-0.01999999999999999,0.0,0.0,0.0,0.01,0.03,-0.019999999999999997,0.01,0.03,-0.019999999999999997,0.02,100
FD003,123,asym,rast,20.0,2.0,test engine endpoint,post-result exploratory static maintenance-triage sensitivity,0.16,0.18,-0.01999999999999999,0.0,0.0,0.0,0.02,0.04,-0.02,0.02,0.04,-0.02,0.02,100
FD003,123,core,rast,20.0,2.0,test engine endpoint,post-result exploratory static maintenance-triage sensitivity,0.17,0.18,-0.009999999999999981,0.0,0.0,0.0,0.03,0.04,-0.010000000000000002,0.03,0.04,-0.010000000000000002,0.01,100
FD003,123,asym,core,20.0,2.0,test engine endpoint,post-result exploratory static maintenance-triage sensitivity,0.16,0.17,-0.010000000000000009,0.0,0.0,0.0,0.02,0.03,-0.009999999999999998,0.02,0.03,-0.009999999999999998,0.01,100
FD003,123,asym,rast,20.0,5.0,test engine endpoint,post-result exploratory static maintenance-triage sensitivity,0.16,0.18,-0.01999999999999999,0.0,0.0,0.0,0.02,0.04,-0.02,0.02,0.04,-0.02,0.02,100
FD003,123,core,rast,20.0,5.0,test engine endpoint,post-result exploratory static maintenance-triage sensitivity,0.17,0.18,-0.009999999999999981,0.0,0.0,0.0,0.03,0.04,-0.010000000000000002,0.03,0.04,-0.010000000000000002,0.01,100
FD003,123,asym,core,20.0,5.0,test engine endpoint,post-result exploratory static maintenance-triage sensitivity,0.16,0.17,-0.010000000000000009,0.0,0.0,0.0,0.02,0.03,-0.009999999999999998,0.02,0.03,-0.009999999999999998,0.01,100
FD003,123,asym,rast,20.0,10.0,test engine endpoint,post-result exploratory static maintenance-triage sensitivity,0.16,0.18,-0.01999999999999999,0.0,0.0,0.0,0.02,0.04,-0.02,0.02,0.04,-0.02,0.02,100
FD003,123,core,rast,20.0,10.0,test engine endpoint,post-result exploratory static maintenance-triage sensitivity,0.17,0.18,-0.009999999999999981,0.0,0.0,0.0,0.03,0.04,-0.010000000000000002,0.03,0.04,-0.010000000000000002,0.01,100
FD003,123,asym,core,20.0,10.0,test engine endpoint,post-result exploratory static maintenance-triage sensitivity,0.16,0.17,-0.010000000000000009,0.0,0.0,0.0,0.02,0.03,-0.009999999999999998,0.02,0.03,-0.009999999999999998,0.01,100
FD003,123,asym,rast,30.0,2.0,test engine endpoint,post-result exploratory static maintenance-triage sensitivity,0.22,0.22,0.0,0.0,0.0,0.0,0.02,0.02,0.0,0.02,0.02,0.0,0.0,100
FD003,123,core,rast,30.0,2.0,test engine endpoint,post-result exploratory static maintenance-triage sensitivity,0.22,0.22,0.0,0.0,0.0,0.0,0.02,0.02,0.0,0.02,0.02,0.0,0.0,100
FD003,123,asym,core,30.0,2.0,test engine endpoint,post-result exploratory static maintenance-triage sensitivity,0.22,0.22,0.0,0.0,0.0,0.0,0.02,0.02,0.0,0.02,0.02,0.0,0.0,100
FD003,123,asym,rast,30.0,5.0,test engine endpoint,post-result exploratory static maintenance-triage sensitivity,0.22,0.22,0.0,0.0,0.0,0.0,0.02,0.02,0.0,0.02,0.02,0.0,0.0,100
FD003,123,core,rast,30.0,5.0,test engine endpoint,post-result exploratory static maintenance-triage sensitivity,0.22,0.22,0.0,0.0,0.0,0.0,0.02,0.02,0.0,0.02,0.02,0.0,0.0,100
FD003,123,asym,core,30.0,5.0,test engine endpoint,post-result exploratory static maintenance-triage sensitivity,0.22,0.22,0.0,0.0,0.0,0.0,0.02,0.02,0.0,0.02,0.02,0.0,0.0,100
FD003,123,asym,rast,30.0,10.0,test engine endpoint,post-result exploratory static maintenance-triage sensitivity,0.22,0.22,0.0,0.0,0.0,0.0,0.02,0.02,0.0,0.02,0.02,0.0,0.0,100
FD003,123,core,rast,30.0,10.0,test engine endpoint,post-result exploratory static maintenance-triage sensitivity,0.22,0.22,0.0,0.0,0.0,0.0,0.02,0.02,0.0,0.02,0.02,0.0,0.0,100
FD003,123,asym,core,30.0,10.0,test engine endpoint,post-result exploratory static maintenance-triage sensitivity,0.22,0.22,0.0,0.0,0.0,0.0,0.02,0.02,0.0,0.02,0.02,0.0,0.0,100
FD003,2024,asym,rast,10.0,2.0,test engine endpoint,post-result exploratory static maintenance-triage sensitivity,0.11,0.09,0.020000000000000004,0.0,0.0,0.0,0.05,0.03,0.020000000000000004,0.05,0.03,0.020000000000000004,0.02,100
FD003,2024,core,rast,10.0,2.0,test engine endpoint,post-result exploratory static maintenance-triage sensitivity,0.07,0.09,-0.01999999999999999,0.0,0.0,0.0,0.01,0.03,-0.019999999999999997,0.01,0.03,-0.019999999999999997,0.02,100
FD003,2024,asym,core,10.0,2.0,test engine endpoint,post-result exploratory static maintenance-triage sensitivity,0.11,0.07,0.039999999999999994,0.0,0.0,0.0,0.05,0.01,0.04,0.05,0.01,0.04,0.04,100
FD003,2024,asym,rast,10.0,5.0,test engine endpoint,post-result exploratory static maintenance-triage sensitivity,0.11,0.09,0.020000000000000004,0.0,0.0,0.0,0.05,0.03,0.020000000000000004,0.05,0.03,0.020000000000000004,0.02,100
FD003,2024,core,rast,10.0,5.0,test engine endpoint,post-result exploratory static maintenance-triage sensitivity,0.07,0.09,-0.01999999999999999,0.0,0.0,0.0,0.01,0.03,-0.019999999999999997,0.01,0.03,-0.019999999999999997,0.02,100
FD003,2024,asym,core,10.0,5.0,test engine endpoint,post-result exploratory static maintenance-triage sensitivity,0.11,0.07,0.039999999999999994,0.0,0.0,0.0,0.05,0.01,0.04,0.05,0.01,0.04,0.04,100
FD003,2024,asym,rast,10.0,10.0,test engine endpoint,post-result exploratory static maintenance-triage sensitivity,0.11,0.09,0.020000000000000004,0.0,0.0,0.0,0.05,0.03,0.020000000000000004,0.05,0.03,0.020000000000000004,0.02,100
FD003,2024,core,rast,10.0,10.0,test engine endpoint,post-result exploratory static maintenance-triage sensitivity,0.07,0.09,-0.01999999999999999,0.0,0.0,0.0,0.01,0.03,-0.019999999999999997,0.01,0.03,-0.019999999999999997,0.02,100
FD003,2024,asym,core,10.0,10.0,test engine endpoint,post-result exploratory static maintenance-triage sensitivity,0.11,0.07,0.039999999999999994,0.0,0.0,0.0,0.05,0.01,0.04,0.05,0.01,0.04,0.04,100
FD003,2024,asym,rast,20.0,2.0,test engine endpoint,post-result exploratory static maintenance-triage sensitivity,0.19,0.16,0.03,0.0,0.0,0.0,0.05,0.02,0.030000000000000002,0.05,0.02,0.030000000000000002,0.03,100
FD003,2024,core,rast,20.0,2.0,test engine endpoint,post-result exploratory static maintenance-triage sensitivity,0.14,0.16,-0.01999999999999999,0.0,0.0,0.0,0.0,0.02,-0.02,0.0,0.02,-0.02,0.02,100
FD003,2024,asym,core,20.0,2.0,test engine endpoint,post-result exploratory static maintenance-triage sensitivity,0.19,0.14,0.04999999999999999,0.0,0.0,0.0,0.05,0.0,0.05,0.05,0.0,0.05,0.05,100
FD003,2024,asym,rast,20.0,5.0,test engine endpoint,post-result exploratory static maintenance-triage sensitivity,0.19,0.16,0.03,0.0,0.0,0.0,0.05,0.02,0.030000000000000002,0.05,0.02,0.030000000000000002,0.03,100
FD003,2024,core,rast,20.0,5.0,test engine endpoint,post-result exploratory static maintenance-triage sensitivity,0.14,0.16,-0.01999999999999999,0.0,0.0,0.0,0.0,0.02,-0.02,0.0,0.02,-0.02,0.02,100
FD003,2024,asym,core,20.0,5.0,test engine endpoint,post-result exploratory static maintenance-triage sensitivity,0.19,0.14,0.04999999999999999,0.0,0.0,0.0,0.05,0.0,0.05,0.05,0.0,0.05,0.05,100
FD003,2024,asym,rast,20.0,10.0,test engine endpoint,post-result exploratory static maintenance-triage sensitivity,0.19,0.16,0.03,0.0,0.0,0.0,0.05,0.02,0.030000000000000002,0.05,0.02,0.030000000000000002,0.03,100
FD003,2024,core,rast,20.0,10.0,test engine endpoint,post-result exploratory static maintenance-triage sensitivity,0.14,0.16,-0.01999999999999999,0.0,0.0,0.0,0.0,0.02,-0.02,0.0,0.02,-0.02,0.02,100
FD003,2024,asym,core,20.0,10.0,test engine endpoint,post-result exploratory static maintenance-triage sensitivity,0.19,0.14,0.04999999999999999,0.0,0.0,0.0,0.05,0.0,0.05,0.05,0.0,0.05,0.05,100
FD003,2024,asym,rast,30.0,2.0,test engine endpoint,post-result exploratory static maintenance-triage sensitivity,0.22,0.22,0.0,0.0,0.0,0.0,0.02,0.02,0.0,0.02,0.02,0.0,0.0,100
FD003,2024,core,rast,30.0,2.0,test engine endpoint,post-result exploratory static maintenance-triage sensitivity,0.21,0.22,-0.010000000000000009,0.01,0.0,0.01,0.02,0.02,0.0,0.04,0.02,0.02,0.01,100
FD003,2024,asym,core,30.0,2.0,test engine endpoint,post-result exploratory static maintenance-triage sensitivity,0.22,0.21,0.010000000000000009,0.0,0.01,-0.01,0.02,0.02,0.0,0.02,0.04,-0.02,0.01,100
FD003,2024,asym,rast,30.0,5.0,test engine endpoint,post-result exploratory static maintenance-triage sensitivity,0.22,0.22,0.0,0.0,0.0,0.0,0.02,0.02,0.0,0.02,0.02,0.0,0.0,100
FD003,2024,core,rast,30.0,5.0,test engine endpoint,post-result exploratory static maintenance-triage sensitivity,0.21,0.22,-0.010000000000000009,0.01,0.0,0.01,0.02,0.02,0.0,0.07,0.02,0.05,0.01,100
FD003,2024,asym,core,30.0,5.0,test engine endpoint,post-result exploratory static maintenance-triage sensitivity,0.22,0.21,0.010000000000000009,0.0,0.01,-0.01,0.02,0.02,0.0,0.02,0.07,-0.05,0.01,100
FD003,2024,asym,rast,30.0,10.0,test engine endpoint,post-result exploratory static maintenance-triage sensitivity,0.22,0.22,0.0,0.0,0.0,0.0,0.02,0.02,0.0,0.02,0.02,0.0,0.0,100
FD003,2024,core,rast,30.0,10.0,test engine endpoint,post-result exploratory static maintenance-triage sensitivity,0.21,0.22,-0.010000000000000009,0.01,0.0,0.01,0.02,0.02,0.0,0.12,0.02,0.09999999999999999,0.01,100
FD003,2024,asym,core,30.0,10.0,test engine endpoint,post-result exploratory static maintenance-triage sensitivity,0.22,0.21,0.010000000000000009,0.0,0.01,-0.01,0.02,0.02,0.0,0.02,0.12,-0.09999999999999999,0.01,100
FD003,2025,asym,rast,10.0,2.0,test engine endpoint,post-result exploratory static maintenance-triage sensitivity,0.07,0.1,-0.03,0.01,0.0,0.01,0.02,0.04,-0.02,0.04,0.04,0.0,0.03,100
FD003,2025,core,rast,10.0,2.0,test engine endpoint,post-result exploratory static maintenance-triage sensitivity,0.07,0.1,-0.03,0.01,0.0,0.01,0.02,0.04,-0.02,0.04,0.04,0.0,0.03,100
FD003,2025,asym,core,10.0,2.0,test engine endpoint,post-result exploratory static maintenance-triage sensitivity,0.07,0.07,0.0,0.01,0.01,0.0,0.02,0.02,0.0,0.04,0.04,0.0,0.0,100
FD003,2025,asym,rast,10.0,5.0,test engine endpoint,post-result exploratory static maintenance-triage sensitivity,0.07,0.1,-0.03,0.01,0.0,0.01,0.02,0.04,-0.02,0.07,0.04,0.030000000000000006,0.03,100
FD003,2025,core,rast,10.0,5.0,test engine endpoint,post-result exploratory static maintenance-triage sensitivity,0.07,0.1,-0.03,0.01,0.0,0.01,0.02,0.04,-0.02,0.07,0.04,0.030000000000000006,0.03,100
FD003,2025,asym,core,10.0,5.0,test engine endpoint,post-result exploratory static maintenance-triage sensitivity,0.07,0.07,0.0,0.01,0.01,0.0,0.02,0.02,0.0,0.07,0.07,0.0,0.0,100
FD003,2025,asym,rast,10.0,10.0,test engine endpoint,post-result exploratory static maintenance-triage sensitivity,0.07,0.1,-0.03,0.01,0.0,0.01,0.02,0.04,-0.02,0.12,0.04,0.07999999999999999,0.03,100
FD003,2025,core,rast,10.0,10.0,test engine endpoint,post-result exploratory static maintenance-triage sensitivity,0.07,0.1,-0.03,0.01,0.0,0.01,0.02,0.04,-0.02,0.12,0.04,0.07999999999999999,0.03,100
FD003,2025,asym,core,10.0,10.0,test engine endpoint,post-result exploratory static maintenance-triage sensitivity,0.07,0.07,0.0,0.01,0.01,0.0,0.02,0.02,0.0,0.12,0.12,0.0,0.0,100
FD003,2025,asym,rast,20.0,2.0,test engine endpoint,post-result exploratory static maintenance-triage sensitivity,0.14,0.18,-0.03999999999999998,0.01,0.0,0.01,0.01,0.04,-0.03,0.03,0.04,-0.010000000000000002,0.04,100
FD003,2025,core,rast,20.0,2.0,test engine endpoint,post-result exploratory static maintenance-triage sensitivity,0.14,0.18,-0.03999999999999998,0.01,0.0,0.01,0.01,0.04,-0.03,0.03,0.04,-0.010000000000000002,0.04,100
FD003,2025,asym,core,20.0,2.0,test engine endpoint,post-result exploratory static maintenance-triage sensitivity,0.14,0.14,0.0,0.01,0.01,0.0,0.01,0.01,0.0,0.03,0.03,0.0,0.0,100
FD003,2025,asym,rast,20.0,5.0,test engine endpoint,post-result exploratory static maintenance-triage sensitivity,0.14,0.18,-0.03999999999999998,0.01,0.0,0.01,0.01,0.04,-0.03,0.06,0.04,0.019999999999999997,0.04,100
FD003,2025,core,rast,20.0,5.0,test engine endpoint,post-result exploratory static maintenance-triage sensitivity,0.14,0.18,-0.03999999999999998,0.01,0.0,0.01,0.01,0.04,-0.03,0.06,0.04,0.019999999999999997,0.04,100
FD003,2025,asym,core,20.0,5.0,test engine endpoint,post-result exploratory static maintenance-triage sensitivity,0.14,0.14,0.0,0.01,0.01,0.0,0.01,0.01,0.0,0.06,0.06,0.0,0.0,100
FD003,2025,asym,rast,20.0,10.0,test engine endpoint,post-result exploratory static maintenance-triage sensitivity,0.14,0.18,-0.03999999999999998,0.01,0.0,0.01,0.01,0.04,-0.03,0.11,0.04,0.07,0.04,100
FD003,2025,core,rast,20.0,10.0,test engine endpoint,post-result exploratory static maintenance-triage sensitivity,0.14,0.18,-0.03999999999999998,0.01,0.0,0.01,0.01,0.04,-0.03,0.11,0.04,0.07,0.04,100
FD003,2025,asym,core,20.0,10.0,test engine endpoint,post-result exploratory static maintenance-triage sensitivity,0.14,0.14,0.0,0.01,0.01,0.0,0.01,0.01,0.0,0.11,0.11,0.0,0.0,100
FD003,2025,asym,rast,30.0,2.0,test engine endpoint,post-result exploratory static maintenance-triage sensitivity,0.2,0.22,-0.01999999999999999,0.01,0.0,0.01,0.01,0.02,-0.01,0.03,0.02,0.009999999999999998,0.02,100
FD003,2025,core,rast,30.0,2.0,test engine endpoint,post-result exploratory static maintenance-triage sensitivity,0.2,0.22,-0.01999999999999999,0.01,0.0,0.01,0.01,0.02,-0.01,0.03,0.02,0.009999999999999998,0.02,100
FD003,2025,asym,core,30.0,2.0,test engine endpoint,post-result exploratory static maintenance-triage sensitivity,0.2,0.2,0.0,0.01,0.01,0.0,0.01,0.01,0.0,0.03,0.03,0.0,0.0,100
FD003,2025,asym,rast,30.0,5.0,test engine endpoint,post-result exploratory static maintenance-triage sensitivity,0.2,0.22,-0.01999999999999999,0.01,0.0,0.01,0.01,0.02,-0.01,0.06,0.02,0.039999999999999994,0.02,100
FD003,2025,core,rast,30.0,5.0,test engine endpoint,post-result exploratory static maintenance-triage sensitivity,0.2,0.22,-0.01999999999999999,0.01,0.0,0.01,0.01,0.02,-0.01,0.06,0.02,0.039999999999999994,0.02,100
FD003,2025,asym,core,30.0,5.0,test engine endpoint,post-result exploratory static maintenance-triage sensitivity,0.2,0.2,0.0,0.01,0.01,0.0,0.01,0.01,0.0,0.06,0.06,0.0,0.0,100
FD003,2025,asym,rast,30.0,10.0,test engine endpoint,post-result exploratory static maintenance-triage sensitivity,0.2,0.22,-0.01999999999999999,0.01,0.0,0.01,0.01,0.02,-0.01,0.11,0.02,0.09,0.02,100
FD003,2025,core,rast,30.0,10.0,test engine endpoint,post-result exploratory static maintenance-triage sensitivity,0.2,0.22,-0.01999999999999999,0.01,0.0,0.01,0.01,0.02,-0.01,0.11,0.02,0.09,0.02,100
FD003,2025,asym,core,30.0,10.0,test engine endpoint,post-result exploratory static maintenance-triage sensitivity,0.2,0.2,0.0,0.01,0.01,0.0,0.01,0.01,0.0,0.11,0.11,0.0,0.0,100
FD003,2026,asym,rast,10.0,2.0,test engine endpoint,post-result exploratory static maintenance-triage sensitivity,0.09,0.08,0.009999999999999995,0.0,0.01,-0.01,0.03,0.03,0.0,0.03,0.05,-0.020000000000000004,0.01,100
FD003,2026,core,rast,10.0,2.0,test engine endpoint,post-result exploratory static maintenance-triage sensitivity,0.09,0.08,0.009999999999999995,0.0,0.01,-0.01,0.03,0.03,0.0,0.03,0.05,-0.020000000000000004,0.01,100
FD003,2026,asym,core,10.0,2.0,test engine endpoint,post-result exploratory static maintenance-triage sensitivity,0.09,0.09,0.0,0.0,0.0,0.0,0.03,0.03,0.0,0.03,0.03,0.0,0.0,100
FD003,2026,asym,rast,10.0,5.0,test engine endpoint,post-result exploratory static maintenance-triage sensitivity,0.09,0.08,0.009999999999999995,0.0,0.01,-0.01,0.03,0.03,0.0,0.03,0.08,-0.05,0.01,100
FD003,2026,core,rast,10.0,5.0,test engine endpoint,post-result exploratory static maintenance-triage sensitivity,0.09,0.08,0.009999999999999995,0.0,0.01,-0.01,0.03,0.03,0.0,0.03,0.08,-0.05,0.01,100
FD003,2026,asym,core,10.0,5.0,test engine endpoint,post-result exploratory static maintenance-triage sensitivity,0.09,0.09,0.0,0.0,0.0,0.0,0.03,0.03,0.0,0.03,0.03,0.0,0.0,100
FD003,2026,asym,rast,10.0,10.0,test engine endpoint,post-result exploratory static maintenance-triage sensitivity,0.09,0.08,0.009999999999999995,0.0,0.01,-0.01,0.03,0.03,0.0,0.03,0.13,-0.1,0.01,100
FD003,2026,core,rast,10.0,10.0,test engine endpoint,post-result exploratory static maintenance-triage sensitivity,0.09,0.08,0.009999999999999995,0.0,0.01,-0.01,0.03,0.03,0.0,0.03,0.13,-0.1,0.01,100
FD003,2026,asym,core,10.0,10.0,test engine endpoint,post-result exploratory static maintenance-triage sensitivity,0.09,0.09,0.0,0.0,0.0,0.0,0.03,0.03,0.0,0.03,0.03,0.0,0.0,100
FD003,2026,asym,rast,20.0,2.0,test engine endpoint,post-result exploratory static maintenance-triage sensitivity,0.16,0.16,0.0,0.01,0.01,0.0,0.03,0.03,0.0,0.05,0.05,0.0,0.0,100
FD003,2026,core,rast,20.0,2.0,test engine endpoint,post-result exploratory static maintenance-triage sensitivity,0.15,0.16,-0.010000000000000009,0.01,0.01,0.0,0.02,0.03,-0.009999999999999998,0.04,0.05,-0.010000000000000002,0.01,100
FD003,2026,asym,core,20.0,2.0,test engine endpoint,post-result exploratory static maintenance-triage sensitivity,0.16,0.15,0.010000000000000009,0.01,0.01,0.0,0.03,0.02,0.009999999999999998,0.05,0.04,0.010000000000000002,0.01,100
FD003,2026,asym,rast,20.0,5.0,test engine endpoint,post-result exploratory static maintenance-triage sensitivity,0.16,0.16,0.0,0.01,0.01,0.0,0.03,0.03,0.0,0.08,0.08,0.0,0.0,100
FD003,2026,core,rast,20.0,5.0,test engine endpoint,post-result exploratory static maintenance-triage sensitivity,0.15,0.16,-0.010000000000000009,0.01,0.01,0.0,0.02,0.03,-0.009999999999999998,0.07,0.08,-0.009999999999999995,0.01,100
FD003,2026,asym,core,20.0,5.0,test engine endpoint,post-result exploratory static maintenance-triage sensitivity,0.16,0.15,0.010000000000000009,0.01,0.01,0.0,0.03,0.02,0.009999999999999998,0.08,0.07,0.009999999999999995,0.01,100
FD003,2026,asym,rast,20.0,10.0,test engine endpoint,post-result exploratory static maintenance-triage sensitivity,0.16,0.16,0.0,0.01,0.01,0.0,0.03,0.03,0.0,0.13,0.13,0.0,0.0,100
FD003,2026,core,rast,20.0,10.0,test engine endpoint,post-result exploratory static maintenance-triage sensitivity,0.15,0.16,-0.010000000000000009,0.01,0.01,0.0,0.02,0.03,-0.009999999999999998,0.12,0.13,-0.010000000000000009,0.01,100
FD003,2026,asym,core,20.0,10.0,test engine endpoint,post-result exploratory static maintenance-triage sensitivity,0.16,0.15,0.010000000000000009,0.01,0.01,0.0,0.03,0.02,0.009999999999999998,0.13,0.12,0.010000000000000009,0.01,100
FD003,2026,asym,rast,30.0,2.0,test engine endpoint,post-result exploratory static maintenance-triage sensitivity,0.21,0.21,0.0,0.01,0.01,0.0,0.02,0.02,0.0,0.04,0.04,0.0,0.0,100
FD003,2026,core,rast,30.0,2.0,test engine endpoint,post-result exploratory static maintenance-triage sensitivity,0.21,0.21,0.0,0.01,0.01,0.0,0.02,0.02,0.0,0.04,0.04,0.0,0.0,100
FD003,2026,asym,core,30.0,2.0,test engine endpoint,post-result exploratory static maintenance-triage sensitivity,0.21,0.21,0.0,0.01,0.01,0.0,0.02,0.02,0.0,0.04,0.04,0.0,0.0,100
FD003,2026,asym,rast,30.0,5.0,test engine endpoint,post-result exploratory static maintenance-triage sensitivity,0.21,0.21,0.0,0.01,0.01,0.0,0.02,0.02,0.0,0.07,0.07,0.0,0.0,100
FD003,2026,core,rast,30.0,5.0,test engine endpoint,post-result exploratory static maintenance-triage sensitivity,0.21,0.21,0.0,0.01,0.01,0.0,0.02,0.02,0.0,0.07,0.07,0.0,0.0,100
FD003,2026,asym,core,30.0,5.0,test engine endpoint,post-result exploratory static maintenance-triage sensitivity,0.21,0.21,0.0,0.01,0.01,0.0,0.02,0.02,0.0,0.07,0.07,0.0,0.0,100
FD003,2026,asym,rast,30.0,10.0,test engine endpoint,post-result exploratory static maintenance-triage sensitivity,0.21,0.21,0.0,0.01,0.01,0.0,0.02,0.02,0.0,0.12,0.12,0.0,0.0,100
FD003,2026,core,rast,30.0,10.0,test engine endpoint,post-result exploratory static maintenance-triage sensitivity,0.21,0.21,0.0,0.01,0.01,0.0,0.02,0.02,0.0,0.12,0.12,0.0,0.0,100
FD003,2026,asym,core,30.0,10.0,test engine endpoint,post-result exploratory static maintenance-triage sensitivity,0.21,0.21,0.0,0.01,0.01,0.0,0.02,0.02,0.0,0.12,0.12,0.0,0.0,100
FD004,42,asym,rast,10.0,2.0,test engine endpoint,post-result exploratory static maintenance-triage sensitivity,0.0846774193548387,0.08870967741935484,-0.004032258064516139,0.004032258064516129,0.004032258064516129,0.0,0.03225806451612903,0.036290322580645164,-0.004032258064516132,0.04032258064516129,0.04435483870967742,-0.004032258064516132,0.028225806451612902,248
FD004,42,core,rast,10.0,2.0,test engine endpoint,post-result exploratory static maintenance-triage sensitivity,0.125,0.08870967741935484,0.03629032258064516,0.0,0.004032258064516129,-0.004032258064516129,0.06854838709677419,0.036290322580645164,0.032258064516129024,0.06854838709677419,0.04435483870967742,0.024193548387096767,0.036290322580645164,248
FD004,42,asym,core,10.0,2.0,test engine endpoint,post-result exploratory static maintenance-triage sensitivity,0.0846774193548387,0.125,-0.040322580645161296,0.004032258064516129,0.0,0.004032258064516129,0.03225806451612903,0.06854838709677419,-0.03629032258064516,0.04032258064516129,0.06854838709677419,-0.0282258064516129,0.04032258064516129,248
FD004,42,asym,rast,10.0,5.0,test engine endpoint,post-result exploratory static maintenance-triage sensitivity,0.0846774193548387,0.08870967741935484,-0.004032258064516139,0.004032258064516129,0.004032258064516129,0.0,0.03225806451612903,0.036290322580645164,-0.004032258064516132,0.05241935483870968,0.056451612903225805,-0.0040322580645161255,0.028225806451612902,248
FD004,42,core,rast,10.0,5.0,test engine endpoint,post-result exploratory static maintenance-triage sensitivity,0.125,0.08870967741935484,0.03629032258064516,0.0,0.004032258064516129,-0.004032258064516129,0.06854838709677419,0.036290322580645164,0.032258064516129024,0.06854838709677419,0.056451612903225805,0.012096774193548383,0.036290322580645164,248
FD004,42,asym,core,10.0,5.0,test engine endpoint,post-result exploratory static maintenance-triage sensitivity,0.0846774193548387,0.125,-0.040322580645161296,0.004032258064516129,0.0,0.004032258064516129,0.03225806451612903,0.06854838709677419,-0.03629032258064516,0.05241935483870968,0.06854838709677419,-0.01612903225806451,0.04032258064516129,248
FD004,42,asym,rast,10.0,10.0,test engine endpoint,post-result exploratory static maintenance-triage sensitivity,0.0846774193548387,0.08870967741935484,-0.004032258064516139,0.004032258064516129,0.004032258064516129,0.0,0.03225806451612903,0.036290322580645164,-0.004032258064516132,0.07258064516129033,0.07661290322580645,-0.0040322580645161255,0.028225806451612902,248
FD004,42,core,rast,10.0,10.0,test engine endpoint,post-result exploratory static maintenance-triage sensitivity,0.125,0.08870967741935484,0.03629032258064516,0.0,0.004032258064516129,-0.004032258064516129,0.06854838709677419,0.036290322580645164,0.032258064516129024,0.06854838709677419,0.07661290322580645,-0.008064516129032265,0.036290322580645164,248
FD004,42,asym,core,10.0,10.0,test engine endpoint,post-result exploratory static maintenance-triage sensitivity,0.0846774193548387,0.125,-0.040322580645161296,0.004032258064516129,0.0,0.004032258064516129,0.03225806451612903,0.06854838709677419,-0.03629032258064516,0.07258064516129033,0.06854838709677419,0.004032258064516139,0.04032258064516129,248
FD004,42,asym,rast,20.0,2.0,test engine endpoint,post-result exploratory static maintenance-triage sensitivity,0.1935483870967742,0.18548387096774194,0.008064516129032251,0.0,0.004032258064516129,-0.004032258064516129,0.03225806451612903,0.028225806451612902,0.004032258064516129,0.03225806451612903,0.036290322580645164,-0.004032258064516132,0.03225806451612903,248
FD004,42,core,rast,20.0,2.0,test engine endpoint,post-result exploratory static maintenance-triage sensitivity,0.1975806451612903,0.18548387096774194,0.012096774193548376,0.0,0.004032258064516129,-0.004032258064516129,0.036290322580645164,0.028225806451612902,0.008064516129032261,0.036290322580645164,0.036290322580645164,0.0,0.020161290322580645,248
FD004,42,asym,core,20.0,2.0,test engine endpoint,post-result exploratory static maintenance-triage sensitivity,0.1935483870967742,0.1975806451612903,-0.0040322580645161255,0.0,0.0,0.0,0.03225806451612903,0.036290322580645164,-0.004032258064516132,0.03225806451612903,0.036290322580645164,-0.004032258064516132,0.012096774193548387,248
FD004,42,asym,rast,20.0,5.0,test engine endpoint,post-result exploratory static maintenance-triage sensitivity,0.1935483870967742,0.18548387096774194,0.008064516129032251,0.0,0.004032258064516129,-0.004032258064516129,0.03225806451612903,0.028225806451612902,0.004032258064516129,0.03225806451612903,0.04838709677419355,-0.016129032258064516,0.03225806451612903,248
FD004,42,core,rast,20.0,5.0,test engine endpoint,post-result exploratory static maintenance-triage sensitivity,0.1975806451612903,0.18548387096774194,0.012096774193548376,0.0,0.004032258064516129,-0.004032258064516129,0.036290322580645164,0.028225806451612902,0.008064516129032261,0.036290322580645164,0.04838709677419355,-0.012096774193548383,0.020161290322580645,248
FD004,42,asym,core,20.0,5.0,test engine endpoint,post-result exploratory static maintenance-triage sensitivity,0.1935483870967742,0.1975806451612903,-0.0040322580645161255,0.0,0.0,0.0,0.03225806451612903,0.036290322580645164,-0.004032258064516132,0.03225806451612903,0.036290322580645164,-0.004032258064516132,0.012096774193548387,248
FD004,42,asym,rast,20.0,10.0,test engine endpoint,post-result exploratory static maintenance-triage sensitivity,0.1935483870967742,0.18548387096774194,0.008064516129032251,0.0,0.004032258064516129,-0.004032258064516129,0.03225806451612903,0.028225806451612902,0.004032258064516129,0.03225806451612903,0.06854838709677419,-0.03629032258064516,0.03225806451612903,248
FD004,42,core,rast,20.0,10.0,test engine endpoint,post-result exploratory static maintenance-triage sensitivity,0.1975806451612903,0.18548387096774194,0.012096774193548376,0.0,0.004032258064516129,-0.004032258064516129,0.036290322580645164,0.028225806451612902,0.008064516129032261,0.036290322580645164,0.06854838709677419,-0.032258064516129024,0.020161290322580645,248
FD004,42,asym,core,20.0,10.0,test engine endpoint,post-result exploratory static maintenance-triage sensitivity,0.1935483870967742,0.1975806451612903,-0.0040322580645161255,0.0,0.0,0.0,0.03225806451612903,0.036290322580645164,-0.004032258064516132,0.03225806451612903,0.036290322580645164,-0.004032258064516132,0.012096774193548387,248
FD004,42,asym,rast,30.0,2.0,test engine endpoint,post-result exploratory static maintenance-triage sensitivity,0.2661290322580645,0.24193548387096775,0.024193548387096753,0.004032258064516129,0.008064516129032258,-0.004032258064516129,0.056451612903225805,0.036290322580645164,0.02016129032258064,0.06451612903225806,0.05241935483870968,0.012096774193548383,0.024193548387096774,248
FD004,42,core,rast,30.0,2.0,test engine endpoint,post-result exploratory static maintenance-triage sensitivity,0.25806451612903225,0.24193548387096775,0.016129032258064502,0.008064516129032258,0.008064516129032258,0.0,0.05241935483870968,0.036290322580645164,0.016129032258064516,0.06854838709677419,0.05241935483870968,0.01612903225806451,0.024193548387096774,248
FD004,42,asym,core,30.0,2.0,test engine endpoint,post-result exploratory static maintenance-triage sensitivity,0.2661290322580645,0.25806451612903225,0.008064516129032251,0.004032258064516129,0.008064516129032258,-0.004032258064516129,0.056451612903225805,0.05241935483870968,0.0040322580645161255,0.06451612903225806,0.06854838709677419,-0.0040322580645161255,0.008064516129032258,248
FD004,42,asym,rast,30.0,5.0,test engine endpoint,post-result exploratory static maintenance-triage sensitivity,0.2661290322580645,0.24193548387096775,0.024193548387096753,0.004032258064516129,0.008064516129032258,-0.004032258064516129,0.056451612903225805,0.036290322580645164,0.02016129032258064,0.07661290322580645,0.07661290322580645,0.0,0.024193548387096774,248
FD004,42,core,rast,30.0,5.0,test engine endpoint,post-result exploratory static maintenance-triage sensitivity,0.25806451612903225,0.24193548387096775,0.016129032258064502,0.008064516129032258,0.008064516129032258,0.0,0.05241935483870968,0.036290322580645164,0.016129032258064516,0.09274193548387097,0.07661290322580645,0.016129032258064516,0.024193548387096774,248
FD004,42,asym,core,30.0,5.0,test engine endpoint,post-result exploratory static maintenance-triage sensitivity,0.2661290322580645,0.25806451612903225,0.008064516129032251,0.004032258064516129,0.008064516129032258,-0.004032258064516129,0.056451612903225805,0.05241935483870968,0.0040322580645161255,0.07661290322580645,0.09274193548387097,-0.016129032258064516,0.008064516129032258,248
FD004,42,asym,rast,30.0,10.0,test engine endpoint,post-result exploratory static maintenance-triage sensitivity,0.2661290322580645,0.24193548387096775,0.024193548387096753,0.004032258064516129,0.008064516129032258,-0.004032258064516129,0.056451612903225805,0.036290322580645164,0.02016129032258064,0.0967741935483871,0.11693548387096774,-0.02016129032258064,0.024193548387096774,248
FD004,42,core,rast,30.0,10.0,test engine endpoint,post-result exploratory static maintenance-triage sensitivity,0.25806451612903225,0.24193548387096775,0.016129032258064502,0.008064516129032258,0.008064516129032258,0.0,0.05241935483870968,0.036290322580645164,0.016129032258064516,0.13306451612903225,0.11693548387096774,0.016129032258064516,0.024193548387096774,248
FD004,42,asym,core,30.0,10.0,test engine endpoint,post-result exploratory static maintenance-triage sensitivity,0.2661290322580645,0.25806451612903225,0.008064516129032251,0.004032258064516129,0.008064516129032258,-0.004032258064516129,0.056451612903225805,0.05241935483870968,0.0040322580645161255,0.0967741935483871,0.13306451612903225,-0.03629032258064516,0.008064516129032258,248
FD004,123,asym,rast,10.0,2.0,test engine endpoint,post-result exploratory static maintenance-triage sensitivity,0.08870967741935484,0.0967741935483871,-0.008064516129032251,0.0,0.004032258064516129,-0.004032258064516129,0.03225806451612903,0.04435483870967742,-0.01209677419354839,0.03225806451612903,0.05241935483870968,-0.020161290322580648,0.024193548387096774,248
FD004,123,core,rast,10.0,2.0,test engine endpoint,post-result exploratory static maintenance-triage sensitivity,0.10080645161290322,0.0967741935483871,0.0040322580645161255,0.0,0.004032258064516129,-0.004032258064516129,0.04435483870967742,0.04435483870967742,0.0,0.04435483870967742,0.05241935483870968,-0.008064516129032258,0.020161290322580645,248
FD004,123,asym,core,10.0,2.0,test engine endpoint,post-result exploratory static maintenance-triage sensitivity,0.08870967741935484,0.10080645161290322,-0.012096774193548376,0.0,0.0,0.0,0.03225806451612903,0.04435483870967742,-0.01209677419354839,0.03225806451612903,0.04435483870967742,-0.01209677419354839,0.020161290322580645,248
FD004,123,asym,rast,10.0,5.0,test engine endpoint,post-result exploratory static maintenance-triage sensitivity,0.08870967741935484,0.0967741935483871,-0.008064516129032251,0.0,0.004032258064516129,-0.004032258064516129,0.03225806451612903,0.04435483870967742,-0.01209677419354839,0.03225806451612903,0.06451612903225806,-0.03225806451612903,0.024193548387096774,248
FD004,123,core,rast,10.0,5.0,test engine endpoint,post-result exploratory static maintenance-triage sensitivity,0.10080645161290322,0.0967741935483871,0.0040322580645161255,0.0,0.004032258064516129,-0.004032258064516129,0.04435483870967742,0.04435483870967742,0.0,0.04435483870967742,0.06451612903225806,-0.02016129032258064,0.020161290322580645,248
FD004,123,asym,core,10.0,5.0,test engine endpoint,post-result exploratory static maintenance-triage sensitivity,0.08870967741935484,0.10080645161290322,-0.012096774193548376,0.0,0.0,0.0,0.03225806451612903,0.04435483870967742,-0.01209677419354839,0.03225806451612903,0.04435483870967742,-0.01209677419354839,0.020161290322580645,248
FD004,123,asym,rast,10.0,10.0,test engine endpoint,post-result exploratory static maintenance-triage sensitivity,0.08870967741935484,0.0967741935483871,-0.008064516129032251,0.0,0.004032258064516129,-0.004032258064516129,0.03225806451612903,0.04435483870967742,-0.01209677419354839,0.03225806451612903,0.0846774193548387,-0.05241935483870967,0.024193548387096774,248
FD004,123,core,rast,10.0,10.0,test engine endpoint,post-result exploratory static maintenance-triage sensitivity,0.10080645161290322,0.0967741935483871,0.0040322580645161255,0.0,0.004032258064516129,-0.004032258064516129,0.04435483870967742,0.04435483870967742,0.0,0.04435483870967742,0.0846774193548387,-0.04032258064516128,0.020161290322580645,248
FD004,123,asym,core,10.0,10.0,test engine endpoint,post-result exploratory static maintenance-triage sensitivity,0.08870967741935484,0.10080645161290322,-0.012096774193548376,0.0,0.0,0.0,0.03225806451612903,0.04435483870967742,-0.01209677419354839,0.03225806451612903,0.04435483870967742,-0.01209677419354839,0.020161290322580645,248
FD004,123,asym,rast,20.0,2.0,test engine endpoint,post-result exploratory static maintenance-triage sensitivity,0.18951612903225806,0.1774193548387097,0.012096774193548376,0.0,0.008064516129032258,-0.008064516129032258,0.028225806451612902,0.024193548387096774,0.004032258064516129,0.028225806451612902,0.04032258064516129,-0.012096774193548387,0.028225806451612902,248
FD004,123,core,rast,20.0,2.0,test engine endpoint,post-result exploratory static maintenance-triage sensitivity,0.18951612903225806,0.1774193548387097,0.012096774193548376,0.004032258064516129,0.008064516129032258,-0.004032258064516129,0.03225806451612903,0.024193548387096774,0.008064516129032258,0.04032258064516129,0.04032258064516129,0.0,0.020161290322580645,248
FD004,123,asym,core,20.0,2.0,test engine endpoint,post-result exploratory static maintenance-triage sensitivity,0.18951612903225806,0.18951612903225806,0.0,0.0,0.004032258064516129,-0.004032258064516129,0.028225806451612902,0.03225806451612903,-0.004032258064516129,0.028225806451612902,0.04032258064516129,-0.012096774193548387,0.016129032258064516,248
FD004,123,asym,rast,20.0,5.0,test engine endpoint,post-result exploratory static maintenance-triage sensitivity,0.18951612903225806,0.1774193548387097,0.012096774193548376,0.0,0.008064516129032258,-0.008064516129032258,0.028225806451612902,0.024193548387096774,0.004032258064516129,0.028225806451612902,0.06451612903225806,-0.03629032258064516,0.028225806451612902,248
FD004,123,core,rast,20.0,5.0,test engine endpoint,post-result exploratory static maintenance-triage sensitivity,0.18951612903225806,0.1774193548387097,0.012096774193548376,0.004032258064516129,0.008064516129032258,-0.004032258064516129,0.03225806451612903,0.024193548387096774,0.008064516129032258,0.05241935483870968,0.06451612903225806,-0.012096774193548383,0.020161290322580645,248
FD004,123,asym,core,20.0,5.0,test engine endpoint,post-result exploratory static maintenance-triage sensitivity,0.18951612903225806,0.18951612903225806,0.0,0.0,0.004032258064516129,-0.004032258064516129,0.028225806451612902,0.03225806451612903,-0.004032258064516129,0.028225806451612902,0.05241935483870968,-0.024193548387096777,0.016129032258064516,248
FD004,123,asym,rast,20.0,10.0,test engine endpoint,post-result exploratory static maintenance-triage sensitivity,0.18951612903225806,0.1774193548387097,0.012096774193548376,0.0,0.008064516129032258,-0.008064516129032258,0.028225806451612902,0.024193548387096774,0.004032258064516129,0.028225806451612902,0.10483870967741936,-0.07661290322580645,0.028225806451612902,248
FD004,123,core,rast,20.0,10.0,test engine endpoint,post-result exploratory static maintenance-triage sensitivity,0.18951612903225806,0.1774193548387097,0.012096774193548376,0.004032258064516129,0.008064516129032258,-0.004032258064516129,0.03225806451612903,0.024193548387096774,0.008064516129032258,0.07258064516129033,0.10483870967741936,-0.03225806451612903,0.020161290322580645,248
FD004,123,asym,core,20.0,10.0,test engine endpoint,post-result exploratory static maintenance-triage sensitivity,0.18951612903225806,0.18951612903225806,0.0,0.0,0.004032258064516129,-0.004032258064516129,0.028225806451612902,0.03225806451612903,-0.004032258064516129,0.028225806451612902,0.07258064516129033,-0.04435483870967742,0.016129032258064516,248
FD004,123,asym,rast,30.0,2.0,test engine endpoint,post-result exploratory static maintenance-triage sensitivity,0.24193548387096775,0.22983870967741934,0.012096774193548404,0.008064516129032258,0.012096774193548387,-0.004032258064516129,0.036290322580645164,0.028225806451612902,0.008064516129032261,0.05241935483870968,0.05241935483870968,0.0,0.020161290322580645,248
FD004,123,core,rast,30.0,2.0,test engine endpoint,post-result exploratory static maintenance-triage sensitivity,0.25806451612903225,0.22983870967741934,0.028225806451612906,0.004032258064516129,0.012096774193548387,-0.008064516129032258,0.04838709677419355,0.028225806451612902,0.020161290322580645,0.056451612903225805,0.05241935483870968,0.0040322580645161255,0.028225806451612902,248
FD004,123,asym,core,30.0,2.0,test engine endpoint,post-result exploratory static maintenance-triage sensitivity,0.24193548387096775,0.25806451612903225,-0.016129032258064502,0.008064516129032258,0.004032258064516129,0.004032258064516129,0.036290322580645164,0.04838709677419355,-0.012096774193548383,0.05241935483870968,0.056451612903225805,-0.0040322580645161255,0.016129032258064516,248
FD004,123,asym,rast,30.0,5.0,test engine endpoint,post-result exploratory static maintenance-triage sensitivity,0.24193548387096775,0.22983870967741934,0.012096774193548404,0.008064516129032258,0.012096774193548387,-0.004032258064516129,0.036290322580645164,0.028225806451612902,0.008064516129032261,0.07661290322580645,0.08870967741935484,-0.01209677419354839,0.020161290322580645,248
FD004,123,core,rast,30.0,5.0,test engine endpoint,post-result exploratory static maintenance-triage sensitivity,0.25806451612903225,0.22983870967741934,0.028225806451612906,0.004032258064516129,0.012096774193548387,-0.008064516129032258,0.04838709677419355,0.028225806451612902,0.020161290322580645,0.06854838709677419,0.08870967741935484,-0.020161290322580655,0.028225806451612902,248
FD004,123,asym,core,30.0,5.0,test engine endpoint,post-result exploratory static maintenance-triage sensitivity,0.24193548387096775,0.25806451612903225,-0.016129032258064502,0.008064516129032258,0.004032258064516129,0.004032258064516129,0.036290322580645164,0.04838709677419355,-0.012096774193548383,0.07661290322580645,0.06854838709677419,0.008064516129032265,0.016129032258064516,248
FD004,123,asym,rast,30.0,10.0,test engine endpoint,post-result exploratory static maintenance-triage sensitivity,0.24193548387096775,0.22983870967741934,0.012096774193548404,0.008064516129032258,0.012096774193548387,-0.004032258064516129,0.036290322580645164,0.028225806451612902,0.008064516129032261,0.11693548387096774,0.14919354838709678,-0.032258064516129045,0.020161290322580645,248
FD004,123,core,rast,30.0,10.0,test engine endpoint,post-result exploratory static maintenance-triage sensitivity,0.25806451612903225,0.22983870967741934,0.028225806451612906,0.004032258064516129,0.012096774193548387,-0.008064516129032258,0.04838709677419355,0.028225806451612902,0.020161290322580645,0.08870967741935484,0.14919354838709678,-0.06048387096774194,0.028225806451612902,248
FD004,123,asym,core,30.0,10.0,test engine endpoint,post-result exploratory static maintenance-triage sensitivity,0.24193548387096775,0.25806451612903225,-0.016129032258064502,0.008064516129032258,0.004032258064516129,0.004032258064516129,0.036290322580645164,0.04838709677419355,-0.012096774193548383,0.11693548387096774,0.08870967741935484,0.028225806451612892,0.016129032258064516,248
FD004,2024,asym,rast,10.0,2.0,test engine endpoint,post-result exploratory static maintenance-triage sensitivity,0.0846774193548387,0.06854838709677419,0.016129032258064516,0.004032258064516129,0.008064516129032258,-0.004032258064516129,0.03225806451612903,0.020161290322580645,0.012096774193548387,0.04032258064516129,0.036290322580645164,0.0040322580645161255,0.016129032258064516,248
FD004,2024,core,rast,10.0,2.0,test engine endpoint,post-result exploratory static maintenance-triage sensitivity,0.06854838709677419,0.06854838709677419,0.0,0.008064516129032258,0.008064516129032258,0.0,0.020161290322580645,0.020161290322580645,0.0,0.036290322580645164,0.036290322580645164,0.0,0.008064516129032258,248
FD004,2024,asym,core,10.0,2.0,test engine endpoint,post-result exploratory static maintenance-triage sensitivity,0.0846774193548387,0.06854838709677419,0.016129032258064516,0.004032258064516129,0.008064516129032258,-0.004032258064516129,0.03225806451612903,0.020161290322580645,0.012096774193548387,0.04032258064516129,0.036290322580645164,0.0040322580645161255,0.024193548387096774,248
FD004,2024,asym,rast,10.0,5.0,test engine endpoint,post-result exploratory static maintenance-triage sensitivity,0.0846774193548387,0.06854838709677419,0.016129032258064516,0.004032258064516129,0.008064516129032258,-0.004032258064516129,0.03225806451612903,0.020161290322580645,0.012096774193548387,0.05241935483870968,0.06048387096774194,-0.008064516129032258,0.016129032258064516,248
FD004,2024,core,rast,10.0,5.0,test engine endpoint,post-result exploratory static maintenance-triage sensitivity,0.06854838709677419,0.06854838709677419,0.0,0.008064516129032258,0.008064516129032258,0.0,0.020161290322580645,0.020161290322580645,0.0,0.06048387096774194,0.06048387096774194,0.0,0.008064516129032258,248
FD004,2024,asym,core,10.0,5.0,test engine endpoint,post-result exploratory static maintenance-triage sensitivity,0.0846774193548387,0.06854838709677419,0.016129032258064516,0.004032258064516129,0.008064516129032258,-0.004032258064516129,0.03225806451612903,0.020161290322580645,0.012096774193548387,0.05241935483870968,0.06048387096774194,-0.008064516129032258,0.024193548387096774,248
FD004,2024,asym,rast,10.0,10.0,test engine endpoint,post-result exploratory static maintenance-triage sensitivity,0.0846774193548387,0.06854838709677419,0.016129032258064516,0.004032258064516129,0.008064516129032258,-0.004032258064516129,0.03225806451612903,0.020161290322580645,0.012096774193548387,0.07258064516129033,0.10080645161290322,-0.028225806451612892,0.016129032258064516,248
FD004,2024,core,rast,10.0,10.0,test engine endpoint,post-result exploratory static maintenance-triage sensitivity,0.06854838709677419,0.06854838709677419,0.0,0.008064516129032258,0.008064516129032258,0.0,0.020161290322580645,0.020161290322580645,0.0,0.10080645161290322,0.10080645161290322,0.0,0.008064516129032258,248
FD004,2024,asym,core,10.0,10.0,test engine endpoint,post-result exploratory static maintenance-triage sensitivity,0.0846774193548387,0.06854838709677419,0.016129032258064516,0.004032258064516129,0.008064516129032258,-0.004032258064516129,0.03225806451612903,0.020161290322580645,0.012096774193548387,0.07258064516129033,0.10080645161290322,-0.028225806451612892,0.024193548387096774,248
FD004,2024,asym,rast,20.0,2.0,test engine endpoint,post-result exploratory static maintenance-triage sensitivity,0.1774193548387097,0.17338709677419356,0.0040322580645161255,0.0,0.008064516129032258,-0.008064516129032258,0.016129032258064516,0.020161290322580645,-0.004032258064516129,0.016129032258064516,0.036290322580645164,-0.020161290322580648,0.020161290322580645,248
FD004,2024,core,rast,20.0,2.0,test engine endpoint,post-result exploratory static maintenance-triage sensitivity,0.16129032258064516,0.17338709677419356,-0.012096774193548404,0.004032258064516129,0.008064516129032258,-0.004032258064516129,0.004032258064516129,0.020161290322580645,-0.016129032258064516,0.012096774193548387,0.036290322580645164,-0.024193548387096777,0.020161290322580645,248
FD004,2024,asym,core,20.0,2.0,test engine endpoint,post-result exploratory static maintenance-triage sensitivity,0.1774193548387097,0.16129032258064516,0.01612903225806453,0.0,0.004032258064516129,-0.004032258064516129,0.016129032258064516,0.004032258064516129,0.012096774193548387,0.016129032258064516,0.012096774193548387,0.004032258064516129,0.024193548387096774,248
FD004,2024,asym,rast,20.0,5.0,test engine endpoint,post-result exploratory static maintenance-triage sensitivity,0.1774193548387097,0.17338709677419356,0.0040322580645161255,0.0,0.008064516129032258,-0.008064516129032258,0.016129032258064516,0.020161290322580645,-0.004032258064516129,0.016129032258064516,0.06048387096774194,-0.04435483870967742,0.020161290322580645,248
FD004,2024,core,rast,20.0,5.0,test engine endpoint,post-result exploratory static maintenance-triage sensitivity,0.16129032258064516,0.17338709677419356,-0.012096774193548404,0.004032258064516129,0.008064516129032258,-0.004032258064516129,0.004032258064516129,0.020161290322580645,-0.016129032258064516,0.024193548387096774,0.06048387096774194,-0.036290322580645164,0.020161290322580645,248
FD004,2024,asym,core,20.0,5.0,test engine endpoint,post-result exploratory static maintenance-triage sensitivity,0.1774193548387097,0.16129032258064516,0.01612903225806453,0.0,0.004032258064516129,-0.004032258064516129,0.016129032258064516,0.004032258064516129,0.012096774193548387,0.016129032258064516,0.024193548387096774,-0.008064516129032258,0.024193548387096774,248
FD004,2024,asym,rast,20.0,10.0,test engine endpoint,post-result exploratory static maintenance-triage sensitivity,0.1774193548387097,0.17338709677419356,0.0040322580645161255,0.0,0.008064516129032258,-0.008064516129032258,0.016129032258064516,0.020161290322580645,-0.004032258064516129,0.016129032258064516,0.10080645161290322,-0.0846774193548387,0.020161290322580645,248
FD004,2024,core,rast,20.0,10.0,test engine endpoint,post-result exploratory static maintenance-triage sensitivity,0.16129032258064516,0.17338709677419356,-0.012096774193548404,0.004032258064516129,0.008064516129032258,-0.004032258064516129,0.004032258064516129,0.020161290322580645,-0.016129032258064516,0.04435483870967742,0.10080645161290322,-0.0564516129032258,0.020161290322580645,248
FD004,2024,asym,core,20.0,10.0,test engine endpoint,post-result exploratory static maintenance-triage sensitivity,0.1774193548387097,0.16129032258064516,0.01612903225806453,0.0,0.004032258064516129,-0.004032258064516129,0.016129032258064516,0.004032258064516129,0.012096774193548387,0.016129032258064516,0.04435483870967742,-0.028225806451612906,0.024193548387096774,248
FD004,2024,asym,rast,30.0,2.0,test engine endpoint,post-result exploratory static maintenance-triage sensitivity,0.23387096774193547,0.25,-0.01612903225806453,0.012096774193548387,0.004032258064516129,0.008064516129032258,0.03225806451612903,0.04032258064516129,-0.008064516129032258,0.056451612903225805,0.04838709677419355,0.008064516129032258,0.016129032258064516,248
FD004,2024,core,rast,30.0,2.0,test engine endpoint,post-result exploratory static maintenance-triage sensitivity,0.22983870967741934,0.25,-0.020161290322580655,0.012096774193548387,0.004032258064516129,0.008064516129032258,0.028225806451612902,0.04032258064516129,-0.012096774193548387,0.05241935483870968,0.04838709677419355,0.004032258064516132,0.020161290322580645,248
FD004,2024,asym,core,30.0,2.0,test engine endpoint,post-result exploratory static maintenance-triage sensitivity,0.23387096774193547,0.22983870967741934,0.0040322580645161255,0.012096774193548387,0.012096774193548387,0.0,0.03225806451612903,0.028225806451612902,0.004032258064516129,0.056451612903225805,0.05241935483870968,0.0040322580645161255,0.004032258064516129,248
FD004,2024,asym,rast,30.0,5.0,test engine endpoint,post-result exploratory static maintenance-triage sensitivity,0.23387096774193547,0.25,-0.01612903225806453,0.012096774193548387,0.004032258064516129,0.008064516129032258,0.03225806451612903,0.04032258064516129,-0.008064516129032258,0.09274193548387097,0.06048387096774194,0.03225806451612903,0.016129032258064516,248
FD004,2024,core,rast,30.0,5.0,test engine endpoint,post-result exploratory static maintenance-triage sensitivity,0.22983870967741934,0.25,-0.020161290322580655,0.012096774193548387,0.004032258064516129,0.008064516129032258,0.028225806451612902,0.04032258064516129,-0.012096774193548387,0.08870967741935484,0.06048387096774194,0.028225806451612906,0.020161290322580645,248
FD004,2024,asym,core,30.0,5.0,test engine endpoint,post-result exploratory static maintenance-triage sensitivity,0.23387096774193547,0.22983870967741934,0.0040322580645161255,0.012096774193548387,0.012096774193548387,0.0,0.03225806451612903,0.028225806451612902,0.004032258064516129,0.09274193548387097,0.08870967741935484,0.0040322580645161255,0.004032258064516129,248
FD004,2024,asym,rast,30.0,10.0,test engine endpoint,post-result exploratory static maintenance-triage sensitivity,0.23387096774193547,0.25,-0.01612903225806453,0.012096774193548387,0.004032258064516129,0.008064516129032258,0.03225806451612903,0.04032258064516129,-0.008064516129032258,0.1532258064516129,0.08064516129032258,0.07258064516129033,0.016129032258064516,248
FD004,2024,core,rast,30.0,10.0,test engine endpoint,post-result exploratory static maintenance-triage sensitivity,0.22983870967741934,0.25,-0.020161290322580655,0.012096774193548387,0.004032258064516129,0.008064516129032258,0.028225806451612902,0.04032258064516129,-0.012096774193548387,0.14919354838709678,0.08064516129032258,0.0685483870967742,0.020161290322580645,248
FD004,2024,asym,core,30.0,10.0,test engine endpoint,post-result exploratory static maintenance-triage sensitivity,0.23387096774193547,0.22983870967741934,0.0040322580645161255,0.012096774193548387,0.012096774193548387,0.0,0.03225806451612903,0.028225806451612902,0.004032258064516129,0.1532258064516129,0.14919354838709678,0.0040322580645161255,0.004032258064516129,248
FD004,2025,asym,rast,10.0,2.0,test engine endpoint,post-result exploratory static maintenance-triage sensitivity,0.08870967741935484,0.0967741935483871,-0.008064516129032251,0.0,0.004032258064516129,-0.004032258064516129,0.03225806451612903,0.04435483870967742,-0.01209677419354839,0.03225806451612903,0.05241935483870968,-0.020161290322580648,0.03225806451612903,248
FD004,2025,core,rast,10.0,2.0,test engine endpoint,post-result exploratory static maintenance-triage sensitivity,0.10483870967741936,0.0967741935483871,0.008064516129032265,0.0,0.004032258064516129,-0.004032258064516129,0.04838709677419355,0.04435483870967742,0.0040322580645161255,0.04838709677419355,0.05241935483870968,-0.004032258064516132,0.03225806451612903,248
FD004,2025,asym,core,10.0,2.0,test engine endpoint,post-result exploratory static maintenance-triage sensitivity,0.08870967741935484,0.10483870967741936,-0.016129032258064516,0.0,0.0,0.0,0.03225806451612903,0.04838709677419355,-0.016129032258064516,0.03225806451612903,0.04838709677419355,-0.016129032258064516,0.024193548387096774,248
FD004,2025,asym,rast,10.0,5.0,test engine endpoint,post-result exploratory static maintenance-triage sensitivity,0.08870967741935484,0.0967741935483871,-0.008064516129032251,0.0,0.004032258064516129,-0.004032258064516129,0.03225806451612903,0.04435483870967742,-0.01209677419354839,0.03225806451612903,0.06451612903225806,-0.03225806451612903,0.03225806451612903,248
FD004,2025,core,rast,10.0,5.0,test engine endpoint,post-result exploratory static maintenance-triage sensitivity,0.10483870967741936,0.0967741935483871,0.008064516129032265,0.0,0.004032258064516129,-0.004032258064516129,0.04838709677419355,0.04435483870967742,0.0040322580645161255,0.04838709677419355,0.06451612903225806,-0.016129032258064516,0.03225806451612903,248
FD004,2025,asym,core,10.0,5.0,test engine endpoint,post-result exploratory static maintenance-triage sensitivity,0.08870967741935484,0.10483870967741936,-0.016129032258064516,0.0,0.0,0.0,0.03225806451612903,0.04838709677419355,-0.016129032258064516,0.03225806451612903,0.04838709677419355,-0.016129032258064516,0.024193548387096774,248
FD004,2025,asym,rast,10.0,10.0,test engine endpoint,post-result exploratory static maintenance-triage sensitivity,0.08870967741935484,0.0967741935483871,-0.008064516129032251,0.0,0.004032258064516129,-0.004032258064516129,0.03225806451612903,0.04435483870967742,-0.01209677419354839,0.03225806451612903,0.0846774193548387,-0.05241935483870967,0.03225806451612903,248
FD004,2025,core,rast,10.0,10.0,test engine endpoint,post-result exploratory static maintenance-triage sensitivity,0.10483870967741936,0.0967741935483871,0.008064516129032265,0.0,0.004032258064516129,-0.004032258064516129,0.04838709677419355,0.04435483870967742,0.0040322580645161255,0.04838709677419355,0.0846774193548387,-0.03629032258064516,0.03225806451612903,248
FD004,2025,asym,core,10.0,10.0,test engine endpoint,post-result exploratory static maintenance-triage sensitivity,0.08870967741935484,0.10483870967741936,-0.016129032258064516,0.0,0.0,0.0,0.03225806451612903,0.04838709677419355,-0.016129032258064516,0.03225806451612903,0.04838709677419355,-0.016129032258064516,0.024193548387096774,248
FD004,2025,asym,rast,20.0,2.0,test engine endpoint,post-result exploratory static maintenance-triage sensitivity,0.18548387096774194,0.18548387096774194,0.0,0.004032258064516129,0.004032258064516129,0.0,0.028225806451612902,0.028225806451612902,0.0,0.036290322580645164,0.036290322580645164,0.0,0.03225806451612903,248
FD004,2025,core,rast,20.0,2.0,test engine endpoint,post-result exploratory static maintenance-triage sensitivity,0.18951612903225806,0.18548387096774194,0.0040322580645161255,0.0,0.004032258064516129,-0.004032258064516129,0.028225806451612902,0.028225806451612902,0.0,0.028225806451612902,0.036290322580645164,-0.008064516129032261,0.020161290322580645,248
FD004,2025,asym,core,20.0,2.0,test engine endpoint,post-result exploratory static maintenance-triage sensitivity,0.18548387096774194,0.18951612903225806,-0.0040322580645161255,0.004032258064516129,0.0,0.004032258064516129,0.028225806451612902,0.028225806451612902,0.0,0.036290322580645164,0.028225806451612902,0.008064516129032261,0.020161290322580645,248
FD004,2025,asym,rast,20.0,5.0,test engine endpoint,post-result exploratory static maintenance-triage sensitivity,0.18548387096774194,0.18548387096774194,0.0,0.004032258064516129,0.004032258064516129,0.0,0.028225806451612902,0.028225806451612902,0.0,0.04838709677419355,0.04838709677419355,0.0,0.03225806451612903,248
FD004,2025,core,rast,20.0,5.0,test engine endpoint,post-result exploratory static maintenance-triage sensitivity,0.18951612903225806,0.18548387096774194,0.0040322580645161255,0.0,0.004032258064516129,-0.004032258064516129,0.028225806451612902,0.028225806451612902,0.0,0.028225806451612902,0.04838709677419355,-0.020161290322580645,0.020161290322580645,248
FD004,2025,asym,core,20.0,5.0,test engine endpoint,post-result exploratory static maintenance-triage sensitivity,0.18548387096774194,0.18951612903225806,-0.0040322580645161255,0.004032258064516129,0.0,0.004032258064516129,0.028225806451612902,0.028225806451612902,0.0,0.04838709677419355,0.028225806451612902,0.020161290322580645,0.020161290322580645,248
FD004,2025,asym,rast,20.0,10.0,test engine endpoint,post-result exploratory static maintenance-triage sensitivity,0.18548387096774194,0.18548387096774194,0.0,0.004032258064516129,0.004032258064516129,0.0,0.028225806451612902,0.028225806451612902,0.0,0.06854838709677419,0.06854838709677419,0.0,0.03225806451612903,248
FD004,2025,core,rast,20.0,10.0,test engine endpoint,post-result exploratory static maintenance-triage sensitivity,0.18951612903225806,0.18548387096774194,0.0040322580645161255,0.0,0.004032258064516129,-0.004032258064516129,0.028225806451612902,0.028225806451612902,0.0,0.028225806451612902,0.06854838709677419,-0.04032258064516128,0.020161290322580645,248
FD004,2025,asym,core,20.0,10.0,test engine endpoint,post-result exploratory static maintenance-triage sensitivity,0.18548387096774194,0.18951612903225806,-0.0040322580645161255,0.004032258064516129,0.0,0.004032258064516129,0.028225806451612902,0.028225806451612902,0.0,0.06854838709677419,0.028225806451612902,0.04032258064516128,0.020161290322580645,248
FD004,2025,asym,rast,30.0,2.0,test engine endpoint,post-result exploratory static maintenance-triage sensitivity,0.25806451612903225,0.25,0.008064516129032251,0.004032258064516129,0.008064516129032258,-0.004032258064516129,0.04838709677419355,0.04435483870967742,0.0040322580645161255,0.056451612903225805,0.06048387096774194,-0.004032258064516132,0.016129032258064516,248
FD004,2025,core,rast,30.0,2.0,test engine endpoint,post-result exploratory static maintenance-triage sensitivity,0.24596774193548387,0.25,-0.0040322580645161255,0.004032258064516129,0.008064516129032258,-0.004032258064516129,0.036290322580645164,0.04435483870967742,-0.008064516129032258,0.04435483870967742,0.06048387096774194,-0.016129032258064516,0.028225806451612902,248
FD004,2025,asym,core,30.0,2.0,test engine endpoint,post-result exploratory static maintenance-triage sensitivity,0.25806451612903225,0.24596774193548387,0.012096774193548376,0.004032258064516129,0.004032258064516129,0.0,0.04838709677419355,0.036290322580645164,0.012096774193548383,0.056451612903225805,0.04435483870967742,0.012096774193548383,0.028225806451612902,248
FD004,2025,asym,rast,30.0,5.0,test engine endpoint,post-result exploratory static maintenance-triage sensitivity,0.25806451612903225,0.25,0.008064516129032251,0.004032258064516129,0.008064516129032258,-0.004032258064516129,0.04838709677419355,0.04435483870967742,0.0040322580645161255,0.06854838709677419,0.0846774193548387,-0.016129032258064516,0.016129032258064516,248
FD004,2025,core,rast,30.0,5.0,test engine endpoint,post-result exploratory static maintenance-triage sensitivity,0.24596774193548387,0.25,-0.0040322580645161255,0.004032258064516129,0.008064516129032258,-0.004032258064516129,0.036290322580645164,0.04435483870967742,-0.008064516129032258,0.056451612903225805,0.0846774193548387,-0.0282258064516129,0.028225806451612902,248
FD004,2025,asym,core,30.0,5.0,test engine endpoint,post-result exploratory static maintenance-triage sensitivity,0.25806451612903225,0.24596774193548387,0.012096774193548376,0.004032258064516129,0.004032258064516129,0.0,0.04838709677419355,0.036290322580645164,0.012096774193548383,0.06854838709677419,0.056451612903225805,0.012096774193548383,0.028225806451612902,248
FD004,2025,asym,rast,30.0,10.0,test engine endpoint,post-result exploratory static maintenance-triage sensitivity,0.25806451612903225,0.25,0.008064516129032251,0.004032258064516129,0.008064516129032258,-0.004032258064516129,0.04838709677419355,0.04435483870967742,0.0040322580645161255,0.08870967741935484,0.125,-0.03629032258064516,0.016129032258064516,248
FD004,2025,core,rast,30.0,10.0,test engine endpoint,post-result exploratory static maintenance-triage sensitivity,0.24596774193548387,0.25,-0.0040322580645161255,0.004032258064516129,0.008064516129032258,-0.004032258064516129,0.036290322580645164,0.04435483870967742,-0.008064516129032258,0.07661290322580645,0.125,-0.04838709677419355,0.028225806451612902,248
FD004,2025,asym,core,30.0,10.0,test engine endpoint,post-result exploratory static maintenance-triage sensitivity,0.25806451612903225,0.24596774193548387,0.012096774193548376,0.004032258064516129,0.004032258064516129,0.0,0.04838709677419355,0.036290322580645164,0.012096774193548383,0.08870967741935484,0.07661290322580645,0.01209677419354839,0.028225806451612902,248
FD004,2026,asym,rast,10.0,2.0,test engine endpoint,post-result exploratory static maintenance-triage sensitivity,0.13709677419354838,0.06854838709677419,0.06854838709677419,0.0,0.008064516129032258,-0.008064516129032258,0.08064516129032258,0.020161290322580645,0.06048387096774194,0.08064516129032258,0.036290322580645164,0.044354838709677415,0.06854838709677419,248
FD004,2026,core,rast,10.0,2.0,test engine endpoint,post-result exploratory static maintenance-triage sensitivity,0.12096774193548387,0.06854838709677419,0.052419354838709686,0.0,0.008064516129032258,-0.008064516129032258,0.06451612903225806,0.020161290322580645,0.04435483870967742,0.06451612903225806,0.036290322580645164,0.0282258064516129,0.05241935483870968,248
FD004,2026,asym,core,10.0,2.0,test engine endpoint,post-result exploratory static maintenance-triage sensitivity,0.13709677419354838,0.12096774193548387,0.016129032258064502,0.0,0.0,0.0,0.08064516129032258,0.06451612903225806,0.016129032258064516,0.08064516129032258,0.06451612903225806,0.016129032258064516,0.016129032258064516,248
FD004,2026,asym,rast,10.0,5.0,test engine endpoint,post-result exploratory static maintenance-triage sensitivity,0.13709677419354838,0.06854838709677419,0.06854838709677419,0.0,0.008064516129032258,-0.008064516129032258,0.08064516129032258,0.020161290322580645,0.06048387096774194,0.08064516129032258,0.06048387096774194,0.02016129032258064,0.06854838709677419,248
FD004,2026,core,rast,10.0,5.0,test engine endpoint,post-result exploratory static maintenance-triage sensitivity,0.12096774193548387,0.06854838709677419,0.052419354838709686,0.0,0.008064516129032258,-0.008064516129032258,0.06451612903225806,0.020161290322580645,0.04435483870967742,0.06451612903225806,0.06048387096774194,0.0040322580645161255,0.05241935483870968,248
FD004,2026,asym,core,10.0,5.0,test engine endpoint,post-result exploratory static maintenance-triage sensitivity,0.13709677419354838,0.12096774193548387,0.016129032258064502,0.0,0.0,0.0,0.08064516129032258,0.06451612903225806,0.016129032258064516,0.08064516129032258,0.06451612903225806,0.016129032258064516,0.016129032258064516,248
FD004,2026,asym,rast,10.0,10.0,test engine endpoint,post-result exploratory static maintenance-triage sensitivity,0.13709677419354838,0.06854838709677419,0.06854838709677419,0.0,0.008064516129032258,-0.008064516129032258,0.08064516129032258,0.020161290322580645,0.06048387096774194,0.08064516129032258,0.10080645161290322,-0.02016129032258064,0.06854838709677419,248
FD004,2026,core,rast,10.0,10.0,test engine endpoint,post-result exploratory static maintenance-triage sensitivity,0.12096774193548387,0.06854838709677419,0.052419354838709686,0.0,0.008064516129032258,-0.008064516129032258,0.06451612903225806,0.020161290322580645,0.04435483870967742,0.06451612903225806,0.10080645161290322,-0.03629032258064516,0.05241935483870968,248
FD004,2026,asym,core,10.0,10.0,test engine endpoint,post-result exploratory static maintenance-triage sensitivity,0.13709677419354838,0.12096774193548387,0.016129032258064502,0.0,0.0,0.0,0.08064516129032258,0.06451612903225806,0.016129032258064516,0.08064516129032258,0.06451612903225806,0.016129032258064516,0.016129032258064516,248
FD004,2026,asym,rast,20.0,2.0,test engine endpoint,post-result exploratory static maintenance-triage sensitivity,0.1975806451612903,0.18548387096774194,0.012096774193548376,0.0,0.004032258064516129,-0.004032258064516129,0.036290322580645164,0.028225806451612902,0.008064516129032261,0.036290322580645164,0.036290322580645164,0.0,0.012096774193548387,248
FD004,2026,core,rast,20.0,2.0,test engine endpoint,post-result exploratory static maintenance-triage sensitivity,0.20161290322580644,0.18548387096774194,0.016129032258064502,0.0,0.004032258064516129,-0.004032258064516129,0.04032258064516129,0.028225806451612902,0.012096774193548387,0.04032258064516129,0.036290322580645164,0.0040322580645161255,0.016129032258064516,248
FD004,2026,asym,core,20.0,2.0,test engine endpoint,post-result exploratory static maintenance-triage sensitivity,0.1975806451612903,0.20161290322580644,-0.0040322580645161255,0.0,0.0,0.0,0.036290322580645164,0.04032258064516129,-0.0040322580645161255,0.036290322580645164,0.04032258064516129,-0.0040322580645161255,0.004032258064516129,248
FD004,2026,asym,rast,20.0,5.0,test engine endpoint,post-result exploratory static maintenance-triage sensitivity,0.1975806451612903,0.18548387096774194,0.012096774193548376,0.0,0.004032258064516129,-0.004032258064516129,0.036290322580645164,0.028225806451612902,0.008064516129032261,0.036290322580645164,0.04838709677419355,-0.012096774193548383,0.012096774193548387,248
FD004,2026,core,rast,20.0,5.0,test engine endpoint,post-result exploratory static maintenance-triage sensitivity,0.20161290322580644,0.18548387096774194,0.016129032258064502,0.0,0.004032258064516129,-0.004032258064516129,0.04032258064516129,0.028225806451612902,0.012096774193548387,0.04032258064516129,0.04838709677419355,-0.008064516129032258,0.016129032258064516,248
FD004,2026,asym,core,20.0,5.0,test engine endpoint,post-result exploratory static maintenance-triage sensitivity,0.1975806451612903,0.20161290322580644,-0.0040322580645161255,0.0,0.0,0.0,0.036290322580645164,0.04032258064516129,-0.0040322580645161255,0.036290322580645164,0.04032258064516129,-0.0040322580645161255,0.004032258064516129,248
FD004,2026,asym,rast,20.0,10.0,test engine endpoint,post-result exploratory static maintenance-triage sensitivity,0.1975806451612903,0.18548387096774194,0.012096774193548376,0.0,0.004032258064516129,-0.004032258064516129,0.036290322580645164,0.028225806451612902,0.008064516129032261,0.036290322580645164,0.06854838709677419,-0.032258064516129024,0.012096774193548387,248
FD004,2026,core,rast,20.0,10.0,test engine endpoint,post-result exploratory static maintenance-triage sensitivity,0.20161290322580644,0.18548387096774194,0.016129032258064502,0.0,0.004032258064516129,-0.004032258064516129,0.04032258064516129,0.028225806451612902,0.012096774193548387,0.04032258064516129,0.06854838709677419,-0.0282258064516129,0.016129032258064516,248
FD004,2026,asym,core,20.0,10.0,test engine endpoint,post-result exploratory static maintenance-triage sensitivity,0.1975806451612903,0.20161290322580644,-0.0040322580645161255,0.0,0.0,0.0,0.036290322580645164,0.04032258064516129,-0.0040322580645161255,0.036290322580645164,0.04032258064516129,-0.0040322580645161255,0.004032258064516129,248
FD004,2026,asym,rast,30.0,2.0,test engine endpoint,post-result exploratory static maintenance-triage sensitivity,0.2540322580645161,0.21774193548387097,0.03629032258064516,0.008064516129032258,0.020161290322580645,-0.012096774193548387,0.04838709677419355,0.024193548387096774,0.024193548387096774,0.06451612903225806,0.06451612903225806,0.0,0.036290322580645164,248
FD004,2026,core,rast,30.0,2.0,test engine endpoint,post-result exploratory static maintenance-triage sensitivity,0.25806451612903225,0.21774193548387097,0.04032258064516128,0.0,0.020161290322580645,-0.020161290322580645,0.04435483870967742,0.024193548387096774,0.020161290322580648,0.04435483870967742,0.06451612903225806,-0.02016129032258064,0.04032258064516129,248
FD004,2026,asym,core,30.0,2.0,test engine endpoint,post-result exploratory static maintenance-triage sensitivity,0.2540322580645161,0.25806451612903225,-0.0040322580645161255,0.008064516129032258,0.0,0.008064516129032258,0.04838709677419355,0.04435483870967742,0.0040322580645161255,0.06451612903225806,0.04435483870967742,0.02016129032258064,0.028225806451612902,248
FD004,2026,asym,rast,30.0,5.0,test engine endpoint,post-result exploratory static maintenance-triage sensitivity,0.2540322580645161,0.21774193548387097,0.03629032258064516,0.008064516129032258,0.020161290322580645,-0.012096774193548387,0.04838709677419355,0.024193548387096774,0.024193548387096774,0.08870967741935484,0.125,-0.03629032258064516,0.036290322580645164,248
FD004,2026,core,rast,30.0,5.0,test engine endpoint,post-result exploratory static maintenance-triage sensitivity,0.25806451612903225,0.21774193548387097,0.04032258064516128,0.0,0.020161290322580645,-0.020161290322580645,0.04435483870967742,0.024193548387096774,0.020161290322580648,0.04435483870967742,0.125,-0.08064516129032258,0.04032258064516129,248
FD004,2026,asym,core,30.0,5.0,test engine endpoint,post-result exploratory static maintenance-triage sensitivity,0.2540322580645161,0.25806451612903225,-0.0040322580645161255,0.008064516129032258,0.0,0.008064516129032258,0.04838709677419355,0.04435483870967742,0.0040322580645161255,0.08870967741935484,0.04435483870967742,0.04435483870967742,0.028225806451612902,248
FD004,2026,asym,rast,30.0,10.0,test engine endpoint,post-result exploratory static maintenance-triage sensitivity,0.2540322580645161,0.21774193548387097,0.03629032258064516,0.008064516129032258,0.020161290322580645,-0.012096774193548387,0.04838709677419355,0.024193548387096774,0.024193548387096774,0.12903225806451613,0.22580645161290322,-0.0967741935483871,0.036290322580645164,248
FD004,2026,core,rast,30.0,10.0,test engine endpoint,post-result exploratory static maintenance-triage sensitivity,0.25806451612903225,0.21774193548387097,0.04032258064516128,0.0,0.020161290322580645,-0.020161290322580645,0.04435483870967742,0.024193548387096774,0.020161290322580648,0.04435483870967742,0.22580645161290322,-0.1814516129032258,0.04032258064516129,248
FD004,2026,asym,core,30.0,10.0,test engine endpoint,post-result exploratory static maintenance-triage sensitivity,0.2540322580645161,0.25806451612903225,-0.0040322580645161255,0.008064516129032258,0.0,0.008064516129032258,0.04838709677419355,0.04435483870967742,0.0040322580645161255,0.12903225806451613,0.04435483870967742,0.0846774193548387,0.028225806451612902,248
